source,native,name,p_value,significant,intersection_size,term_size,query_size,effective_domain_size,precision,recall,intersections
GO:BP,GO:0071479,cellular response to ionizing radiation,1.1251507180209587e-21,true,10,70,11,20972,0.9090909090909091,0.14285714285714285,"IDA,IMP,IEA;IDA;IDA;;IEA;IMP;IMP;IDA,IMP,IEA;IMP,IEA;IMP;IDA"
GO:BP,GO:0042770,signal transduction in response to DNA damage,1.6589416220018213e-20,true,11,192,11,20972,1,0.057291666666666664,"IDA,IMP,IEA;IDA,IMP,IBA,IEA;IDA,IMP,IBA;IDA,IMP,IBA,IEA;IDA,IMP,IBA,TAS,IEA;IMP,IBA,NAS;NAS;NAS;IDA,IMP;IMP;IDA,IMP"
GO:BP,GO:0010212,response to ionizing radiation,3.7126397122310702e-19,true,10,135,11,20972,0.9090909090909091,0.07407407407407407,"IDA,IMP,IEA;IDA,IEA;IDA;;IEA;IMP;IMP,IEA;IDA,IMP,IEA;IMP,IEA;IMP;IDA"
GO:BP,GO:0104004,cellular response to environmental stimulus,3.0205969370071543e-18,true,11,333,11,20972,1,0.03303303303303303,"IDA,IMP,IEA;IDA;IDA,IMP;IEP;IEA;IMP;IMP;IDA,IMP,IEA;IMP,ISS,IEA;IMP,IEP;IDA"
GO:BP,GO:0071478,cellular response to radiation,3.0205969370071543e-18,true,10,177,11,20972,0.9090909090909091,0.05649717514124294,"IDA,IMP,IEA;IDA;IDA,IMP;;IEA;IMP;IMP;IDA,IMP,IEA;IMP,ISS,IEA;IMP;IDA"
GO:BP,GO:0071214,cellular response to abiotic stimulus,3.0205969370071543e-18,true,11,333,11,20972,1,0.03303303303303303,"IDA,IMP,IEA;IDA;IDA,IMP;IEP;IEA;IMP;IMP;IDA,IMP,IEA;IMP,ISS,IEA;IMP,IEP;IDA"
GO:BP,GO:0010332,response to gamma radiation,1.588938913964917e-17,true,8,50,11,20972,0.7272727272727273,0.16,"IDA,IMP,IEA;IDA;IDA;;IEA;;IEA;IEA;IEA;;IDA"
GO:BP,GO:0000077,DNA damage checkpoint signaling,2.5961663648522267e-17,true,9,115,11,20972,0.8181818181818182,0.0782608695652174,"IMP,IEA;IDA,IMP,IBA,IEA;IDA,IBA;IDA,IMP,IBA,IEA;IMP,IBA,TAS,IEA;IMP,IBA,NAS;NAS;NAS;IDA,IMP;;"
GO:BP,GO:0031570,DNA integrity checkpoint signaling,4.652860133303461e-17,true,9,124,11,20972,0.8181818181818182,0.07258064516129033,"IMP,IEA;IDA,IMP,IBA,IEA;IDA,IBA;IDA,IMP,IBA,IEA;IMP,IBA,TAS,IEA;IMP,IBA,NAS;NAS;NAS;IDA,IMP;;"
GO:BP,GO:0071480,cellular response to gamma radiation,7.158170082376059e-17,true,7,26,11,20972,0.6363636363636364,0.2692307692307692,"IDA,IEA;IDA;IDA;;IEA;;;IEA;IEA;;IDA"
GO:BP,GO:0000075,cell cycle checkpoint signaling,1.6097792317436696e-15,true,9,186,11,20972,0.8181818181818182,0.04838709677419355,"IMP,IEA;IDA,IMP,IBA,IEA;IDA,IBA;IDA,IMP,IBA,IEA;IMP,IBA,TAS,IEA;IMP,IBA,NAS,IEA;NAS;NAS;IDA,IMP;;"
GO:BP,GO:0090399,replicative senescence,3.048503629902262e-15,true,6,16,11,20972,0.5454545454545454,0.375,IMP;IMP;IMP;NAS;NAS;;;;IEA;;
GO:BP,GO:1901987,regulation of cell cycle phase transition,1.1200188130720134e-14,true,10,432,11,20972,0.9090909090909091,0.023148148148148147,"IMP,IEA;IDA,IMP,IBA,IEA;IDA,IBA;IDA,IMP,IBA,IEA;IMP,IBA,TAS,IEA;IMP,IBA,NAS,IEA;NAS;NAS;IDA,IMP,IGI,IBA;;IEA"
GO:BP,GO:0009314,response to radiation,1.1200188130720134e-14,true,10,432,11,20972,0.9090909090909091,0.023148148148148147,"IDA,IMP,ISS,IEA;IDA,IEA;IDA,IMP;;IEA;IMP;IMP,IEA;IDA,IMP,IEA;IMP,ISS,IEA;IMP;IDA"
GO:BP,GO:1901988,negative regulation of cell cycle phase transition,1.7050061756191306e-14,true,9,249,11,20972,0.8181818181818182,0.03614457831325301,"IMP,IEA;IDA,IMP,IBA,IEA;IDA,IBA;IDA,IMP,IBA,IEA;IMP,IBA,TAS,IEA;IMP,IBA,NAS,IEA;NAS;NAS;IDA,IMP,IGI;;"
GO:BP,GO:0010948,negative regulation of cell cycle process,6.412220918735105e-14,true,9,290,11,20972,0.8181818181818182,0.03103448275862069,"IDA,IMP,IEA;IDA,IMP,IBA,IEA;IDA,IBA;IDA,IMP,IBA,TAS,IEA;IMP,IBA,TAS,IEA;IMP,IBA,NAS,IEA;NAS;NAS;IDA,IMP,IGI;;"
GO:BP,GO:0044770,cell cycle phase transition,7.803252110234442e-14,true,10,534,11,20972,0.9090909090909091,0.018726591760299626,"IMP,IEA;IDA,IMP,IBA,IEA;IDA,IBA;IDA,IMP,IBA,IEA;IMP,IBA,TAS,IEA;IMP,IBA,NAS,IEA;NAS;NAS;IDA,IMP,IGI,IBA,TAS;;IEA"
GO:BP,GO:0006974,DNA damage response,7.913668790524067e-14,true,11,929,11,20972,1,0.011840688912809472,"IDA,IMP,IEA;IDA,IMP,IBA,TAS,IEA;IDA,IMP,IBA,TAS,NAS,IEA;IDA,IMP,ISS,IBA,IEA;IDA,IMP,IBA,TAS,IEA;IDA,IMP,IBA,TAS,NAS,IEA;IDA,IMP,IBA,NAS,IEA;IDA,IMP,IBA,TAS,NAS,IEA;IDA,IMP,IBA,IEA;IMP,TAS,IEA;IDA,IMP"
GO:BP,GO:0072331,signal transduction by p53 class mediator,2.8635628862701413e-13,true,8,183,11,20972,0.7272727272727273,0.04371584699453552,"IDA,IMP,IEA;IMP,TAS;IMP;TAS;TAS,IEA;;IEA;;IEA;;IDA,IMP,TAS"
GO:BP,GO:0051726,regulation of cell cycle,4.084598097673197e-13,true,11,1088,11,20972,1,0.01011029411764706,"IDA,IMP,IGI,ISS,IEA;IDA,IMP,IBA,IEA;IDA,IBA;IDA,IMP,IBA,TAS,IEA;IMP,IBA,TAS,IEA;IDA,IMP,IBA,NAS,IEA;NAS,IEA;NAS;IDA,IMP,IGI,ISS,IBA,IEA;IBA,TAS,IEA;IDA,IMP,IBA,IEA"
GO:BP,GO:0009628,response to abiotic stimulus,4.700185670906787e-13,true,11,1108,11,20972,1,0.009927797833935019,"IDA,IMP,IEP,ISS,IEA;IDA,TAS,IEA;IDA,IMP,TAS;IEP;IEA;IMP;IMP,IEA;IDA,IMP,IEA;IMP,ISS,IEA;IMP,IEP;IDA,IEP"
GO:BP,GO:0045786,negative regulation of cell cycle,4.700185670906787e-13,true,9,374,11,20972,0.8181818181818182,0.02406417112299465,"IDA,IMP,IEA;IDA,IMP,IBA,IEA;IDA,IBA;IDA,IMP,IBA,TAS,IEA;IMP,IBA,TAS,IEA;IMP,IBA,NAS,IEA;NAS;NAS;IDA,IMP,IGI;;"
GO:BP,GO:0010564,regulation of cell cycle process,1.2971703694932985e-12,true,10,728,11,20972,0.9090909090909091,0.013736263736263736,"IDA,IMP,IEA;IDA,IMP,IBA,IEA;IDA,IBA;IDA,IMP,IBA,TAS,IEA;IMP,IBA,TAS,IEA;IMP,IBA,NAS,IEA;NAS,IEA;NAS;IDA,IMP,IGI,IBA;;IEA"
GO:BP,GO:1903047,mitotic cell cycle process,1.6096262671531728e-12,true,10,747,11,20972,0.9090909090909091,0.013386880856760375,"IMP,IEA;IMP;IDA;IDA,IMP,IBA,IEA;IMP,IBA;IMP,IBA,NAS,IEA;IMP;IEA;IDA,IMP,IGI,IBA,TAS;;IEA"
GO:BP,GO:0022402,cell cycle process,2.1442064535429783e-12,true,11,1290,11,20972,1,0.008527131782945736,"IDA,IMP,IEA;IDA,IMP,IBA,TAS,IEA;IDA,IMP,IBA;IDA,IMP,IBA,TAS,NAS,IEA;IMP,IBA,TAS,NAS,IEA;IMP,IBA,NAS,IEA;IMP,NAS,IEA;IBA,TAS,NAS,IEA;IDA,IMP,IGI,IBA,TAS,IEA;IEA;IEA"
GO:BP,GO:0007346,regulation of mitotic cell cycle,4.498806384711376e-12,true,9,489,11,20972,0.8181818181818182,0.018404907975460124,"IMP,IEA;IMP;IDA;IDA,IMP,IBA;IMP,IBA;IMP,IBA,NAS,IEA;IEA;;IDA,IMP,IGI,IBA,IEA;;IMP,IBA,IEA"
GO:BP,GO:0007093,mitotic cell cycle checkpoint signaling,6.084662130972819e-12,true,7,137,11,20972,0.6363636363636364,0.051094890510948905,"IMP,IEA;IMP;IDA;IDA,IMP,IBA;IMP,IBA;IMP,IBA,NAS,IEA;;;IDA,IMP;;"
GO:BP,GO:0080135,regulation of cellular response to stress,7.93254139423939e-12,true,9,525,11,20972,0.8181818181818182,0.017142857142857144,"IEA;IMP,TAS,IEA;IMP,TAS,NAS,IEA;IDA;IEA;IMP,NAS;NAS;IDA,NAS;;;IDA"
GO:BP,GO:0000278,mitotic cell cycle,7.967238988601209e-12,true,10,893,11,20972,0.9090909090909091,0.011198208286674132,"IMP,IEA;IMP;IDA;IDA,IMP,IBA,IEA;IMP,IBA;IMP,IBA,NAS,IEA;IMP,IEA;IEA;IDA,IMP,IGI,IBA,TAS,IEA;;IMP,IBA,IEA"
GO:BP,GO:0044839,cell cycle G2/M phase transition,1.3812712765709219e-11,true,7,156,11,20972,0.6363636363636364,0.04487179487179487,"IMP;IMP;IDA;IDA,IMP,IBA,IEA;IMP;IMP,IBA,NAS,IEA;;;IMP;;"
GO:BP,GO:0006302,double-strand break repair,1.694705127896206e-11,true,8,322,11,20972,0.7272727272727273,0.024844720496894408,"IEA;IDA,IMP,IBA,TAS,IEA;IDA,NAS;IDA;IMP,TAS;IDA,IMP,IBA,TAS,IEA;IDA,IMP,IBA,IEA;IDA,IMP,IBA,TAS,IEA;;;"
GO:BP,GO:0044773,mitotic DNA damage checkpoint signaling,2.021643782208058e-11,true,6,71,11,20972,0.5454545454545454,0.08450704225352113,"IMP,IEA;IMP;;IMP,IBA;IMP,IBA;IMP,IBA;;;IDA,IMP;;"
GO:BP,GO:0006259,DNA metabolic process,2.129313278196218e-11,true,10,998,11,20972,0.9090909090909091,0.01002004008016032,"IDA,IMP,IEA;IDA,IMP,IGI,ISS,IBA,TAS,IEA;IDA,IMP,ISS,IBA,TAS,NAS,IEA;IDA,IMP,TAS,IEA;IMP,TAS,IEA;IDA,IMP,IBA,TAS,NAS,IEA;IDA,IMP,IBA,IEA;IDA,IMP,ISS,IBA,TAS,IEA;IMP,TAS,IEA;TAS;"
GO:BP,GO:0007049,cell cycle,2.612310096721122e-11,true,11,1668,11,20972,1,0.006594724220623501,"IDA,IMP,IGI,ISS,IEA;IDA,IMP,IBA,TAS,IEA;IDA,IMP,IBA;IDA,IMP,IBA,TAS,NAS,IEA;IMP,IBA,TAS,NAS,IEA;IDA,IMP,IBA,NAS,IEA;IMP,NAS,IEA;ISS,IBA,TAS,NAS,IEA;IDA,IMP,IGI,ISS,IBA,TAS,IEA;IBA,TAS,IEA;IDA,IMP,IBA,IEA"
GO:BP,GO:0044774,mitotic DNA integrity checkpoint signaling,2.612310096721122e-11,true,6,75,11,20972,0.5454545454545454,0.08,"IMP,IEA;IMP;;IMP,IBA;IMP,IBA;IMP,IBA;;;IDA,IMP;;"
GO:BP,GO:0006281,DNA repair,2.8440179343264584e-11,true,9,622,11,20972,0.8181818181818182,0.014469453376205787,"IMP,IEA;IDA,IMP,IBA,TAS,IEA;IDA,IBA,TAS,NAS,IEA;IDA,IMP,IEA;IMP,TAS,IEA;IDA,IMP,IBA,TAS,NAS,IEA;IDA,IMP,IBA,IEA;IDA,IMP,IBA,TAS,IEA;;TAS;"
REAC,REAC:R-HSA-5693532,DNA Double-Strand Break Repair,4.9023835707218485e-11,true,8,170,11,11056,0.7272727272727273,0.047058823529411764,REAC;REAC;REAC;REAC;REAC;REAC;REAC;REAC;;;
REAC,REAC:R-HSA-5693616,Presynaptic phase of homologous DNA pairing and strand exchange,4.9023835707218485e-11,true,6,40,11,11056,0.5454545454545454,0.15,;REAC;REAC;REAC;;REAC;REAC;REAC;;;
REAC,REAC:R-HSA-6804756,Regulation of TP53 Activity through Phosphorylation,4.9023835707218485e-11,true,7,92,11,11056,0.6363636363636364,0.07608695652173914,REAC;REAC;REAC;REAC;REAC;REAC;;;;;REAC
REAC,REAC:R-HSA-5693579,Homologous DNA Pairing and Strand Exchange,5.726611557226973e-11,true,6,43,11,11056,0.5454545454545454,0.13953488372093023,;REAC;REAC;REAC;;REAC;REAC;REAC;;;
REAC,REAC:R-HSA-3700989,Transcriptional Regulation by TP53,7.318866027144557e-11,true,9,356,11,11056,0.8181818181818182,0.025280898876404494,REAC;REAC;REAC;REAC;REAC;REAC;;;REAC;REAC;REAC
GO:BP,GO:0033554,cellular response to stress,8.026913436866034e-11,true,11,1856,11,20972,1,0.005926724137931034,"IDA,IMP,IEP,ISS,IEA;IDA,IMP,IBA,TAS,IEA;IDA,IMP,IBA,TAS,NAS,IEA;IDA,IMP,ISS,IBA,IEA;IDA,IMP,IBA,TAS,IEA;IDA,IMP,IBA,TAS,NAS,IEA;IDA,IMP,IBA,NAS,IEA;IDA,IMP,IBA,TAS,NAS,IEA;IDA,IMP,IBA,TAS,IEA;IMP,TAS,IEA;IDA,IMP,IEP"
GO:BP,GO:0044772,mitotic cell cycle phase transition,1.3080233242393762e-10,true,8,426,11,20972,0.7272727272727273,0.018779342723004695,"IMP,IEA;IMP;IDA;IDA,IMP,IBA,IEA;IMP;IMP,IBA,NAS,IEA;;;IDA,IMP,IGI,IBA,TAS;;IEA"
GO:BP,GO:0045930,negative regulation of mitotic cell cycle,1.335657193585919e-10,true,7,223,11,20972,0.6363636363636364,0.03139013452914798,"IMP,IEA;IMP;IDA;IDA,IMP,IBA;IMP,IBA;IMP,IBA,NAS,IEA;;;IDA,IMP,IGI;;"
GO:BP,GO:0008630,intrinsic apoptotic signaling pathway in response to DNA damage,2.0258394465995764e-10,true,6,107,11,20972,0.5454545454545454,0.056074766355140186,"IDA,IMP,IEA;IBA,IEA;;;IDA,IMP,IEA;IDA;IEA;;IEA;;"
GO:BP,GO:1901796,regulation of signal transduction by p53 class mediator,2.61368687412865e-10,true,6,112,11,20972,0.5454545454545454,0.05357142857142857,"IEA;IMP,TAS;IMP;TAS;TAS;;;;;;IDA,IMP,TAS"
REAC,REAC:R-HSA-1640170,Cell Cycle,2.6348550063321756e-10,true,10,680,11,11056,0.9090909090909091,0.014705882352941176,REAC;REAC;REAC;REAC;REAC;REAC;REAC;REAC;REAC;;REAC
GO:BP,GO:1902749,regulation of cell cycle G2/M phase transition,3.332097413466705e-10,true,6,117,11,20972,0.5454545454545454,0.05128205128205128,"IMP;IMP;IDA;IDA,IMP,IBA;;IMP,IBA,NAS,IEA;;;IMP;;"
REAC,REAC:R-HSA-69615,G1/S DNA Damage Checkpoints,5.818149432964558e-10,true,6,68,11,11056,0.5454545454545454,0.08823529411764706,REAC;REAC;;REAC;REAC;;;;REAC;;REAC
REAC,REAC:R-HSA-5685942,HDR through Homologous Recombination (HRR),6.093700189071953e-10,true,6,70,11,11056,0.5454545454545454,0.08571428571428572,;REAC;REAC;REAC;;REAC;REAC;REAC;;;
REAC,REAC:R-HSA-69620,Cell Cycle Checkpoints,7.090105124775999e-10,true,8,289,11,11056,0.7272727272727273,0.02768166089965398,REAC;REAC;REAC;REAC;REAC;REAC;;;REAC;;REAC
REAC,REAC:R-HSA-5633007,Regulation of TP53 Activity,7.659079454845383e-10,true,7,160,11,11056,0.6363636363636364,0.04375,REAC;REAC;REAC;REAC;REAC;REAC;;;;;REAC
GO:BP,GO:0000086,G2/M transition of mitotic cell cycle,9.302191152598345e-10,true,6,139,11,20972,0.5454545454545454,0.04316546762589928,";IMP;IDA;IDA,IMP,IBA,IEA;IMP;IMP,IBA,NAS,IEA;;;IMP;;"
GO:BP,GO:0006260,DNA replication,9.551242837124554e-10,true,7,300,11,20972,0.6363636363636364,0.023333333333333334,"IEA;;IMP,ISS,TAS;TAS;;IDA,NAS;IMP,IEA;IDA,IMP,IEA;TAS;;"
GO:BP,GO:0044818,mitotic G2/M transition checkpoint,1.1111094155788203e-9,true,5,54,11,20972,0.45454545454545453,0.09259259259259259,";IMP;IDA;IDA,IMP,IBA;;IMP,IBA,NAS,IEA;;;IMP;;"
GO:BP,GO:0097193,intrinsic apoptotic signaling pathway,1.375055187878651e-9,true,7,318,11,20972,0.6363636363636364,0.0220125786163522,"IDA,IMP,ISS,TAS,IEA;IBA,IEA;;;IDA,IMP,IEA;IDA;IEA;;TAS,IEA;;IMP"
GO:BP,GO:1901990,regulation of mitotic cell cycle phase transition,1.6366801032451348e-9,true,7,327,11,20972,0.6363636363636364,0.021406727828746176,"IMP,IEA;IMP;IDA;IDA,IMP,IBA;;IMP,IBA,NAS,IEA;;;IDA,IMP,IGI,IBA;;IEA"
REAC,REAC:R-HSA-73894,DNA Repair,1.6398065737805686e-9,true,8,329,11,11056,0.7272727272727273,0.0243161094224924,REAC;REAC;REAC;REAC;REAC;REAC;REAC;REAC;;;
REAC,REAC:R-HSA-9709570,Impaired BRCA2 binding to RAD51,1.8736159439890538e-9,true,5,35,11,11056,0.45454545454545453,0.14285714285714285,;REAC;REAC;;;REAC;REAC;REAC;;;
REAC,REAC:R-HSA-69473,G2/M DNA damage checkpoint,2.3069966397856873e-9,true,6,94,11,11056,0.5454545454545454,0.06382978723404255,REAC;REAC;REAC;REAC;REAC;REAC;;;;;
GO:BP,GO:1901991,negative regulation of mitotic cell cycle phase transition,3.1434058248509676e-9,true,6,173,11,20972,0.5454545454545454,0.03468208092485549,"IMP,IEA;IMP;IDA;IDA,IMP,IBA;;IMP,IBA,NAS,IEA;;;IDA,IMP,IGI;;"
REAC,REAC:R-HSA-9675136,Diseases of DNA Double-Strand Break Repair,3.4507225476025728e-9,true,5,41,11,11056,0.45454545454545453,0.12195121951219512,;REAC;REAC;;;REAC;REAC;REAC;;;
REAC,REAC:R-HSA-9701190,Defective homologous recombination repair (HRR) due to BRCA2 loss of function,3.4507225476025728e-9,true,5,41,11,11056,0.45454545454545453,0.12195121951219512,;REAC;REAC;;;REAC;REAC;REAC;;;
GO:BP,GO:0010972,negative regulation of G2/M transition of mitotic cell cycle,3.6132129663443414e-9,true,5,69,11,20972,0.45454545454545453,0.07246376811594203,";IMP;IDA;IDA,IMP,IBA;;IMP,IBA,NAS,IEA;;;IMP;;"
GO:BP,GO:1902750,negative regulation of cell cycle G2/M phase transition,4.1002573832031725e-9,true,5,71,11,20972,0.45454545454545453,0.07042253521126761,";IMP;IDA;IDA,IMP,IBA;;IMP,IBA,NAS,IEA;;;IMP;;"
GO:BP,GO:2000001,regulation of DNA damage checkpoint,8.277318141741616e-9,true,4,23,11,20972,0.36363636363636365,0.17391304347826086,;;;;IEA;NAS;NAS;NAS;;;
REAC,REAC:R-HSA-9675135,Diseases of DNA repair,9.109134432820094e-9,true,5,50,11,11056,0.45454545454545453,0.1,;REAC;REAC;;;REAC;REAC;REAC;;;
GO:BP,GO:0072332,intrinsic apoptotic signaling pathway by p53 class mediator,9.319336471950034e-9,true,5,84,11,20972,0.45454545454545453,0.05952380952380952,"IDA,IMP,IEA;;;;IEA;;IEA;;IEA;;IMP"
GO:BP,GO:0035556,intracellular signal transduction,9.727202021174442e-9,true,11,2963,11,20972,1,0.003712453594330071,"IDA,IMP,IEP,ISS,TAS,IEA;IDA,IMP,IBA,TAS,IEA;IDA,IMP,IBA;IDA,IMP,IBA,TAS,IEA;IDA,IMP,IBA,TAS,IEA;IDA,IMP,IBA,NAS,IEA;NAS,IEA;NAS;IDA,IMP,IEP,TAS,IEA;IDA,IMP;IDA,IMP,TAS"
GO:BP,GO:1902531,regulation of intracellular signal transduction,1.0064317601513752e-8,true,10,1945,11,20972,0.9090909090909091,0.005141388174807198,"IMP,ISS,IEA;IMP,IBA,TAS,IEA;IMP;TAS;TAS,IEA;IMP,NAS;NAS;NAS;;IDA;IDA,IMP,TAS"
GO:BP,GO:0010165,response to X-ray,1.2947965991654003e-8,true,4,26,11,20972,0.36363636363636365,0.15384615384615385,IEA;IDA;;;;;IEA;IEA;;;
REAC,REAC:R-HSA-5693567,HDR through Homologous Recombination (HRR) or Single Strand Annealing (SSA),1.5311326352092705e-8,true,6,134,11,11056,0.5454545454545454,0.04477611940298507,;REAC;REAC;REAC;;REAC;REAC;REAC;;;
REAC,REAC:R-HSA-5693538,Homology Directed Repair,1.8855991530316496e-8,true,6,140,11,11056,0.5454545454545454,0.04285714285714286,;REAC;REAC;REAC;;REAC;REAC;REAC;;;
REAC,REAC:R-HSA-6796648,TP53 Regulates Transcription of DNA Repair Genes,2.13189551111881e-8,true,5,61,11,11056,0.45454545454545453,0.08196721311475409,REAC;REAC;REAC;REAC;;REAC;;;;;
REAC,REAC:R-HSA-6804760,Regulation of TP53 Activity through Methylation,2.13189551111881e-8,true,4,19,11,11056,0.36363636363636365,0.21052631578947367,REAC;REAC;;;REAC;;;;;;REAC
GO:BP,GO:0051052,regulation of DNA metabolic process,2.156646006051256e-8,true,7,485,11,20972,0.6363636363636364,0.01443298969072165,"IDA,IEA;IMP,IGI,ISS,IEA;IMP,ISS,NAS;IDA;;IMP,NAS;;IDA;IMP,TAS,IEA;;"
GO:BP,GO:0010389,regulation of G2/M transition of mitotic cell cycle,2.520469943181169e-8,true,5,104,11,20972,0.45454545454545453,0.04807692307692308,";IMP;IDA;IDA,IMP,IBA;;IMP,IBA,NAS,IEA;;;IMP;;"
REAC,REAC:R-HSA-69563,p53-Dependent G1 DNA Damage Response,2.653508078148008e-8,true,5,66,11,11056,0.45454545454545453,0.07575757575757576,REAC;REAC;;;REAC;;;;REAC;;REAC
REAC,REAC:R-HSA-69580,p53-Dependent G1/S DNA damage checkpoint,2.653508078148008e-8,true,5,66,11,11056,0.45454545454545453,0.07575757575757576,REAC;REAC;;;REAC;;;;REAC;;REAC
REAC,REAC:R-HSA-212436,Generic Transcription Pathway,2.653508078148008e-8,true,10,1231,11,11056,0.9090909090909091,0.008123476848090982,REAC;REAC;REAC;REAC;REAC;REAC;;REAC;REAC;REAC;REAC
GO:BP,GO:0080134,regulation of response to stress,2.6859860386169294e-8,true,9,1410,11,20972,0.8181818181818182,0.006382978723404255,"IEA;IMP,TAS,IEA;IMP,TAS,NAS,IEA;IDA;IEA;IMP,NAS;NAS;IDA,NAS;;;IDA"
REAC,REAC:R-HSA-69481,G2/M Checkpoints,4.103492973714568e-8,true,6,167,11,11056,0.5454545454545454,0.03592814371257485,REAC;REAC;REAC;REAC;REAC;REAC;;;;;
REAC,REAC:R-HSA-9709603,Impaired BRCA2 binding to PALB2,4.6638049070056384e-8,true,4,24,11,11056,0.36363636363636365,0.16666666666666666,;REAC;;;;REAC;REAC;REAC;;;
GO:BP,GO:0007095,mitotic G2 DNA damage checkpoint signaling,4.743099931149671e-8,true,4,36,11,20972,0.36363636363636365,0.1111111111111111,";IMP;;IMP,IBA;;IMP,IBA;;;IMP;;"
REAC,REAC:R-HSA-9704331,Defective HDR through Homologous Recombination Repair (HRR) due to PALB2 loss of BRCA1 binding function,4.783907237020509e-8,true,4,25,11,11056,0.36363636363636365,0.16,;REAC;;;;REAC;REAC;REAC;;;
REAC,REAC:R-HSA-9701193,Defective homologous recombination repair (HRR) due to PALB2 loss of function,4.783907237020509e-8,true,4,25,11,11056,0.36363636363636365,0.16,;REAC;;;;REAC;REAC;REAC;;;
REAC,REAC:R-HSA-9701192,Defective homologous recombination repair (HRR) due to BRCA1 loss of function,4.783907237020509e-8,true,4,25,11,11056,0.36363636363636365,0.16,;REAC;;;;REAC;REAC;REAC;;;
REAC,REAC:R-HSA-9704646,Defective HDR through Homologous Recombination Repair (HRR) due to PALB2 loss of BRCA2/RAD51/RAD51C binding function,4.783907237020509e-8,true,4,25,11,11056,0.36363636363636365,0.16,;REAC;;;;REAC;REAC;REAC;;;
REAC,REAC:R-HSA-73857,RNA Polymerase II Transcription,4.950569664013243e-8,true,10,1352,11,11056,0.9090909090909091,0.0073964497041420114,REAC;REAC;REAC;REAC;REAC;REAC;;REAC;REAC;REAC;REAC
REAC,REAC:R-HSA-5693554,Resolution of D-loop Structures through Synthesis-Dependent Strand Annealing (SDSA),6.202473443303767e-8,true,4,27,11,11056,0.36363636363636365,0.14814814814814814,;REAC;;;;REAC;REAC;REAC;;;
GO:BP,GO:0043516,"regulation of DNA damage response, signal transduction by p53 class mediator",7.228448509638342e-8,true,4,40,11,20972,0.36363636363636365,0.1,IEA;IMP;IMP;;;;;;;;IDA
GO:BP,GO:0097190,apoptotic signaling pathway,9.95927715126811e-8,true,7,612,11,20972,0.6363636363636364,0.011437908496732025,"IDA,IMP,ISS,TAS,IEA;IBA,IEA;;;IDA,IMP,IEA;IDA,IMP;IEA;;TAS,IEA;;IMP"
GO:BP,GO:0042771,intrinsic apoptotic signaling pathway in response to DNA damage by p53 class mediator,1.3627076010720652e-7,true,4,47,11,20972,0.36363636363636365,0.0851063829787234,"IDA,IMP,IEA;;;;IEA;;IEA;;IEA;;"
GO:BP,GO:1901976,regulation of cell cycle checkpoint,1.5921854414180195e-7,true,4,49,11,20972,0.36363636363636365,0.08163265306122448,;;;;IEA;NAS;NAS;NAS;;;
REAC,REAC:R-HSA-74160,Gene expression (Transcription),1.672747529713377e-7,true,10,1539,11,11056,0.9090909090909091,0.00649772579597141,REAC;REAC;REAC;REAC;REAC;REAC;;REAC;REAC;REAC;REAC
REAC,REAC:R-HSA-6804757,Regulation of TP53 Degradation,1.8894648942308587e-7,true,4,36,11,11056,0.36363636363636365,0.1111111111111111,REAC;REAC;;;REAC;;;;;;REAC
REAC,REAC:R-HSA-5693568,Resolution of D-loop Structures through Holliday Junction Intermediates,1.8894648942308587e-7,true,4,36,11,11056,0.36363636363636365,0.1111111111111111,;REAC;;;;REAC;REAC;REAC;;;
GO:BP,GO:0019219,regulation of nucleobase-containing compound metabolic process,1.9340319057719067e-7,true,11,3954,11,20972,1,0.00278199291856348,"IDA,IMP,IGI,ISS,IBA,NAS,IEA;IMP,IGI,ISS,IEA;IMP,ISS,NAS;IDA;IDA;IDA,IMP,IBA,TAS,NAS,IEA;IDA,IBA;IDA;IMP,TAS,IEA;IMP;IDA,IMP"
REAC,REAC:R-HSA-5693537,Resolution of D-Loop Structures,1.9457332972034216e-7,true,4,37,11,11056,0.36363636363636365,0.10810810810810811,;REAC;;;;REAC;REAC;REAC;;;
REAC,REAC:R-HSA-5685938,HDR through Single Strand Annealing (SSA),1.9457332972034216e-7,true,4,37,11,11056,0.36363636363636365,0.10810810810810811,;REAC;REAC;;;REAC;;REAC;;;
REAC,REAC:R-HSA-6806003,Regulation of TP53 Expression and Degradation,1.9457332972034216e-7,true,4,37,11,11056,0.36363636363636365,0.10810810810810811,REAC;REAC;;;REAC;;;;;;REAC
GO:BP,GO:0031297,replication fork processing,1.9702392559269216e-7,true,4,52,11,20972,0.36363636363636365,0.07692307692307693,";;ISS;;;NAS;IMP,IEA;IDA,IMP,IEA;;;"
GO:BP,GO:0006950,response to stress,2.038236409990816e-7,true,11,3984,11,20972,1,0.0027610441767068274,"IDA,IMP,IEP,ISS,IEA;IDA,IMP,IBA,TAS,IEA;IDA,IMP,IBA,TAS,NAS,IEA;IDA,IMP,ISS,IBA,IEA;IDA,IMP,IBA,TAS,IEA;IDA,IMP,IBA,TAS,NAS,IEA;IDA,IMP,IBA,NAS,IEA;IDA,IMP,IBA,TAS,NAS,IEA;IDA,IMP,IBA,TAS,IEA;IMP,TAS,IEA;IDA,IMP,IEP"
GO:BP,GO:0000723,telomere maintenance,2.1366814881230831e-7,true,5,164,11,20972,0.45454545454545453,0.03048780487804878,"IDA;IMP,IGI,ISS,IBA,IEA;ISS,IBA;;;;IEA;ISS,IEA;;;"
REAC,REAC:R-HSA-1500620,Meiosis,3.07076259492914e-7,true,5,118,11,11056,0.45454545454545453,0.0423728813559322,;REAC;REAC;;;REAC;REAC;REAC;;;
GO:BP,GO:0045005,DNA-templated DNA replication maintenance of fidelity,3.15261947268248e-7,true,4,59,11,20972,0.36363636363636365,0.06779661016949153,";;ISS;;;NAS;IMP,IEA;IDA,IMP,IEA;;;"
GO:BP,GO:0006915,apoptotic process,3.15261947268248e-7,true,9,1898,11,20972,0.8181818181818182,0.004741833508956797,"IDA,IMP,IGI,ISS,TAS,IEA;IMP,IBA,TAS,IEA;;IDA,IEA;IDA,IMP,IEA;IDA,IMP;IEA;;TAS,IEA;IDA,TAS;IDA,IMP,IBA,IEA"
GO:BP,GO:0000724,double-strand break repair via homologous recombination,3.9502379429118706e-7,true,5,187,11,20972,0.45454545454545453,0.026737967914438502,";IDA,IEA;;IDA;;IDA,IBA;IDA,IMP,IBA,IEA;IDA,IMP,IBA,TAS,IEA;;;"
GO:BP,GO:0012501,programmed cell death,4.0339246552102475e-7,true,9,1958,11,20972,0.8181818181818182,0.004596527068437181,"IDA,IMP,IGI,ISS,TAS,IEA;IMP,IBA,TAS,IEA;;IDA,IEA;IDA,IMP,IEA;IDA,IMP;IEA;;TAS,IEA;IDA,TAS;IDA,IMP,IBA,IEA"
GO:BP,GO:0008219,cell death,4.050271735710898e-7,true,9,1962,11,20972,0.8181818181818182,0.0045871559633027525,"IDA,IMP,IGI,ISS,TAS,IEA;IMP,IBA,TAS,IEA;;IDA,IEA;IDA,IMP,IEA;IDA,IMP;IEA;;TAS,IEA;IDA,TAS;IDA,IMP,IBA,IEA"
GO:BP,GO:0032200,telomere organization,4.2114781973704187e-7,true,5,191,11,20972,0.45454545454545453,0.02617801047120419,"IDA;IMP,IGI,ISS,IBA,IEA;ISS,IBA;;;;IEA;ISS,IEA;;;"
GO:BP,GO:0000725,recombinational repair,4.264627287619373e-7,true,5,192,11,20972,0.45454545454545453,0.026041666666666668,";IDA,IEA;;IDA;;IDA,IBA;IDA,IMP,IBA,IEA;IDA,IMP,IBA,TAS,IEA;;;"
GO:BP,GO:0009966,regulation of signal transduction,5.854196090158336e-7,true,10,3031,11,20972,0.9090909090909091,0.003299241174529858,"IMP,ISS,IEA;IMP,IBA,TAS,IEA;IMP;TAS;TAS,IEA;IMP,NAS;NAS;NAS;;IDA,IMP;IDA,IMP,TAS"
GO:BP,GO:0030330,"DNA damage response, signal transduction by p53 class mediator",6.286603508294978e-7,true,4,72,11,20972,0.36363636363636365,0.05555555555555555,"IDA,IMP,IEA;IMP;IMP;;;;;;;;IDA,IMP"
GO:BP,GO:0010833,telomere maintenance via telomere lengthening,6.286603508294978e-7,true,4,72,11,20972,0.36363636363636365,0.05555555555555555,"IDA;IMP,IGI,ISS,IEA;ISS;;;;;ISS,IEA;;;"
GO:BP,GO:0006282,regulation of DNA repair,9.761986187574676e-7,true,5,229,11,20972,0.45454545454545453,0.021834061135371178,";IMP;NAS;IDA;;IMP,NAS;;IDA;;;"
REAC,REAC:R-HSA-69541,Stabilization of p53,0.0000010928893512315076,true,4,57,11,11056,0.36363636363636365,0.07017543859649122,REAC;REAC;;;REAC;;;;;;REAC
REAC,REAC:R-HSA-1474165,Reproduction,0.0000011825539085592438,true,5,156,11,11056,0.45454545454545453,0.03205128205128205,;REAC;REAC;;;REAC;REAC;REAC;;;
GO:BP,GO:2000278,regulation of DNA biosynthetic process,0.0000012017680040095722,true,4,85,11,20972,0.36363636363636365,0.047058823529411764,"IDA;IGI,ISS,IEA;ISS;;;;;;IMP,IEA;;"
GO:BP,GO:0023051,regulation of signaling,0.000002083787324125428,true,10,3473,11,20972,0.9090909090909091,0.0028793550244745176,"IMP,ISS,IEA;IMP,IBA,TAS,IEA;IMP;TAS;TAS,IEA;IMP,NAS;NAS;NAS;;IDA,IMP;IDA,IMP,TAS"
GO:BP,GO:0090398,cellular senescence,0.000002083787324125428,true,4,98,11,20972,0.36363636363636365,0.04081632653061224,"IDA,IMP,ISS,IEA;TAS;;;;;IEA;;IMP,TAS,IEA;;"
GO:BP,GO:0010646,regulation of cell communication,0.0000020875591580240147,true,10,3480,11,20972,0.9090909090909091,0.0028735632183908046,"IMP,ISS,IEA;IMP,IBA,TAS,IEA;IMP;TAS;TAS,IEA;IMP,NAS;NAS;NAS;;IDA,IMP;IDA,IMP,TAS"
GO:BP,GO:0051276,chromosome organization,0.0000023977284325745193,true,6,575,11,20972,0.5454545454545454,0.010434782608695653,"IDA,IEA;IMP,IGI,ISS,IBA,IEA;ISS,IBA;;IMP;;IEA;ISS,IBA,IEA;;;"
GO:BP,GO:0006338,chromatin remodeling,0.0000030785844356110293,true,7,1057,11,20972,0.6363636363636364,0.006622516556291391,"IDA;IEA;IEA;ISS,IEA;IEA;IMP,IBA,TAS,IEA;IEA;;;;"
GO:BP,GO:0080090,regulation of primary metabolic process,0.0000030785844356110293,true,11,5215,11,20972,1,0.002109300095877277,"IDA,IMP,IGI,ISS,IBA,NAS,IEA;IMP,IGI,ISS,IEA;IMP,ISS,NAS;IDA;IDA,IMP;IDA,IMP,IBA,TAS,NAS,IEA;IDA,IBA;IDA;IDA,IMP,TAS,IEA;IMP,TAS;IDA,IMP"
GO:BP,GO:1904868,telomerase catalytic core complex assembly,0.000003215719545163273,true,2,2,11,20972,0.18181818181818182,1,;IMP;IMP;;;;;;;;
GO:BP,GO:1902298,cell cycle DNA replication maintenance of fidelity,0.000003215719545163273,true,2,2,11,20972,0.18181818181818182,1,;;;;;;IMP;IEA;;;
GO:BP,GO:1990505,mitotic DNA replication maintenance of fidelity,0.000003215719545163273,true,2,2,11,20972,0.18181818181818182,1,;;;;;;IMP;IEA;;;
GO:BP,GO:1904884,positive regulation of telomerase catalytic core complex assembly,0.000003215719545163273,true,2,2,11,20972,0.18181818181818182,1,;IMP;IMP;;;;;;;;
GO:BP,GO:1904882,regulation of telomerase catalytic core complex assembly,0.000003215719545163273,true,2,2,11,20972,0.18181818181818182,1,;IMP;IMP;;;;;;;;
GO:BP,GO:1990426,mitotic recombination-dependent replication fork processing,0.000003215719545163273,true,2,2,11,20972,0.18181818181818182,1,;;;;;;IMP;IEA;;;
REAC,REAC:R-HSA-5693565,Recruitment and ATM-mediated phosphorylation of repair and signaling proteins at DNA double strand breaks,0.0000035254758873861986,true,4,77,11,11056,0.36363636363636365,0.05194805194805195,REAC;REAC;;;REAC;REAC;;;;;
REAC,REAC:R-HSA-5693606,DNA Double Strand Break Response,0.0000036257195980036914,true,4,78,11,11056,0.36363636363636365,0.05128205128205128,REAC;REAC;;;REAC;REAC;;;;;
GO:BP,GO:0048523,negative regulation of cellular process,0.000005197908255293947,true,11,5510,11,20972,1,0.001996370235934664,"IDA,IMP,IGI,ISS,NAS,IEA;IDA,IMP,IBA,IEA;IDA,IMP,IBA;IDA,IMP,ISS,IBA,TAS,IEA;IMP,IBA,TAS,IEA;IDA,IMP,IBA,NAS,IEA;IDA,NAS;NAS;IDA,IMP,IGI,IEA;IMP,IEA;IDA,IMP,IBA,TAS,IEA"
GO:BP,GO:0043009,chordate embryonic development,0.000005224010067255076,true,6,669,11,20972,0.5454545454545454,0.008968609865470852,"IEA;IEA;;IEA;;IBA,IEA;IEA;;IEA;;"
REAC,REAC:R-HSA-912446,Meiotic recombination,0.0000057600157384278914,true,4,88,11,11056,0.36363636363636365,0.045454545454545456,;REAC;;;;REAC;REAC;REAC;;;
GO:BP,GO:0051053,negative regulation of DNA metabolic process,0.000005772873544409997,true,4,131,11,20972,0.36363636363636365,0.030534351145038167,"IDA,IEA;IMP;IMP;;;;;;IMP;;"
GO:BP,GO:0009792,embryo development ending in birth or egg hatching,0.000005978116284793822,true,6,687,11,20972,0.5454545454545454,0.008733624454148471,"IEA;IEA;;IEA;;IBA,IEA;IEA;;IEA;;"
GO:BP,GO:0006310,DNA recombination,0.000006341489407785185,true,5,348,11,20972,0.45454545454545453,0.014367816091954023,";IDA,TAS,IEA;;IDA;;IDA,IBA,NAS,IEA;IDA,IMP,IBA,IEA;IDA,IMP,ISS,IBA,TAS,IEA;;;"
GO:BP,GO:0048583,regulation of response to stimulus,0.000006808930050008355,true,10,3993,11,20972,0.9090909090909091,0.002504382669671926,"IMP,ISS,IEA;IMP,IBA,TAS,IEA;IMP,TAS,NAS,IEA;IDA,TAS;TAS,IEA;IMP,NAS;NAS;IDA,NAS;;IDA,IMP;IDA,IMP,TAS"
GO:BP,GO:0006325,chromatin organization,0.00000694412569514385,true,7,1216,11,20972,0.6363636363636364,0.005756578947368421,"IDA;IEA;IEA;ISS,IEA;IEA;IMP,IBA,TAS,IEA;IEA;;;;"
GO:BP,GO:2000377,regulation of reactive oxygen species metabolic process,0.00000695171944593685,true,4,139,11,20972,0.36363636363636365,0.02877697841726619,"IMP,IEA;;;;;IMP;;;IMP,IEA;IMP;"
GO:BP,GO:0048519,negative regulation of biological process,0.000007690778438699247,true,11,5753,11,20972,1,0.0019120458891013384,"IDA,IMP,IGI,ISS,NAS,IEA;IDA,IMP,IBA,IEA;IDA,IMP,IBA;IDA,IMP,ISS,IBA,TAS,IEA;IMP,IBA,TAS,IEA;IDA,IMP,IBA,NAS,IEA;IDA,NAS;NAS;IDA,IMP,IGI,ISS,IEA;IMP,IEA;IDA,IMP,IBA,TAS,IEA"
GO:BP,GO:0007098,centrosome cycle,0.00000785012163264769,true,4,144,11,20972,0.36363636363636365,0.027777777777777776,";;;IDA;;NAS,IEA;IMP;;;IEA;"
REAC,REAC:R-HSA-5693607,Processing of DNA double-strand break ends,0.000008325764126179217,true,4,97,11,11056,0.36363636363636365,0.041237113402061855,;REAC;REAC;REAC;;REAC;;;;;
GO:BP,GO:2000779,regulation of double-strand break repair,0.000008358478579708503,true,4,147,11,20972,0.36363636363636365,0.027210884353741496,;IMP;NAS;IDA;;;;IDA;;;
GO:BP,GO:0097694,establishment of RNA localization to telomere,0.000008358478579708503,true,2,3,11,20972,0.18181818181818182,0.6666666666666666,;IMP;IMP;;;;;;;;
GO:BP,GO:0072717,cellular response to actinomycin D,0.000008358478579708503,true,2,3,11,20972,0.18181818181818182,0.6666666666666666,IDA;;;;;;;;;;IDA
GO:BP,GO:0097695,establishment of protein-containing complex localization to telomere,0.000008358478579708503,true,2,3,11,20972,0.18181818181818182,0.6666666666666666,;IMP;IC;;;;;;;;
GO:BP,GO:0009411,response to UV,0.000009044545416097521,true,4,151,11,20972,0.36363636363636365,0.026490066225165563,"IDA,IEA;;IMP;;;;IEA;;ISS,IEA;;"
GO:BP,GO:0031023,microtubule organizing center organization,0.000010470569562355095,true,4,157,11,20972,0.36363636363636365,0.025477707006369428,";;;IDA;;NAS,IEA;IMP;;;IEA;"
GO:BP,GO:0006261,DNA-templated DNA replication,0.000011757881018035757,true,4,162,11,20972,0.36363636363636365,0.024691358024691357,";;ISS;;;NAS;IMP,IEA;IDA,IMP,IEA;;;"
GO:BP,GO:0007165,signal transduction,0.000012459921089964006,true,11,6063,11,20972,1,0.001814283358073561,"IDA,IMP,IGI,IEP,ISS,TAS,IEA;IDA,IMP,IBA,TAS,IEA;IDA,IMP,IBA;IDA,IMP,IBA,TAS,IEA;IDA,IMP,IBA,TAS,IEA;IDA,IMP,IBA,NAS,IEA;NAS,IEA;NAS;IDA,IMP,IEP,TAS,IEA;IDA,IMP;IDA,IMP,TAS"
GO:BP,GO:0071897,DNA biosynthetic process,0.000012459921089964006,true,4,165,11,20972,0.36363636363636365,0.024242424242424242,"IDA;IGI,ISS,IEA;ISS;;;;;;IMP,IEA;;"
GO:BP,GO:0032210,regulation of telomere maintenance via telomerase,0.000015721934621338087,true,3,45,11,20972,0.2727272727272727,0.06666666666666667,"IDA;IGI,ISS,IEA;ISS;;;;;;;;"
GO:BP,GO:0072716,response to actinomycin D,0.000015721934621338087,true,2,4,11,20972,0.18181818181818182,0.5,IDA;;;;;;;;;;IDA
GO:BP,GO:0000280,nuclear division,0.000019129031236361224,true,5,450,11,20972,0.45454545454545453,0.011111111111111112,";IMP,TAS,IEA;;IDA;IMP;;IEA;IBA,TAS,IEA;;;"
REAC,REAC:R-HSA-8953750,Transcriptional Regulation by E2F6,0.000020024886289724167,true,3,34,11,11056,0.2727272727272727,0.08823529411764706,;;;REAC;;REAC;;REAC;;;
GO:BP,GO:0043067,regulation of programmed cell death,0.00002130525763245168,true,7,1467,11,20972,0.6363636363636364,0.004771642808452625,"IDA,IMP,IGI,ISS,IEA;IMP,TAS,IEA;;;IEA;IMP;;;IEA;IDA;IMP,IBA,IEA"
GO:BP,GO:0060255,regulation of macromolecule metabolic process,0.00002132329527212949,true,11,6392,11,20972,1,0.00172090112640801,"IDA,IMP,IGI,ISS,IBA,NAS,IEA;IDA,IMP,IGI,ISS,IEA;IMP,ISS,NAS;IDA,ISS,IEA;IDA,IMP;IDA,IMP,IBA,TAS,NAS,IEA;IDA,IBA;IDA;IDA,IMP,TAS,IEA;IMP,TAS;IDA,IMP,IEA"
REAC,REAC:R-HSA-69895,Transcriptional  activation of  cell cycle inhibitor p21 ,0.000023986340664771325,true,2,4,11,11056,0.18181818181818182,0.5,REAC;;;;;;;;REAC;;
REAC,REAC:R-HSA-69560,Transcriptional activation of p53 responsive genes  ,0.000023986340664771325,true,2,4,11,11056,0.18181818181818182,0.5,REAC;;;;;;;;REAC;;
GO:BP,GO:0045934,negative regulation of nucleobase-containing compound metabolic process,0.00002544643485908349,true,7,1510,11,20972,0.6363636363636364,0.004635761589403974,"IDA,IMP,ISS,NAS,IEA;IMP;IMP;;;IDA;;;IMP;IMP;IDA,IMP"
GO:BP,GO:1904356,regulation of telomere maintenance via telomere lengthening,0.000026239643281840994,true,3,54,11,20972,0.2727272727272727,0.05555555555555555,"IDA;IMP,IGI,ISS,IEA;ISS;;;;;;;;"
GO:BP,GO:0040007,growth,0.000026575670629743767,true,6,920,11,20972,0.5454545454545454,0.006521739130434782,"IMP,IEA;IEA;;IEA;;IMP;IEA;;IDA,ISS,IEA;;"
GO:BP,GO:0023052,signaling,0.00002732631050358316,true,11,6558,11,20972,1,0.0016773406526379995,"IDA,IMP,IGI,IEP,ISS,TAS,IEA;IDA,IMP,IBA,TAS,IEA;IDA,IMP,IBA;IDA,IMP,IBA,TAS,IEA;IDA,IMP,IBA,TAS,IEA;IDA,IMP,IBA,NAS,IEA;NAS,IEA;NAS;IDA,IMP,IEP,TAS,IEA;IDA,IMP;IDA,IMP,TAS"
GO:BP,GO:0007154,cell communication,0.000028735223692749977,true,11,6598,11,20972,1,0.0016671718702637162,"IDA,IMP,IGI,IEP,ISS,TAS,IEA;IDA,IMP,IBA,TAS,IEA;IDA,IMP,IBA;IDA,IMP,IBA,TAS,IEA;IDA,IMP,IBA,TAS,IEA;IDA,IMP,IBA,NAS,IEA;NAS,IEA;NAS;IDA,IMP,IEP,TAS,IEA;IDA,IMP;IDA,IMP,TAS"
GO:BP,GO:0018193,peptidyl-amino acid modification,0.000028735223692749977,true,5,495,11,20972,0.45454545454545453,0.010101010101010102,";IDA,IMP;IDA;IDA;;;;;;IMP;TAS"
GO:BP,GO:0048285,organelle fission,0.0000288471422064688,true,5,497,11,20972,0.45454545454545453,0.01006036217303823,";IMP,TAS,IEA;;IDA;IMP;;IEA;IBA,TAS,IEA;;;"
GO:BP,GO:0036211,protein modification process,0.000029152913866778738,true,8,2360,11,20972,0.7272727272727273,0.003389830508474576,";IDA,IMP;IDA;IDA,IEA;IDA,IEA;IDA,IEA;;;IDA,IMP,TAS;IMP,TAS;IDA,IMP,TAS"
GO:BP,GO:0009893,positive regulation of metabolic process,0.000029808536225428382,true,9,3410,11,20972,0.8181818181818182,0.0026392961876832845,"IDA,IMP,IGI,ISS,IEA;IMP,ISS,IEA;ISS;;IDA;IDA,IMP,IBA,IEA;IDA;;IDA,IMP,TAS,IEA;IMP;IDA"
GO:BP,GO:0007004,telomere maintenance via telomerase,0.00003214353300742446,true,3,59,11,20972,0.2727272727272727,0.05084745762711865,"IDA;IGI,ISS,IEA;ISS;;;;;;;;"
GO:BP,GO:1903416,response to glycoside,0.000034797108220295964,true,2,6,11,20972,0.18181818181818182,0.3333333333333333,;;;;IEA;;;IEA;;;
GO:BP,GO:0006468,protein phosphorylation,0.00003607843545234609,true,6,982,11,20972,0.5454545454545454,0.006109979633401222,";IDA,IMP;IDA;IDA,IEA;IDA,IEA;;;;IDA,IMP,TAS;IMP,TAS;"
GO:BP,GO:0043068,positive regulation of programmed cell death,0.000036632161114581594,true,5,527,11,20972,0.45454545454545453,0.009487666034155597,"IDA,IMP,ISS,IEA;IMP,IEA;;;IEA;;;;IEA;IDA;"
GO:BP,GO:0006278,RNA-templated DNA biosynthetic process,0.000038003486432009075,true,3,63,11,20972,0.2727272727272727,0.047619047619047616,"IDA;IGI,ISS,IEA;ISS;;;;;;;;"
GO:BP,GO:0072593,reactive oxygen species metabolic process,0.00003806318080251119,true,4,228,11,20972,0.36363636363636365,0.017543859649122806,"IMP,IEA;;;;;IMP;;;IMP,IEA;IMP;"
GO:BP,GO:0006996,organelle organization,0.000042274257390447953,true,9,3573,11,20972,0.8181818181818182,0.0025188916876574307,"IDA,IEA;IMP,IGI,ISS,IBA,TAS,IC,IEA;IDA,ISS,IBA;IDA,IEA;IDA,IMP;NAS,IEA;IMP,IEA;ISS,IBA,TAS,IEA;;IEA;"
GO:BP,GO:2000379,positive regulation of reactive oxygen species metabolic process,0.00004276033738912744,true,3,66,11,20972,0.2727272727272727,0.045454545454545456,"IMP;;;;;;;;IMP,IEA;IMP;"
GO:BP,GO:0019222,regulation of metabolic process,0.00004278696690510868,true,11,6900,11,20972,1,0.0015942028985507246,"IDA,IMP,IGI,ISS,IBA,NAS,IEA;IDA,IMP,IGI,ISS,IEA;IMP,ISS,NAS;IDA,ISS,IEA;IDA,IMP;IDA,IMP,IBA,TAS,NAS,IEA;IDA,IBA;IDA;IDA,IMP,TAS,IEA;IMP,TAS;IDA,IMP,IEA"
GO:BP,GO:0035825,homologous recombination,0.0000440839651659815,true,3,67,11,20972,0.2727272727272727,0.04477611940298507,";TAS;;;;NAS;;IBA,TAS,IEA;;;"
GO:BP,GO:0043412,macromolecule modification,0.000047651794848689697,true,8,2547,11,20972,0.7272727272727273,0.0031409501374165686,";IDA,IMP;IDA;IDA,IEA;IDA,IEA;IDA,IEA;;;IDA,IMP,TAS;IMP,TAS;IDA,IMP,TAS"
REAC,REAC:R-HSA-6791312,TP53 Regulates Transcription of Cell Cycle Genes,0.00005733127357741196,true,3,49,11,11056,0.2727272727272727,0.061224489795918366,REAC;;;;;;;;REAC;REAC;
GO:BP,GO:0016310,phosphorylation,0.00005753818741097842,true,6,1077,11,20972,0.5454545454545454,0.005571030640668524,";IDA,IMP;IDA;IDA,IEA;IDA,IEA;;;;IDA,IMP,TAS;IMP,TAS;"
GO:BP,GO:0090400,stress-induced premature senescence,0.00005927244276793956,true,2,8,11,20972,0.18181818181818182,0.25,IMP;;;;;;;;TAS;;
GO:BP,GO:1905323,telomerase holoenzyme complex assembly,0.00005927244276793956,true,2,8,11,20972,0.18181818181818182,0.25,;IMP;IMP;;;;;;;;
GO:BP,GO:0009790,embryo development,0.00007280228991584973,true,6,1126,11,20972,0.5454545454545454,0.0053285968028419185,"IEA;IEA;;IEA;;IBA,IEA;IEA;;IEA;;"
GO:BP,GO:0072359,circulatory system development,0.00007568131637778441,true,6,1135,11,20972,0.5454545454545454,0.0052863436123348016,"IEA;IEA;;;;IMP;;;ISS,IEA;IEA;IEA"
GO:BP,GO:0051054,positive regulation of DNA metabolic process,0.00007910230114288091,true,4,280,11,20972,0.36363636363636365,0.014285714285714285,";IMP,ISS,IEA;ISS;;;IMP;;;TAS;;"
REAC,REAC:R-HSA-8941855,RUNX3 regulates CDKN1A transcription,0.00008039451800867399,true,2,7,11,11056,0.18181818181818182,0.2857142857142857,REAC;;;;;;;;REAC;;
GO:BP,GO:0090304,nucleic acid metabolic process,0.00008668896448491398,true,11,7401,11,20972,1,0.0014862856370760709,"IDA,IMP,IGI,ISS,IBA,NAS,IEA;IDA,IMP,IGI,ISS,IBA,TAS,IEA;IDA,IMP,ISS,IBA,TAS,NAS,IEA;IDA,IMP,TAS,IEA;IDA,IMP,TAS,IEA;IDA,IMP,IBA,TAS,NAS,IEA;IDA,IMP,IBA,IEA;IDA,IMP,ISS,IBA,TAS,IEA;IMP,TAS,IEA;IMP,TAS;IDA,IMP"
GO:BP,GO:0033043,regulation of organelle organization,0.00008698030450914774,true,6,1167,11,20972,0.5454545454545454,0.005141388174807198,"IDA;IMP,IGI,ISS,IC,IEA;ISS;IDA;IDA;NAS;;;;;"
GO:BP,GO:0051716,cellular response to stimulus,0.00008858632820378894,true,11,7425,11,20972,1,0.0014814814814814814,"IDA,IMP,IGI,IEP,ISS,TAS,IEA;IDA,IMP,ISS,IBA,TAS,IEA;IDA,IMP,IBA,TAS,NAS,IEA;IDA,IMP,IEP,ISS,IBA,TAS,IEA;IDA,IMP,IBA,TAS,IEA;IDA,IMP,IBA,TAS,NAS,IEA;IDA,IMP,IBA,NAS,IEA;IDA,IMP,IBA,TAS,NAS,IEA;IDA,IMP,IEP,ISS,IBA,TAS,IEA;IDA,IMP,IEP,TAS,IEA;IDA,IMP,IEP,TAS"
GO:BP,GO:0034644,cellular response to UV,0.00008962574982581733,true,3,87,11,20972,0.2727272727272727,0.034482758620689655,"IDA,IEA;;IMP;;;;;;ISS,IEA;;"
GO:BP,GO:0071236,cellular response to antibiotic,0.00008998807885520057,true,2,10,11,20972,0.18181818181818182,0.2,IDA;;;;;;;;;;IDA
GO:BP,GO:1901701,cellular response to oxygen-containing compound,0.0000958773274090045,true,6,1194,11,20972,0.5454545454545454,0.005025125628140704,"IDA;IDA,ISS,IEA;;;IEA;IDA;;IDA;;;IDA"
GO:BP,GO:0048589,developmental growth,0.0000958773274090045,true,5,661,11,20972,0.45454545454545453,0.007564296520423601,"IEA;IEA;;IEA;;;IEA;;ISS,IEA;;"
GO:BP,GO:0000226,microtubule cytoskeleton organization,0.00010968841835187935,true,5,681,11,20972,0.45454545454545453,0.007342143906020558,";;;IDA;IMP;NAS,IEA;IMP;;;IEA;"
REAC,REAC:R-HSA-2559583,Cellular Senescence,0.00011513080804902784,true,4,194,11,11056,0.36363636363636365,0.020618556701030927,REAC;REAC;;;;;;;REAC;;REAC
GO:BP,GO:0009416,response to light stimulus,0.00012428877547316839,true,4,319,11,20972,0.36363636363636365,0.012539184952978056,"IDA,ISS,IEA;;IMP;;;;IEA;;ISS,IEA;;"
GO:BP,GO:0010225,response to UV-C,0.0001274196073413427,true,2,12,11,20972,0.18181818181818182,0.16666666666666666,IEA;;;;;;IEA;;;;
GO:BP,GO:0010556,regulation of macromolecule biosynthetic process,0.0001274196073413427,true,10,5647,11,20972,0.9090909090909091,0.0017708517797060386,"IDA,IMP,IGI,ISS,IBA,NAS,IEA;IDA,IMP,IGI,ISS,IEA;ISS;ISS,IEA;IDA;IDA,IMP,IBA,TAS,IEA;IDA,IBA;;IMP,IEA;IMP;IDA,IMP,IEA"
GO:BP,GO:0018105,peptidyl-serine phosphorylation,0.000133010622840779,true,3,101,11,20972,0.2727272727272727,0.0297029702970297,";IDA,IMP;IDA;;;;;;;IMP;"
GO:BP,GO:0018209,peptidyl-serine modification,0.0001401555188546082,true,3,103,11,20972,0.2727272727272727,0.02912621359223301,";IDA,IMP;IDA;;;;;;;IMP;"
GO:BP,GO:0048522,positive regulation of cellular process,0.00014611288325126417,true,10,5739,11,20972,0.9090909090909091,0.0017424638438752395,"IDA,IMP,IGI,ISS,IEA;IMP,ISS,IEA;IMP,ISS;IDA;IDA,IEA;IDA,IMP,IBA,IEA;IDA,IEA;;IDA,IMP,TAS,IEA;IDA,IMP;IDA,IMP,IBA,TAS,IEA"
GO:BP,GO:0009889,regulation of biosynthetic process,0.00016653191067331332,true,10,5821,11,20972,0.9090909090909091,0.0017179178835251675,"IDA,IMP,IGI,ISS,IBA,NAS,IEA;IDA,IMP,IGI,ISS,IEA;ISS;ISS,IEA;IDA;IDA,IMP,IBA,TAS,IEA;IDA,IBA;;IMP,IEA;IMP;IDA,IMP,IEA"
GO:BP,GO:0045787,positive regulation of cell cycle,0.00016902720878346857,true,4,349,11,20972,0.36363636363636365,0.011461318051575931,";;;IDA;IEA;;IEA;;;;IMP,IBA,IEA"
GO:BP,GO:0032204,regulation of telomere maintenance,0.00017094680698296683,true,3,111,11,20972,0.2727272727272727,0.02702702702702703,"IDA;IMP,IGI,ISS,IEA;ISS;;;;;;;;"
GO:BP,GO:0010605,negative regulation of macromolecule metabolic process,0.0001716816108263756,true,8,3080,11,20972,0.7272727272727273,0.0025974025974025974,"IDA,IMP,ISS,NAS,IEA;IDA,IMP;IMP;ISS,IEA;;IDA,IMP,IEA;;;IMP,IEA;IMP;IDA,IMP"
GO:BP,GO:0006139,nucleobase-containing compound metabolic process,0.00017242882189923768,true,11,7964,11,20972,1,0.0013812154696132596,"IDA,IMP,IGI,ISS,IBA,NAS,IEA;IDA,IMP,IGI,ISS,IBA,TAS,IEA;IDA,IMP,ISS,IBA,TAS,NAS,IEA;IDA,IMP,TAS,IEA;IDA,IMP,TAS,IEA;IDA,IMP,IBA,TAS,NAS,IEA;IDA,IMP,IBA,IEA;IDA,IMP,ISS,IBA,TAS,IEA;IMP,TAS,IEA;IMP,TAS;IDA,IMP"
GO:BP,GO:0010639,negative regulation of organelle organization,0.0001801493405187478,true,4,357,11,20972,0.36363636363636365,0.011204481792717087,IDA;IMP;;IDA;;NAS;;;;;
REAC,REAC:R-HSA-2262752,Cellular responses to stress,0.00018369111563018494,true,6,792,11,11056,0.5454545454545454,0.007575757575757576,REAC;REAC;REAC;;;REAC;;;REAC;;REAC
GO:BP,GO:0001833,inner cell mass cell proliferation,0.00018780433815361548,true,2,15,11,20972,0.18181818181818182,0.13333333333333333,;;;IEA;;;IEA;;;;
GO:BP,GO:0000722,telomere maintenance via recombination,0.00018780433815361548,true,2,15,11,20972,0.18181818181818182,0.13333333333333333,";;;;;;IEA;ISS,IEA;;;"
GO:BP,GO:0006275,regulation of DNA replication,0.00019280863778272452,true,3,117,11,20972,0.2727272727272727,0.02564102564102564,IEA;;IMP;;;;;;TAS;;
GO:BP,GO:0071482,cellular response to light stimulus,0.00019580594748324297,true,3,118,11,20972,0.2727272727272727,0.025423728813559324,"IDA,IEA;;IMP;;;;;;ISS,IEA;;"
GO:BP,GO:0010604,positive regulation of macromolecule metabolic process,0.00019580594748324297,true,8,3152,11,20972,0.7272727272727273,0.0025380710659898475,"IDA,IMP,IGI,ISS,IEA;IMP,ISS,IEA;ISS;;IDA;IDA,IMP,IBA,IEA;IDA;;IDA,TAS;;IDA"
REAC,REAC:R-HSA-8953897,Cellular responses to stimuli,0.00019904873690149003,true,6,806,11,11056,0.5454545454545454,0.007444168734491315,REAC;REAC;REAC;;;REAC;;;REAC;;REAC
GO:BP,GO:0031571,mitotic G1 DNA damage checkpoint signaling,0.00020818604282581577,true,2,16,11,20972,0.18181818181818182,0.125,"IMP,IEA;;;;;;;;IDA;;"
GO:BP,GO:1900034,regulation of cellular response to heat,0.00020818604282581577,true,2,16,11,20972,0.18181818181818182,0.125,;TAS;TAS;;;;;;;;
GO:BP,GO:0006796,phosphate-containing compound metabolic process,0.0002133125519683753,true,7,2196,11,20972,0.6363636363636364,0.0031876138433515485,"IMP;IDA,IMP,IEA;IDA;IDA,IEA;IDA,IEA;;;;IDA,IMP,TAS;IMP,TAS;"
GO:BP,GO:0006793,phosphorus metabolic process,0.00021397941606035004,true,7,2199,11,20972,0.6363636363636364,0.0031832651205093224,"IMP;IDA,IMP,IEA;IDA;IDA,IEA;IDA,IEA;;;;IDA,IMP,TAS;IMP,TAS;"
REAC,REAC:R-HSA-2559586,DNA Damage/Telomere Stress Induced Senescence,0.00021925238441252484,true,3,79,11,11056,0.2727272727272727,0.0379746835443038,REAC;REAC;;;;;;;REAC;;
GO:BP,GO:0019538,protein metabolic process,0.00022074741274318523,true,9,4467,11,20972,0.8181818181818182,0.0020147750167897917,"IEA;IDA,IMP,IEA;IDA;IDA,IEA;IDA,IMP,IEA;IDA,IEA;;;IDA,IMP,TAS;IMP,TAS;IDA,IMP,IGI,IBA,TAS,IEA"
GO:BP,GO:0044819,mitotic G1/S transition checkpoint signaling,0.00022774299447665718,true,2,17,11,20972,0.18181818181818182,0.11764705882352941,"IMP,IEA;;;;;;;;IDA;;"
GO:BP,GO:0042981,regulation of apoptotic process,0.00022774299447665718,true,6,1426,11,20972,0.5454545454545454,0.004207573632538569,"IDA,IMP,IGI,ISS,IEA;IMP,TAS,IEA;;;IEA;IMP;;;;IDA;IMP,IBA,IEA"
GO:BP,GO:1902969,mitotic DNA replication,0.00022774299447665718,true,2,17,11,20972,0.18181818181818182,0.11764705882352941,;;;;;;IMP;IEA;;;
REAC,REAC:R-HSA-6803207,TP53 Regulates Transcription of Caspase Activators and Caspases,0.0002286516945824555,true,2,12,11,11056,0.18181818181818182,0.16666666666666666,REAC;REAC;;;;;;;;;
REAC,REAC:R-HSA-1643685,Disease,0.00023353089561004408,true,8,1848,11,11056,0.7272727272727273,0.004329004329004329,REAC;REAC;REAC;;;REAC;REAC;REAC;REAC;;REAC
GO:BP,GO:0009892,negative regulation of metabolic process,0.0002472889429263923,true,8,3276,11,20972,0.7272727272727273,0.002442002442002442,"IDA,IMP,ISS,NAS,IEA;IDA,IMP;IMP;ISS,IEA;;IDA,IMP,IEA;;;IDA,IMP,IEA;IMP;IDA,IMP"
GO:BP,GO:0009410,response to xenobiotic stimulus,0.0002472889429263923,true,4,396,11,20972,0.36363636363636365,0.010101010101010102,"IEP,IEA;;IEA;;IEA;;;IEA;;;"
GO:BP,GO:0048518,positive regulation of biological process,0.0002495969723820835,true,10,6150,11,20972,0.9090909090909091,0.0016260162601626016,"IDA,IMP,IGI,ISS,IEA;IMP,ISS,IEA;IMP,ISS;IDA;IDA,IEA;IDA,IMP,IBA,IEA;IDA,IEA;;IDA,IMP,TAS,IEA;IDA,IMP;IDA,IMP,IBA,TAS,IEA"
GO:BP,GO:0016043,cellular component organization,0.00025247763345179555,true,11,8325,11,20972,1,0.0013213213213213214,"IDA,IMP,IEA;IMP,IGI,ISS,IBA,TAS,IC,IEA;IDA,IMP,ISS,IBA,IEA;IDA,ISS,IEA;IDA,IMP,IEA;IMP,IBA,TAS,NAS,IEA;IMP,IEA;IMP,ISS,IBA,TAS,IEA;IDA;IEA;IDA,IMP,IEA"
GO:BP,GO:0007127,meiosis I,0.0002533352561145587,true,3,132,11,20972,0.2727272727272727,0.022727272727272728,";TAS,IEA;;;;;IEA;IBA,TAS,IEA;;;"
REAC,REAC:R-HSA-75035,Chk1/Chk2(Cds1) mediated inactivation of Cyclin B:Cdk1 complex,0.00026043241008026505,true,2,13,11,11056,0.18181818181818182,0.15384615384615385,;;;REAC;REAC;;;;;;
GO:BP,GO:0001701,in utero embryonic development,0.0002639826615048494,true,4,405,11,20972,0.36363636363636365,0.009876543209876543,IEA;;;IEA;;;IEA;;IEA;;
GO:BP,GO:0043517,"positive regulation of DNA damage response, signal transduction by p53 class mediator",0.00027512138140196575,true,2,19,11,20972,0.18181818181818182,0.10526315789473684,;IMP;IMP;;;;;;;;
REAC,REAC:R-HSA-9725370,Signaling by ALK fusions and activated point mutants,0.0002834280324589799,true,3,89,11,11056,0.2727272727272727,0.033707865168539325,REAC;;;;;;;;REAC;;REAC
REAC,REAC:R-HSA-6804116,TP53 Regulates Transcription of Genes Involved in G1 Cell Cycle Arrest,0.0002834280324589799,true,2,14,11,11056,0.18181818181818182,0.14285714285714285,REAC;;;;;;;;REAC;;
REAC,REAC:R-HSA-9700206,Signaling by ALK in cancer,0.0002834280324589799,true,3,89,11,11056,0.2727272727272727,0.033707865168539325,REAC;;;;;;;;REAC;;REAC
REAC,REAC:R-HSA-198323,AKT phosphorylates targets in the cytosol,0.0002834280324589799,true,2,14,11,11056,0.18181818181818182,0.14285714285714285,;;;;;;;;REAC;;REAC
GO:BP,GO:0061982,meiosis I cell cycle process,0.00030979770261231696,true,3,142,11,20972,0.2727272727272727,0.02112676056338028,";TAS,IEA;;;;;IEA;IBA,TAS,IEA;;;"
GO:BP,GO:0071840,cellular component organization or biogenesis,0.00032430560383776776,true,11,8538,11,20972,1,0.0012883579292574372,"IDA,IMP,IEA;IMP,IGI,ISS,IBA,TAS,IC,IEA;IDA,IMP,ISS,IBA,IEA;IDA,ISS,IEA;IDA,IMP,IEA;IMP,IBA,TAS,NAS,IEA;IMP,IEA;IMP,ISS,IBA,TAS,IEA;IDA;IEA;IDA,IMP,IEA"
REAC,REAC:R-HSA-8878159,Transcriptional regulation by RUNX3,0.00033054301405623885,true,3,95,11,11056,0.2727272727272727,0.031578947368421054,REAC;;;;;;;;REAC;;REAC
GO:BP,GO:0070242,thymocyte apoptotic process,0.0003321694757217865,true,2,21,11,20972,0.18181818181818182,0.09523809523809523,"ISS,IEA;;;;IEA;;;;;;"
GO:BP,GO:2000045,regulation of G1/S transition of mitotic cell cycle,0.0003588266050422898,true,3,150,11,20972,0.2727272727272727,0.02,"IMP,IEA;;;;;;;;IDA,IGI,IBA;;IEA"
GO:BP,GO:0051128,regulation of cellular component organization,0.0003744743452206218,true,7,2427,11,20972,0.6363636363636364,0.00288421920065925,"IDA,IMP;IMP,IGI,ISS,IC,IEA;IMP,ISS;IDA;IDA;IMP,NAS;;;IDA;;"
GO:BP,GO:0001832,blastocyst growth,0.0003914464534468252,true,2,23,11,20972,0.18181818181818182,0.08695652173913043,;;;IEA;;;IEA;;;;
GO:BP,GO:0032212,positive regulation of telomere maintenance via telomerase,0.0003914464534468252,true,2,23,11,20972,0.18181818181818182,0.08695652173913043,";ISS,IEA;ISS;;;;;;;;"
GO:BP,GO:0046777,protein autophosphorylation,0.000402289593389477,true,3,157,11,20972,0.2727272727272727,0.01910828025477707,";IDA,IMP;IDA;;IDA;;;;;;"
REAC,REAC:R-HSA-9617828,FOXO-mediated transcription of cell cycle genes,0.0004092535887159628,true,2,17,11,11056,0.18181818181818182,0.11764705882352941,;;;;;;;;REAC;REAC;
GO:BP,GO:0008156,negative regulation of DNA replication,0.0004224165182645738,true,2,24,11,20972,0.18181818181818182,0.08333333333333333,IEA;;IMP;;;;;;;;
GO:BP,GO:1901700,response to oxygen-containing compound,0.00044225491280419253,true,6,1632,11,20972,0.5454545454545454,0.003676470588235294,"IDA;IDA,ISS,IEA;;;IEA;IDA;;IDA,IEA;;;IDA"
REAC,REAC:R-HSA-6804114,TP53 Regulates Transcription of Genes Involved in G2 Cell Cycle Arrest,0.0004457803699987456,true,2,18,11,11056,0.18181818181818182,0.1111111111111111,REAC;;;;;;;;;REAC;
REAC,REAC:R-HSA-3232118,SUMOylation of transcription factors,0.0004457803699987456,true,2,18,11,11056,0.18181818181818182,0.1111111111111111,REAC;;;;;;;;;;REAC
GO:BP,GO:0042127,regulation of cell population proliferation,0.0004507265833642844,true,6,1639,11,20972,0.5454545454545454,0.0036607687614399025,"IDA,IMP,ISS,IEA;IMP;;IEA;;;IDA;;IDA,IMP,IEA;;TAS"
GO:BP,GO:1904358,positive regulation of telomere maintenance via telomere lengthening,0.0004868761312250423,true,2,26,11,20972,0.18181818181818182,0.07692307692307693,";IMP,ISS,IEA;ISS;;;;;;;;"
GO:BP,GO:0006312,mitotic recombination,0.0004868761312250423,true,2,26,11,20972,0.18181818181818182,0.07692307692307693,";;;;;;IEA;ISS,IBA,TAS,IEA;;;"
GO:BP,GO:0030308,negative regulation of cell growth,0.000493894679997805,true,3,170,11,20972,0.2727272727272727,0.01764705882352941,IMP;;;;;IMP;;;IDA;;
GO:BP,GO:1902806,regulation of cell cycle G1/S phase transition,0.0005355228019189789,true,3,175,11,20972,0.2727272727272727,0.017142857142857144,"IMP,IEA;;;;;;;;IDA,IMP,IGI,IBA;;IEA"
GO:BP,GO:0044087,regulation of cellular component biogenesis,0.0005414516041970835,true,5,1006,11,20972,0.45454545454545453,0.004970178926441352,"IDA;IMP,IC;IMP;;IDA;NAS;;;;;"
REAC,REAC:R-HSA-6803204,TP53 Regulates Transcription of Genes Involved in Cytochrome C Release,0.0005444752463138947,true,2,20,11,11056,0.18181818181818182,0.1,REAC;REAC;;;;;;;;;
GO:BP,GO:0007017,microtubule-based process,0.0005620494116845464,true,5,1015,11,20972,0.45454545454545453,0.0049261083743842365,";;;IDA;IMP;NAS,IEA;IMP;;;IEA;"
GO:BP,GO:0050896,response to stimulus,0.0005668337726608991,true,11,9051,11,20972,1,0.0012153353220638603,"IDA,IMP,IGI,IEP,ISS,TAS,IEA;IDA,IMP,ISS,IBA,TAS,IEA;IDA,IMP,IBA,TAS,NAS,IEA;IDA,IMP,IEP,ISS,IBA,TAS,IEA;IDA,IMP,IBA,TAS,IEA;IDA,IMP,IBA,TAS,NAS,IEA;IDA,IMP,IBA,NAS,IEA;IDA,IMP,IBA,TAS,NAS,IEA;IDA,IMP,IEP,ISS,IBA,TAS,IEA;IDA,IMP,IEP,TAS,IEA;IDA,IMP,IEP,TAS"
GO:BP,GO:0043065,positive regulation of apoptotic process,0.0005913644118537621,true,4,512,11,20972,0.36363636363636365,0.0078125,"IDA,IMP,ISS,IEA;IMP,IEA;;;IEA;;;;;IDA;"
GO:BP,GO:2000279,negative regulation of DNA biosynthetic process,0.0006282506344480245,true,2,30,11,20972,0.18181818181818182,0.06666666666666667,IDA;;;;;;;;IMP;;
GO:BP,GO:1902253,regulation of intrinsic apoptotic signaling pathway by p53 class mediator,0.0007123960210218516,true,2,32,11,20972,0.18181818181818182,0.0625,IEA;;;;;;;;;;IMP
GO:BP,GO:0010558,negative regulation of macromolecule biosynthetic process,0.0007449976968151887,true,7,2733,11,20972,0.6363636363636364,0.002561287961946579,"IDA,IMP,ISS,NAS,IEA;IDA;;ISS,IEA;;IDA,IMP,IEA;;;IMP,IEA;IMP;IDA,IMP"
GO:BP,GO:0140013,meiotic nuclear division,0.0007492695377813982,true,3,199,11,20972,0.2727272727272727,0.01507537688442211,";TAS,IEA;;;;;IEA;IBA,TAS,IEA;;;"
GO:BP,GO:1901798,positive regulation of signal transduction by p53 class mediator,0.0007492695377813982,true,2,33,11,20972,0.18181818181818182,0.06060606060606061,;IMP;IMP;;;;;;;;
GO:BP,GO:0031334,positive regulation of protein-containing complex assembly,0.000802405779743893,true,3,204,11,20972,0.2727272727272727,0.014705882352941176,IDA;IMP;IMP;;;;;;;;
GO:BP,GO:0046677,response to antibiotic,0.0008332301209600276,true,2,35,11,20972,0.18181818181818182,0.05714285714285714,"IDA,IEP;;;;;;;;;;IDA,IEP"
REAC,REAC:R-HSA-5674400,Constitutive Signaling by AKT1 E17K in Cancer,0.0008443767124331502,true,2,25,11,11056,0.18181818181818182,0.08,;;;;;;;;REAC;;REAC
GO:BP,GO:0009890,negative regulation of biosynthetic process,0.0008547819649678342,true,7,2802,11,20972,0.6363636363636364,0.0024982155603140615,"IDA,IMP,ISS,NAS,IEA;IDA;;ISS,IEA;;IDA,IMP,IEA;;;IMP,IEA;IMP;IDA,IMP"
GO:BP,GO:0045936,negative regulation of phosphate metabolic process,0.0008575209467410072,true,3,210,11,20972,0.2727272727272727,0.014285714285714285,"IMP;;;;;;;;IDA,IMP;IMP;"
GO:BP,GO:0010563,negative regulation of phosphorus metabolic process,0.0008575209467410072,true,3,210,11,20972,0.2727272727272727,0.014285714285714285,"IMP;;;;;;;;IDA,IMP;IMP;"
GO:BP,GO:0008340,determination of adult lifespan,0.0008652710152441667,true,2,36,11,20972,0.18181818181818182,0.05555555555555555,"ISS,IEA;IEA;;;;;;;;;"
GO:BP,GO:0000082,G1/S transition of mitotic cell cycle,0.0008735491026763536,true,3,212,11,20972,0.2727272727272727,0.014150943396226415,"IMP,IEA;;;;;;;;IDA,IGI,IBA,TAS;;IEA"
GO:BP,GO:0009612,response to mechanical stimulus,0.0008938932389968771,true,3,214,11,20972,0.2727272727272727,0.014018691588785047,;;IDA;IEP;;;;;;IEP;
GO:BP,GO:0007507,heart development,0.0009618703877272636,true,4,591,11,20972,0.36363636363636365,0.00676818950930626,"IEA;IEA;;;;;;;ISS,IEA;;IEA"
GO:BP,GO:0045926,negative regulation of growth,0.0009738299264984522,true,3,221,11,20972,0.2727272727272727,0.013574660633484163,"IMP;;;;;IMP;;;IDA,ISS,IEA;;"
GO:BP,GO:1903046,meiotic cell cycle process,0.0009823175165723467,true,3,222,11,20972,0.2727272727272727,0.013513513513513514,";TAS,IEA;;;;;IEA;IBA,TAS,IEA;;;"
GO:BP,GO:0032205,negative regulation of telomere maintenance,0.0009841990450631948,true,2,39,11,20972,0.18181818181818182,0.05128205128205128,IDA;IMP;;;;;;;;;
GO:BP,GO:2000378,negative regulation of reactive oxygen species metabolic process,0.0009841990450631948,true,2,39,11,20972,0.18181818181818182,0.05128205128205128,IEA;;;;;IMP;;;;;
GO:BP,GO:0051239,regulation of multicellular organismal process,0.0010672057626768389,true,7,2923,11,20972,0.6363636363636364,0.0023947998631542937,IEA;IMP;;;;IMP;IDA;;IEA;IEA;IEA
GO:BP,GO:0033260,nuclear DNA replication,0.0010688913069425707,true,2,41,11,20972,0.18181818181818182,0.04878048780487805,;;;;;;IMP;IEA;;;
GO:BP,GO:0008283,cell population proliferation,0.0010688913069425707,true,6,1961,11,20972,0.5454545454545454,0.0030596634370219276,"IDA,IMP,ISS,IEA;IMP;;IEA;;;IDA,IEA;;IDA,IMP,IEA;;TAS"
GO:BP,GO:0010468,regulation of gene expression,0.0010688913069425707,true,9,5549,11,20972,0.8181818181818182,0.0016219138583528565,"IDA,IMP,IGI,ISS,IBA,NAS,IEA;IDA,IMP,ISS,IEA;;ISS,IEA;IDA;IDA,IMP,IBA,TAS,IEA;IDA,IBA;;IEA;IMP;IDA,IMP,IEA"
GO:BP,GO:0043086,negative regulation of catalytic activity,0.0010972758429802496,true,3,233,11,20972,0.2727272727272727,0.012875536480686695,TAS;;;;;;;;IMP;IMP;
GO:BP,GO:0036297,interstrand cross-link repair,0.0011119967588015727,true,2,42,11,20972,0.18181818181818182,0.047619047619047616,;;TAS;;;;;IMP;;;
GO:BP,GO:1902115,regulation of organelle assembly,0.0011576984137697756,true,3,238,11,20972,0.2727272727272727,0.012605042016806723,;IC;;;IDA;NAS;;;;;
GO:BP,GO:0044843,cell cycle G1/S phase transition,0.001166891776504221,true,3,239,11,20972,0.2727272727272727,0.012552301255230125,"IMP,IEA;;;;;;;;IDA,IMP,IGI,IBA,TAS;;IEA"
GO:BP,GO:0033044,regulation of chromosome organization,0.001190601604672337,true,3,241,11,20972,0.2727272727272727,0.012448132780082987,"IDA;IMP,IGI,ISS,IEA;ISS;;;;;;;;"
GO:BP,GO:0044786,cell cycle DNA replication,0.0012550929769944183,true,2,45,11,20972,0.18181818181818182,0.044444444444444446,;;;;;;IMP;IEA;;;
GO:BP,GO:2000573,positive regulation of DNA biosynthetic process,0.0013060389844469624,true,2,46,11,20972,0.18181818181818182,0.043478260869565216,";ISS,IEA;ISS;;;;;;;;"
REAC,REAC:R-HSA-2559585,Oncogene Induced Senescence,0.0014575776673315854,true,2,33,11,11056,0.18181818181818182,0.06060606060606061,REAC;;;;;;;;;;REAC
GO:BP,GO:2000785,regulation of autophagosome assembly,0.0014762432429203916,true,2,49,11,20972,0.18181818181818182,0.04081632653061224,;IC;;;IDA;;;;;;
GO:BP,GO:1901699,cellular response to nitrogen compound,0.0014923590389905098,true,4,676,11,20972,0.36363636363636365,0.005917159763313609,"IDA;;;;;IDA;;IDA,IEA;;;IDA"
GO:BP,GO:1902532,negative regulation of intracellular signal transduction,0.0015283968611298354,true,4,681,11,20972,0.36363636363636365,0.005873715124816446,";IMP,IBA,IEA;;;IEA;IMP;;;;;IDA,IMP,TAS"
GO:BP,GO:0008285,negative regulation of cell population proliferation,0.0015649947171695877,true,4,686,11,20972,0.36363636363636365,0.0058309037900874635,"IDA,IMP,ISS,IEA;IMP;;;;;IDA;;IDA,IMP,IEA;;"
GO:BP,GO:0051129,negative regulation of cellular component organization,0.0016378738756306147,true,4,695,11,20972,0.36363636363636365,0.0057553956834532375,IDA;IMP;;IDA;;NAS;;;;;
REAC,REAC:R-HSA-3108232,SUMO E3 ligases SUMOylate target proteins,0.0017117716199551679,true,3,172,11,11056,0.2727272727272727,0.01744186046511628,REAC;;;;;REAC;;;;;REAC
GO:BP,GO:0009968,negative regulation of signal transduction,0.0017622818331677012,true,5,1341,11,20972,0.45454545454545453,0.0037285607755406414,"IEA;IMP,IBA,IEA;;;IEA;IMP;;;;;IDA,IMP,TAS"
REAC,REAC:R-HSA-176187,Activation of ATR in response to replication stress,0.0017813717324601643,true,2,37,11,11056,0.18181818181818182,0.05405405405405406,;;REAC;REAC;;;;;;;
GO:BP,GO:0140014,mitotic nuclear division,0.0018354840095075355,true,3,283,11,20972,0.2727272727272727,0.01060070671378092,;IMP;;IDA;IMP;;;;;;
REAC,REAC:R-HSA-2990846,SUMOylation,0.0018380851250790829,true,3,178,11,11056,0.2727272727272727,0.016853932584269662,REAC;;;;;REAC;;;;;REAC
GO:BP,GO:0007140,male meiotic nuclear division,0.0018715131483996344,true,2,56,11,20972,0.18181818181818182,0.03571428571428571,;IEA;;;;;IEA;;;;
GO:BP,GO:0070887,cellular response to chemical stimulus,0.0018715131483996344,true,6,2199,11,20972,0.5454545454545454,0.002728512960436562,"IDA,IMP,IEP,IEA;IDA,ISS,IEA;;;IEA;IDA,IMP;;IDA,IEA;;;IDA,IEP"
GO:BP,GO:0042113,B cell activation,0.0018715131483996344,true,3,286,11,20972,0.2727272727272727,0.01048951048951049,"IEA;IMP,ISS,IEA;;;;;;;IEA;;"
GO:BP,GO:2000134,negative regulation of G1/S transition of mitotic cell cycle,0.0019156045255553711,true,2,57,11,20972,0.18181818181818182,0.03508771929824561,"IMP,IEA;;;;;;;;IDA,IGI;;"
GO:BP,GO:0043525,positive regulation of neuron apoptotic process,0.001975221216016513,true,2,58,11,20972,0.18181818181818182,0.034482758620689655,IEA;IEA;;;;;;;;;
GO:BP,GO:0048599,oocyte development,0.0019942918238004845,true,2,59,11,20972,0.18181818181818182,0.03389830508474576,;IEA;;;;;IEA;;;;
GO:BP,GO:0046651,lymphocyte proliferation,0.0019942918238004845,true,3,295,11,20972,0.2727272727272727,0.010169491525423728,IEA;IMP;;;;;;;IEA;;
GO:BP,GO:0051321,meiotic cell cycle,0.0019942918238004845,true,3,295,11,20972,0.2727272727272727,0.010169491525423728,";TAS,IEA;;;;;IEA;ISS,IBA,TAS,IEA;;;"
GO:BP,GO:0140527,reciprocal homologous recombination,0.0019942918238004845,true,2,59,11,20972,0.18181818181818182,0.03389830508474576,";TAS;;;;;;IBA,TAS,IEA;;;"
GO:BP,GO:0045839,negative regulation of mitotic nuclear division,0.0019942918238004845,true,2,59,11,20972,0.18181818181818182,0.03389830508474576,;IMP;;IDA;;;;;;;
GO:BP,GO:0007131,reciprocal meiotic recombination,0.0019942918238004845,true,2,59,11,20972,0.18181818181818182,0.03389830508474576,";TAS;;;;;;IBA,TAS,IEA;;;"
GO:BP,GO:0040029,epigenetic regulation of gene expression,0.002011823480258298,true,3,297,11,20972,0.2727272727272727,0.010101010101010102,"IDA;;;ISS,IEA;;IMP,IBA,IEA;;;;;"
GO:BP,GO:0070231,T cell apoptotic process,0.002045904197978476,true,2,60,11,20972,0.18181818181818182,0.03333333333333333,"ISS,IEA;;;;IEA;;;;;;"
GO:BP,GO:0032943,mononuclear cell proliferation,0.002095565202366984,true,3,302,11,20972,0.2727272727272727,0.009933774834437087,IEA;IMP;;;;;;;IEA;;
GO:BP,GO:0044088,regulation of vacuole organization,0.002097801850840704,true,2,61,11,20972,0.18181818181818182,0.03278688524590164,;IC;;;IDA;;;;;;
GO:BP,GO:0034605,cellular response to heat,0.002149977057150955,true,2,62,11,20972,0.18181818181818182,0.03225806451612903,;TAS;TAS;;;;;;;;
GO:BP,GO:1902807,negative regulation of cell cycle G1/S phase transition,0.002149977057150955,true,2,62,11,20972,0.18181818181818182,0.03225806451612903,"IMP,IEA;;;;;;;;IDA,IGI;;"
GO:BP,GO:0009994,oocyte differentiation,0.0022110932886555794,true,2,63,11,20972,0.18181818181818182,0.031746031746031744,;IEA;;;;;IEA;;;;
GO:BP,GO:0010648,negative regulation of cell communication,0.002319371148061795,true,5,1449,11,20972,0.45454545454545453,0.003450655624568668,"IEA;IMP,IBA,IEA;;;IEA;IMP;;;;;IDA,IMP,TAS"
GO:BP,GO:0051784,negative regulation of nuclear division,0.002319371148061795,true,2,65,11,20972,0.18181818181818182,0.03076923076923077,;IMP;;IDA;;;;;;;
GO:BP,GO:0006355,regulation of DNA-templated transcription,0.002319371148061795,true,7,3385,11,20972,0.6363636363636364,0.00206794682422452,"IDA,IMP,IGI,ISS,IBA,NAS,IEA;ISS,IEA;;;IDA;IDA,IMP,IBA,TAS,IEA;IDA,IBA;;;IMP;IDA,IMP"
GO:BP,GO:0023057,negative regulation of signaling,0.002319371148061795,true,5,1449,11,20972,0.45454545454545453,0.003450655624568668,"IEA;IMP,IBA,IEA;;;IEA;IMP;;;;;IDA,IMP,TAS"
GO:BP,GO:0034504,protein localization to nucleus,0.002334474181953766,true,3,319,11,20972,0.2727272727272727,0.009404388714733543,IEA;;;;;;;;IEA;;IDA
GO:BP,GO:2001141,regulation of RNA biosynthetic process,0.002334474181953766,true,7,3397,11,20972,0.6363636363636364,0.0020606417427141595,"IDA,IMP,IGI,ISS,IBA,NAS,IEA;ISS,IEA;;;IDA;IDA,IMP,IBA,TAS,IEA;IDA,IBA;;;IMP;IDA,IMP"
GO:BP,GO:0070192,chromosome organization involved in meiotic cell cycle,0.002334474181953766,true,2,66,11,20972,0.18181818181818182,0.030303030303030304,";IEA;;;;;;IBA,IEA;;;"
GO:BP,GO:1903451,negative regulation of G1 to G0 transition,0.002334474181953766,true,1,1,11,20972,0.09090909090909091,1,"IDA,IMP;;;;;;;;;;"
GO:BP,GO:1904631,response to glucoside,0.002334474181953766,true,1,1,11,20972,0.09090909090909091,1,;;;;;;;IEA;;;
GO:BP,GO:0033140,negative regulation of peptidyl-serine phosphorylation of STAT protein,0.002334474181953766,true,1,1,11,20972,0.09090909090909091,1,;;;;;;;;;IMP;
GO:BP,GO:0007275,multicellular organism development,0.00234071810496529,true,8,4690,11,20972,0.7272727272727273,0.0017057569296375266,"IMP,IEA;IEA;;IEA;;IMP,IBA,IEA;IEA;;ISS,IEA;IEA;IEA"
GO:BP,GO:0030888,regulation of B cell proliferation,0.002378586276446772,true,2,67,11,20972,0.18181818181818182,0.029850746268656716,;IMP;;;;;;;IEA;;
GO:BP,GO:0001756,somitogenesis,0.002378586276446772,true,2,67,11,20972,0.18181818181818182,0.029850746268656716,IEA;IEA;;;;;;;;;
REAC,REAC:R-HSA-5633008,TP53 Regulates Transcription of Cell Death Genes,0.00244969304440557,true,2,44,11,11056,0.18181818181818182,0.045454545454545456,REAC;REAC;;;;;;;;;
GO:BP,GO:0000079,regulation of cyclin-dependent protein serine/threonine kinase activity,0.002586133470586085,true,2,70,11,20972,0.18181818181818182,0.02857142857142857,;;;;;;;;TAS;TAS;
GO:BP,GO:0060411,cardiac septum morphogenesis,0.0026504427592228498,true,2,71,11,20972,0.18181818181818182,0.028169014084507043,IEA;;;;;;;;;;IEA
GO:BP,GO:0070661,leukocyte proliferation,0.002708305058720651,true,3,339,11,20972,0.2727272727272727,0.008849557522123894,IEA;IMP;;;;;;;IEA;;
GO:BP,GO:0071260,cellular response to mechanical stimulus,0.002708305058720651,true,2,72,11,20972,0.18181818181818182,0.027777777777777776,;;;IEP;;;;;;IEP;
GO:BP,GO:0071496,cellular response to external stimulus,0.002770462127849794,true,2,73,11,20972,0.18181818181818182,0.0273972602739726,;;;IEP;;;;;;IEP;
GO:BP,GO:0007010,cytoskeleton organization,0.0028155508392466114,true,5,1534,11,20972,0.45454545454545453,0.003259452411994785,";;;IDA;IMP;NAS,IEA;IMP;;;IEA;"
GO:BP,GO:0006351,DNA-templated transcription,0.0028155508392466114,true,7,3523,11,20972,0.6363636363636364,0.0019869429463525404,"IDA,IMP,IGI,ISS,IBA,NAS,IEA;ISS,IEA;;;IDA;IDA,IMP,IBA,TAS,IEA;IDA,IBA;;;IMP;IDA,IMP"
GO:BP,GO:0032206,positive regulation of telomere maintenance,0.0028155508392466114,true,2,74,11,20972,0.18181818181818182,0.02702702702702703,";IMP,ISS,IEA;ISS;;;;;;;;"
REAC,REAC:R-HSA-9723905,Loss of function of TP53 in cancer due to loss of tetramerization ability,0.0028485121820656235,true,1,1,11,11056,0.09090909090909091,1,REAC;;;;;;;;;;
REAC,REAC:R-HSA-9723907,Loss of Function of TP53 in Cancer,0.0028485121820656235,true,1,1,11,11056,0.09090909090909091,1,REAC;;;;;;;;;;
GO:BP,GO:0051865,protein autoubiquitination,0.0029584123454066812,true,2,76,11,20972,0.18181818181818182,0.02631578947368421,";;;;;IDA,IEA;;;;;IMP"
GO:BP,GO:0044092,negative regulation of molecular function,0.003030021807113303,true,3,355,11,20972,0.2727272727272727,0.008450704225352112,TAS;;;;;;;;IMP;IMP;
GO:BP,GO:0051298,centrosome duplication,0.0030930355354365576,true,2,78,11,20972,0.18181818181818182,0.02564102564102564,;;;;;NAS;IMP;;;;
GO:BP,GO:0051246,regulation of protein metabolic process,0.003122702740550169,true,5,1574,11,20972,0.45454545454545453,0.0031766200762388818,"IEA;;;;IMP;;;;IDA,IMP,TAS;IMP,TAS;IDA"
REAC,REAC:R-HSA-69601,Ubiquitin-Mediated Degradation of Phosphorylated Cdc25A,0.0031939087034866713,true,2,52,11,11056,0.18181818181818182,0.038461538461538464,;;;REAC;REAC;;;;;;
REAC,REAC:R-HSA-349425,Autodegradation of the E3 ubiquitin ligase COP1,0.0031939087034866713,true,2,52,11,11056,0.18181818181818182,0.038461538461538464,REAC;REAC;;;;;;;;;
REAC,REAC:R-HSA-69613,p53-Independent G1/S DNA Damage Checkpoint,0.0031939087034866713,true,2,52,11,11056,0.18181818181818182,0.038461538461538464,;;;REAC;REAC;;;;;;
GO:BP,GO:0006289,nucleotide-excision repair,0.003426072871846247,true,2,83,11,20972,0.18181818181818182,0.024096385542168676,IMP;;;;;;IMP;;;;
GO:BP,GO:0070227,lymphocyte apoptotic process,0.003426072871846247,true,2,83,11,20972,0.18181818181818182,0.024096385542168676,"ISS,IEA;;;;IEA;;;;;;"
GO:BP,GO:0051252,regulation of RNA metabolic process,0.003426072871846247,true,7,3654,11,20972,0.6363636363636364,0.0019157088122605363,"IDA,IMP,IGI,ISS,IBA,NAS,IEA;ISS,IEA;;;IDA;IDA,IMP,IBA,TAS,IEA;IDA,IBA;;;IMP;IDA,IMP"
GO:BP,GO:0033365,protein localization to organelle,0.003426072871846247,true,4,887,11,20972,0.36363636363636365,0.004509582863585118,IEA;;IMP;;;;;;IEA;;IDA
GO:BP,GO:0010569,regulation of double-strand break repair via homologous recombination,0.003426072871846247,true,2,83,11,20972,0.18181818181818182,0.024096385542168676,;;;IDA;;;;IDA;;;
GO:BP,GO:0010557,positive regulation of macromolecule biosynthetic process,0.0034416192290534567,true,6,2538,11,20972,0.5454545454545454,0.002364066193853428,"IDA,IMP,IGI,ISS,IEA;IMP,ISS,IEA;ISS;;IDA;IDA,IMP,IBA,IEA;IDA;;;;"
GO:BP,GO:2001233,regulation of apoptotic signaling pathway,0.00346749783925544,true,3,376,11,20972,0.2727272727272727,0.007978723404255319,"IMP,ISS,IEA;;;;;IMP;;;;;IMP"
GO:BP,GO:0061053,somite development,0.003550692072452474,true,2,85,11,20972,0.18181818181818182,0.023529411764705882,IEA;IEA;;;;;;;;;
GO:BP,GO:0016236,macroautophagy,0.003550692072452474,true,3,380,11,20972,0.2727272727272727,0.007894736842105263,"IEA;IDA,IC;;;IDA;;;;;;"
GO:BP,GO:0031647,regulation of protein stability,0.0036750050798457683,true,3,385,11,20972,0.2727272727272727,0.007792207792207792,"IEA;;;;IDA;;;;;;IDA,IMP"
GO:BP,GO:0048145,regulation of fibroblast proliferation,0.0037688211929995086,true,2,88,11,20972,0.18181818181818182,0.022727272727272728,"IMP,IEA;;;;;;;;IMP;;"
GO:BP,GO:0045893,positive regulation of DNA-templated transcription,0.003952121513037751,true,5,1672,11,20972,0.45454545454545453,0.0029904306220095694,"IDA,IMP,IGI,ISS,IEA;ISS,IEA;;;IDA;IDA,IMP,IBA,IEA;IDA;;;;"
GO:BP,GO:1902680,positive regulation of RNA biosynthetic process,0.003960226742533141,true,5,1674,11,20972,0.45454545454545453,0.002986857825567503,"IDA,IMP,IGI,ISS,IEA;ISS,IEA;;;IDA;IDA,IMP,IBA,IEA;IDA;;;;"
GO:BP,GO:0010629,negative regulation of gene expression,0.003990112816255285,true,5,1678,11,20972,0.45454545454545453,0.0029797377830750892,"IEA;IDA;;ISS,IEA;;IMP,IEA;;;IEA;;"
GO:BP,GO:0141187,nucleic acid biosynthetic process,0.00400101218908473,true,9,6735,11,20972,0.8181818181818182,0.0013363028953229399,"IDA,IMP,IGI,ISS,IBA,NAS,IEA;IGI,ISS,IEA;ISS;;IDA;IDA,IMP,IBA,TAS,IEA;IDA,IBA;;IMP,IEA;IMP;IDA,IMP"
GO:BP,GO:0001558,regulation of cell growth,0.00400101218908473,true,3,399,11,20972,0.2727272727272727,0.007518796992481203,IMP;;;;;IMP;;;IDA;;
GO:BP,GO:0051097,negative regulation of helicase activity,0.004023141386579548,true,1,2,11,20972,0.09090909090909091,0.5,TAS;;;;;;;;;;
GO:BP,GO:1904024,negative regulation of glucose catabolic process to lactate via pyruvate,0.004023141386579548,true,1,2,11,20972,0.09090909090909091,0.5,IEA;;;;;;;;;;
GO:BP,GO:0048585,negative regulation of response to stimulus,0.004023141386579548,true,5,1693,11,20972,0.45454545454545453,0.0029533372711163615,"IEA;IMP,IBA,IEA;;;IEA;IMP;;;;;IDA,IMP,TAS"
GO:BP,GO:1905856,negative regulation of pentose-phosphate shunt,0.004023141386579548,true,1,2,11,20972,0.09090909090909091,0.5,IMP;;;;;;;;;;
GO:BP,GO:0009891,positive regulation of biosynthetic process,0.004023141386579548,true,6,2645,11,20972,0.5454545454545454,0.002268431001890359,"IDA,IMP,IGI,ISS,IEA;IMP,ISS,IEA;ISS;;IDA;IDA,IMP,IBA,IEA;IDA;;;;"
GO:BP,GO:0071460,cellular response to cell-matrix adhesion,0.004023141386579548,true,1,2,11,20972,0.09090909090909091,0.5,;;;;;;;;IMP;;
GO:BP,GO:0042100,B cell proliferation,0.004023141386579548,true,2,92,11,20972,0.18181818181818182,0.021739130434782608,;IMP;;;;;;;IEA;;
GO:BP,GO:1901698,response to nitrogen compound,0.004023141386579548,true,4,941,11,20972,0.36363636363636365,0.004250797024442083,"IDA;;;;;IDA;;IDA,IEA;;;IDA"
GO:BP,GO:1905179,negative regulation of cardiac muscle tissue regeneration,0.004023141386579548,true,1,2,11,20972,0.09090909090909091,0.5,";;;;;;;;ISS,IEA;;"
GO:BP,GO:1905178,regulation of cardiac muscle tissue regeneration,0.004023141386579548,true,1,2,11,20972,0.09090909090909091,0.5,";;;;;;;;ISS,IEA;;"
GO:BP,GO:2001251,negative regulation of chromosome organization,0.004305021932887815,true,2,97,11,20972,0.18181818181818182,0.020618556701030927,IDA;IMP;;;;;;;;;
GO:BP,GO:0009408,response to heat,0.004305021932887815,true,2,97,11,20972,0.18181818181818182,0.020618556701030927,;TAS;TAS;;;;;;;;
GO:BP,GO:0097306,cellular response to alcohol,0.004305021932887815,true,2,97,11,20972,0.18181818181818182,0.020618556701030927,;;;;;IDA;;IDA;;;
GO:BP,GO:0042221,response to chemical,0.004451673174372418,true,7,3863,11,20972,0.6363636363636364,0.0018120631633445508,"IDA,IMP,IGI,IEP,IEA;IDA,ISS,IEA;IEA;;IEA;IDA,IMP;;IDA,IEA;;;IDA,IEP"
GO:BP,GO:0043254,regulation of protein-containing complex assembly,0.004466982685448811,true,3,422,11,20972,0.2727272727272727,0.0071090047393364926,IDA;IMP;IMP;;;;;;;;
GO:BP,GO:0007059,chromosome segregation,0.0047637452838352684,true,3,432,11,20972,0.2727272727272727,0.006944444444444444,";IMP,IEA;;;IMP;IMP;;;;;"
REAC,REAC:R-HSA-1257604,PIP3 activates AKT signaling,0.0048418303771785446,true,3,257,11,11056,0.2727272727272727,0.011673151750972763,REAC;;;;;;;;REAC;;REAC
GO:BP,GO:0048534,hematopoietic or lymphoid organ development,0.004847905006901471,true,2,104,11,20972,0.18181818181818182,0.019230769230769232,IMP;IEA;;;;;;;;;
GO:BP,GO:0035282,segmentation,0.004847905006901471,true,2,104,11,20972,0.18181818181818182,0.019230769230769232,IEA;IEA;;;;;;;;;
GO:BP,GO:2001252,positive regulation of chromosome organization,0.004847905006901471,true,2,104,11,20972,0.18181818181818182,0.019230769230769232,";IMP,ISS,IEA;ISS;;;;;;;;"
REAC,REAC:R-HSA-5693571,Nonhomologous End-Joining (NHEJ),0.004890525664009826,true,2,68,11,11056,0.18181818181818182,0.029411764705882353,;REAC;;;;REAC;;;;;
REAC,REAC:R-HSA-9614085,FOXO-mediated transcription,0.004890525664009826,true,2,66,11,11056,0.18181818181818182,0.030303030303030304,;;;;;;;;REAC;REAC;
REAC,REAC:R-HSA-3371453,Regulation of HSF1-mediated heat shock response,0.004890525664009826,true,2,67,11,11056,0.18181818181818182,0.029850746268656716,;REAC;REAC;;;;;;;;
REAC,REAC:R-HSA-9663199,Defective DNA double strand break response due to BRCA1 loss of function,0.004890525664009826,true,1,2,11,11056,0.09090909090909091,0.5,;;;;;REAC;;;;;
REAC,REAC:R-HSA-9699150,Defective DNA double strand break response due to BARD1 loss of function,0.004890525664009826,true,1,2,11,11056,0.09090909090909091,0.5,;;;;;REAC;;;;;
REAC,REAC:R-HSA-6804754,Regulation of TP53 Expression,0.004890525664009826,true,1,2,11,11056,0.09090909090909091,0.5,REAC;;;;;;;;;;
REAC,REAC:R-HSA-9763198,Impaired BRCA2 binding to SEM1 (DSS1),0.004890525664009826,true,1,2,11,11056,0.09090909090909091,0.5,;;;;;;REAC;;;;
REAC,REAC:R-HSA-9709275,Impaired BRCA2 translocation to the nucleus,0.004890525664009826,true,1,2,11,11056,0.09090909090909091,0.5,;;;;;;REAC;;;;
GO:BP,GO:0008585,female gonad development,0.0049249405713834545,true,2,105,11,20972,0.18181818181818182,0.01904761904761905,;IEA;;;;;IEA;;;;
GO:BP,GO:0062014,negative regulation of small molecule metabolic process,0.005080082195122946,true,2,107,11,20972,0.18181818181818182,0.018691588785046728,"IMP,IEA;;;;;IMP;;;;;"
GO:BP,GO:0048144,fibroblast proliferation,0.005080082195122946,true,2,107,11,20972,0.18181818181818182,0.018691588785046728,"IMP,IEA;;;;;;;;IMP,IEA;;"
GO:BP,GO:0051254,positive regulation of RNA metabolic process,0.005116531931708398,true,5,1804,11,20972,0.45454545454545453,0.002771618625277162,"IDA,IMP,IGI,ISS,IEA;ISS,IEA;;;IDA;IDA,IMP,IBA,IEA;IDA;;;;"
GO:BP,GO:0006469,negative regulation of protein kinase activity,0.005142010190886691,true,2,108,11,20972,0.18181818181818182,0.018518518518518517,;;;;;;;;IMP;IMP;
GO:BP,GO:0009894,regulation of catabolic process,0.005172643124945,true,4,1024,11,20972,0.36363636363636365,0.00390625,"IMP,IEA;IMP,IEA;;;IMP;;;;;;IDA"
GO:BP,GO:0048477,oogenesis,0.005187835410630995,true,2,109,11,20972,0.18181818181818182,0.01834862385321101,;IEA;;;;;IEA;;;;
GO:BP,GO:0046545,development of primary female sexual characteristics,0.005187835410630995,true,2,109,11,20972,0.18181818181818182,0.01834862385321101,;IEA;;;;;IEA;;;;
GO:BP,GO:0034654,nucleobase-containing compound biosynthetic process,0.005217327590556184,true,9,7035,11,20972,0.8181818181818182,0.001279317697228145,"IDA,IMP,IGI,ISS,IBA,NAS,IEA;IGI,ISS,IEA;ISS;;IDA;IDA,IMP,IBA,TAS,IEA;IDA,IBA;;IMP,IEA;IMP;IDA,IMP"
GO:BP,GO:0003279,cardiac septum development,0.005249787264452184,true,2,110,11,20972,0.18181818181818182,0.01818181818181818,IEA;;;;;;;;;;IEA
GO:BP,GO:1901989,positive regulation of cell cycle phase transition,0.005423462255456928,true,2,112,11,20972,0.18181818181818182,0.017857142857142856,;;;;IEA;;;;;;IEA
GO:BP,GO:0048731,system development,0.0054326771455219915,true,7,4023,11,20972,0.6363636363636364,0.0017399950285856326,"IMP,IEA;IEA;;;;IMP;IEA;;ISS,IEA;IEA;IEA"
GO:BP,GO:0071494,cellular response to UV-C,0.005476632036413576,true,1,3,11,20972,0.09090909090909091,0.3333333333333333,IEA;;;;;;;;;;
GO:BP,GO:0033673,negative regulation of kinase activity,0.005476632036413576,true,2,114,11,20972,0.18181818181818182,0.017543859649122806,;;;;;;;;IMP;IMP;
GO:BP,GO:0042501,serine phosphorylation of STAT protein,0.005476632036413576,true,1,3,11,20972,0.09090909090909091,0.3333333333333333,;;;;;;;;;IMP;
GO:BP,GO:0002309,T cell proliferation involved in immune response,0.005476632036413576,true,1,3,11,20972,0.09090909090909091,0.3333333333333333,IEA;;;;;;;;;;
GO:BP,GO:0033139,regulation of peptidyl-serine phosphorylation of STAT protein,0.005476632036413576,true,1,3,11,20972,0.09090909090909091,0.3333333333333333,;;;;;;;;;IMP;
GO:BP,GO:1904023,regulation of glucose catabolic process to lactate via pyruvate,0.005476632036413576,true,1,3,11,20972,0.09090909090909091,0.3333333333333333,IEA;;;;;;;;;;
GO:BP,GO:0019661,homolactic fermentation,0.005476632036413576,true,1,3,11,20972,0.09090909090909091,0.3333333333333333,IEA;;;;;;;;;;
GO:BP,GO:2000002,negative regulation of DNA damage checkpoint,0.005476632036413576,true,1,3,11,20972,0.09090909090909091,0.3333333333333333,;;;;IEA;;;;;;
GO:BP,GO:1901003,negative regulation of fermentation,0.005476632036413576,true,1,3,11,20972,0.09090909090909091,0.3333333333333333,IEA;;;;;;;;;;
GO:BP,GO:0019659,glucose catabolic process to lactate,0.005476632036413576,true,1,3,11,20972,0.09090909090909091,0.3333333333333333,IEA;;;;;;;;;;
GO:BP,GO:0071887,leukocyte apoptotic process,0.005684925232620138,true,2,117,11,20972,0.18181818181818182,0.017094017094017096,"ISS,IEA;;;;IEA;;;;;;"
GO:BP,GO:0007265,Ras protein signal transduction,0.005684925232620138,true,2,117,11,20972,0.18181818181818182,0.017094017094017096,IEP;;;;;;;;IEP;;
GO:BP,GO:0000045,autophagosome assembly,0.005764232671680561,true,2,118,11,20972,0.18181818181818182,0.01694915254237288,;IC;;;IDA;;;;;;
GO:BP,GO:0001824,blastocyst development,0.005826713265688482,true,2,119,11,20972,0.18181818181818182,0.01680672268907563,;;;IEA;;;IEA;;;;
GO:BP,GO:0016049,cell growth,0.005826713265688482,true,3,478,11,20972,0.2727272727272727,0.006276150627615063,IMP;;;;;IMP;;;IDA;;
REAC,REAC:R-HSA-1221632,Meiotic synapsis,0.005987977103850513,true,2,76,11,11056,0.18181818181818182,0.02631578947368421,;;REAC;;;REAC;;;;;
GO:BP,GO:0007088,regulation of mitotic nuclear division,0.006004004628171176,true,2,121,11,20972,0.18181818181818182,0.01652892561983471,;IMP;;IDA;;;;;;;
GO:BP,GO:0051241,negative regulation of multicellular organismal process,0.006106843321757214,true,4,1091,11,20972,0.36363636363636365,0.0036663611365719525,IEA;IMP;;;;;IDA;;;IEA;
GO:BP,GO:0045931,positive regulation of mitotic cell cycle,0.006165360260485911,true,2,123,11,20972,0.18181818181818182,0.016260162601626018,";;;;;;IEA;;;;IMP,IBA,IEA"
GO:BP,GO:0072089,stem cell proliferation,0.006346233012682603,true,2,125,11,20972,0.18181818181818182,0.016,IEA;;;;;;IEA;;;;
REAC,REAC:R-HSA-8852276,The role of GTSE1 in G2/M progression after G2 checkpoint,0.006388498917591823,true,2,79,11,11056,0.18181818181818182,0.02531645569620253,REAC;;;;;;;;REAC;;
GO:BP,GO:1905037,autophagosome organization,0.006391171196650752,true,2,126,11,20972,0.18181818181818182,0.015873015873015872,;IC;;;IDA;;;;;;
GO:BP,GO:1902533,positive regulation of intracellular signal transduction,0.006391171196650752,true,4,1108,11,20972,0.36363636363636365,0.0036101083032490976,"IMP,ISS;IMP;IMP;;;;;;;IDA;"
GO:BP,GO:0044089,positive regulation of cellular component biogenesis,0.006391171196650752,true,3,497,11,20972,0.2727272727272727,0.006036217303822937,IDA;IMP;IMP;;;;;;;;
REAC,REAC:R-HSA-9006925,Intracellular signaling by second messengers,0.006395871195232722,true,3,297,11,11056,0.2727272727272727,0.010101010101010102,REAC;;;;;;;;REAC;;REAC
REAC,REAC:R-HSA-5688426,Deubiquitination,0.006395871195232722,true,3,298,11,11056,0.2727272727272727,0.010067114093959731,REAC;;;;;REAC;;;;;REAC
GO:BP,GO:0010638,positive regulation of organelle organization,0.006423053371380372,true,3,499,11,20972,0.2727272727272727,0.006012024048096192,"IDA;IMP,ISS,IEA;ISS;;;;;;;;"
GO:BP,GO:0003206,cardiac chamber morphogenesis,0.006454477399360518,true,2,127,11,20972,0.18181818181818182,0.015748031496062992,IEA;;;;;;;;;;IEA
GO:BP,GO:0046660,female sex differentiation,0.006637413563027163,true,2,129,11,20972,0.18181818181818182,0.015503875968992248,;IEA;;;;;IEA;;;;
GO:BP,GO:0090735,DNA repair complex assembly,0.006683777183164204,true,1,4,11,20972,0.09090909090909091,0.25,";;;;;;;IMP,IBA;;;"
GO:BP,GO:0002331,pre-B cell allelic exclusion,0.006683777183164204,true,1,4,11,20972,0.09090909090909091,0.25,";ISS,IEA;;;;;;;;;"
GO:BP,GO:0072719,cellular response to cisplatin,0.006683777183164204,true,1,4,11,20972,0.09090909090909091,0.25,;;;;;;;IEA;;;
GO:BP,GO:0007089,traversing start control point of mitotic cell cycle,0.006683777183164204,true,1,4,11,20972,0.09090909090909091,0.25,;;;;;;;;;;IEA
GO:BP,GO:0090403,oxidative stress-induced premature senescence,0.006683777183164204,true,1,4,11,20972,0.09090909090909091,0.25,IMP;;;;;;;;;;
GO:BP,GO:0000730,DNA recombinase assembly,0.006683777183164204,true,1,4,11,20972,0.09090909090909091,0.25,";;;;;;;IMP,IBA;;;"
GO:BP,GO:0043465,regulation of fermentation,0.006683777183164204,true,1,4,11,20972,0.09090909090909091,0.25,IEA;;;;;;;;;;
GO:BP,GO:0043170,macromolecule metabolic process,0.006683777183164204,true,11,11942,11,20972,1,0.0009211187405794674,"IDA,IMP,IGI,ISS,IBA,NAS,IEA;IDA,IMP,IGI,ISS,IBA,TAS,IEA;IDA,IMP,ISS,IBA,TAS,NAS,IEA;IDA,IMP,ISS,TAS,IEA;IDA,IMP,TAS,IEA;IDA,IMP,IBA,TAS,NAS,IEA;IDA,IMP,IBA,IEA;IDA,IMP,ISS,IBA,TAS,IEA;IDA,IMP,TAS,IEA;IMP,TAS;IDA,IMP,IGI,IBA,TAS,IEA"
GO:BP,GO:0072757,cellular response to camptothecin,0.006683777183164204,true,1,4,11,20972,0.09090909090909091,0.25,;;;;;;;IDA;;;
GO:BP,GO:1903926,cellular response to bisphenol A,0.006683777183164204,true,1,4,11,20972,0.09090909090909091,0.25,;;;;IEA;;;;;;
GO:BP,GO:1903925,response to bisphenol A,0.006683777183164204,true,1,4,11,20972,0.09090909090909091,0.25,;;;;IEA;;;;;;
GO:BP,GO:0050794,regulation of cellular process,0.006683777183164204,true,11,11962,11,20972,1,0.000919578665774954,"IDA,IMP,IGI,IEP,ISS,IBA,TAS,NAS,IEA;IDA,IMP,IGI,ISS,IBA,TAS,IC,IEA;IDA,IMP,ISS,IBA,TAS,NAS,IEA;IDA,IMP,ISS,IBA,TAS,IEA;IDA,IMP,IBA,TAS,IEA;IDA,IMP,IBA,TAS,NAS,IEA;IDA,IBA,NAS,IEA;IDA,NAS;IDA,IMP,IGI,IEP,ISS,IBA,TAS,IEA;IDA,IMP,IBA,TAS,IEA;IDA,IMP,IBA,TAS,IEA"
GO:BP,GO:0033600,negative regulation of mammary gland epithelial cell proliferation,0.006683777183164204,true,1,4,11,20972,0.09090909090909091,0.25,;;;;;;IDA;;;;
GO:BP,GO:0097252,oligodendrocyte apoptotic process,0.006683777183164204,true,1,4,11,20972,0.09090909090909091,0.25,IDA;;;;;;;;;;
GO:BP,GO:1901563,response to camptothecin,0.006683777183164204,true,1,4,11,20972,0.09090909090909091,0.25,;;;;;;;IDA;;;
GO:BP,GO:0045899,positive regulation of RNA polymerase II transcription preinitiation complex assembly,0.006683777183164204,true,1,4,11,20972,0.09090909090909091,0.25,IDA;;;;;;;;;;
GO:BP,GO:0050864,regulation of B cell activation,0.00672336941243888,true,2,133,11,20972,0.18181818181818182,0.015037593984962405,;IMP;;;;;;;IEA;;
GO:BP,GO:0071456,cellular response to hypoxia,0.006905146142490153,true,2,135,11,20972,0.18181818181818182,0.014814814814814815,"IEP,IEA;;;;;;;;;;IEP"
GO:BP,GO:0009888,tissue development,0.007233396423058005,true,5,2014,11,20972,0.45454545454545453,0.0024826216484607746,"IMP,IEA;IEA;;;;;IDA;;IEA;;IEA"
GO:BP,GO:0045739,positive regulation of DNA repair,0.007377483300212822,true,2,140,11,20972,0.18181818181818182,0.014285714285714285,;IMP;;;;IMP;;;;;
GO:BP,GO:0000018,regulation of DNA recombination,0.007461381474145134,true,2,141,11,20972,0.18181818181818182,0.014184397163120567,;;;IDA;;;;IDA;;;
REAC,REAC:R-HSA-3371556,Cellular response to heat stress,0.007465954668116491,true,2,87,11,11056,0.18181818181818182,0.022988505747126436,;REAC;REAC;;;;;;;;
GO:BP,GO:0030183,B cell differentiation,0.007545523719388972,true,2,142,11,20972,0.18181818181818182,0.014084507042253521,"IEA;ISS,IEA;;;;;;;;;"
GO:BP,GO:0036294,cellular response to decreased oxygen levels,0.007629907458706829,true,2,143,11,20972,0.18181818181818182,0.013986013986013986,"IEP,IEA;;;;;;;;;;IEP"
GO:BP,GO:0048646,anatomical structure formation involved in morphogenesis,0.007696767050274192,true,4,1190,11,20972,0.36363636363636365,0.0033613445378151263,IEA;IEA;;;;IMP;;;;IEA;
GO:BP,GO:0044238,primary metabolic process,0.007804263216776353,true,11,12170,11,20972,1,0.0009038619556285949,"IDA,IMP,IGI,ISS,IBA,NAS,IEA;IDA,IMP,IGI,ISS,IBA,TAS,IEA;IDA,IMP,ISS,IBA,TAS,NAS,IEA;IDA,IMP,TAS,IEA;IDA,IMP,TAS,IEA;IDA,IMP,IBA,TAS,NAS,IEA;IDA,IMP,IBA,IEA;IDA,IMP,ISS,IBA,TAS,IEA;IDA,IMP,TAS,IEA;IMP,TAS;IDA,IMP,IGI,IBA,TAS,IEA"
GO:BP,GO:0051783,regulation of nuclear division,0.007982947485320208,true,2,147,11,20972,0.18181818181818182,0.013605442176870748,;IMP;;IDA;;;;;;;
GO:BP,GO:0001933,negative regulation of protein phosphorylation,0.007982947485320208,true,2,148,11,20972,0.18181818181818182,0.013513513513513514,;;;;;;;;IMP;IMP;
GO:BP,GO:0070245,positive regulation of thymocyte apoptotic process,0.007982947485320208,true,1,5,11,20972,0.09090909090909091,0.2,"ISS,IEA;;;;;;;;;;"
GO:BP,GO:0009059,macromolecule biosynthetic process,0.007982947485320208,true,10,9605,11,20972,0.9090909090909091,0.001041124414367517,"IDA,IMP,IGI,ISS,IBA,NAS,IEA;IDA,IMP,IGI,ISS,IEA;ISS;ISS,IEA;IDA;IDA,IMP,IBA,TAS,IEA;IDA,IBA;;IMP,IEA;IMP;IDA,IMP,IEA"
GO:BP,GO:0071681,cellular response to indole-3-methanol,0.007982947485320208,true,1,5,11,20972,0.09090909090909091,0.2,;;;;;IDA;;;;;
GO:BP,GO:0071680,response to indole-3-methanol,0.007982947485320208,true,1,5,11,20972,0.09090909090909091,0.2,;;;;;IDA;;;;;
GO:BP,GO:1903450,regulation of G1 to G0 transition,0.007982947485320208,true,1,5,11,20972,0.09090909090909091,0.2,"IDA,IMP;;;;;;;;;;"
GO:BP,GO:0006113,fermentation,0.007982947485320208,true,1,5,11,20972,0.09090909090909091,0.2,IEA;;;;;;;;;;
GO:BP,GO:0006997,nucleus organization,0.008444062393470243,true,2,153,11,20972,0.18181818181818182,0.013071895424836602,;;IDA;IEA;;;;;;;
GO:BP,GO:0051248,negative regulation of protein metabolic process,0.008444062393470243,true,3,569,11,20972,0.2727272727272727,0.005272407732864675,IEA;;;;;;;;IMP;IMP;
GO:BP,GO:0060429,epithelium development,0.008521153667251962,true,4,1234,11,20972,0.36363636363636365,0.0032414910858995136,IEA;IEA;;;;;IDA;;IEA;;
GO:BP,GO:0048856,anatomical structure development,0.008730245218321357,true,8,5948,11,20972,0.7272727272727273,0.0013449899125756557,"IMP,IEA;ISS,IEA;;IEA;;IMP,IBA,IEA;IDA,IEA;;ISS,IEA;IEA;IEA"
REAC,REAC:R-HSA-2219528,PI3K/AKT Signaling in Cancer,0.008956567902787635,true,2,96,11,11056,0.18181818181818182,0.020833333333333332,;;;;;;;;REAC;;REAC
GO:BP,GO:0071453,cellular response to oxygen levels,0.00903405549600249,true,2,159,11,20972,0.18181818181818182,0.012578616352201259,"IEP,IEA;;;;;;;;;;IEP"
GO:BP,GO:0051236,establishment of RNA localization,0.00911021565143626,true,2,163,11,20972,0.18181818181818182,0.012269938650306749,;IMP;IMP;;;;;;;;
GO:BP,GO:0050789,regulation of biological process,0.00911021565143626,true,11,12397,11,20972,1,0.0008873114463176575,"IDA,IMP,IGI,IEP,ISS,IBA,TAS,NAS,IEA;IDA,IMP,IGI,ISS,IBA,TAS,IC,IEA;IDA,IMP,ISS,IBA,TAS,NAS,IEA;IDA,IMP,ISS,IBA,TAS,IEA;IDA,IMP,IBA,TAS,IEA;IDA,IMP,IBA,TAS,NAS,IEA;IDA,IBA,NAS,IEA;IDA,NAS;IDA,IMP,IGI,IEP,ISS,IBA,TAS,IEA;IDA,IMP,IBA,TAS,IEA;IDA,IMP,IBA,TAS,IEA"
GO:BP,GO:0061026,cardiac muscle tissue regeneration,0.00911021565143626,true,1,6,11,20972,0.09090909090909091,0.16666666666666666,";;;;;;;;ISS,IEA;;"
GO:BP,GO:0042148,DNA strand invasion,0.00911021565143626,true,1,6,11,20972,0.09090909090909091,0.16666666666666666,;;;;;;;IBA;;;
GO:BP,GO:0072718,response to cisplatin,0.00911021565143626,true,1,6,11,20972,0.09090909090909091,0.16666666666666666,;;;;;;;IEA;;;
GO:BP,GO:0002326,B cell lineage commitment,0.00911021565143626,true,1,6,11,20972,0.09090909090909091,0.16666666666666666,IEA;;;;;;;;;;
GO:BP,GO:0090402,oncogene-induced cell senescence,0.00911021565143626,true,1,6,11,20972,0.09090909090909091,0.16666666666666666,;;;;;;;;IEA;;
GO:BP,GO:0072594,establishment of protein localization to organelle,0.00911021565143626,true,3,587,11,20972,0.2727272727272727,0.005110732538330494,"IEA;;;;;;IDA,IEA;;IEA;;"
GO:BP,GO:0071500,cellular response to nitrosative stress,0.00911021565143626,true,1,6,11,20972,0.09090909090909091,0.16666666666666666,;IDA;;;;;;;;;
GO:BP,GO:0002329,pre-B cell differentiation,0.00911021565143626,true,1,6,11,20972,0.09090909090909091,0.16666666666666666,";ISS,IEA;;;;;;;;;"
GO:BP,GO:0040008,regulation of growth,0.00911021565143626,true,3,590,11,20972,0.2727272727272727,0.005084745762711864,"IMP;;;;;IMP;;;IDA,ISS,IEA;;"
GO:BP,GO:0045898,regulation of RNA polymerase II transcription preinitiation complex assembly,0.00911021565143626,true,1,6,11,20972,0.09090909090909091,0.16666666666666666,IDA;;;;;;;;;;
GO:BP,GO:0070317,negative regulation of G0 to G1 transition,0.00911021565143626,true,1,6,11,20972,0.09090909090909091,0.16666666666666666,;;;TAS;;;;;;;
GO:BP,GO:0043456,regulation of pentose-phosphate shunt,0.00911021565143626,true,1,6,11,20972,0.09090909090909091,0.16666666666666666,IMP;;;;;;;;;;
GO:BP,GO:1990414,replication-born double-strand break repair via sister chromatid exchange,0.00911021565143626,true,1,6,11,20972,0.09090909090909091,0.16666666666666666,;;;;;;;IEA;;;
GO:BP,GO:0042326,negative regulation of phosphorylation,0.00911021565143626,true,2,163,11,20972,0.18181818181818182,0.012269938650306749,";;;;;;;;IDA,IMP;IMP;"
GO:BP,GO:0045892,negative regulation of DNA-templated transcription,0.009153864187436647,true,4,1275,11,20972,0.36363636363636365,0.003137254901960784,"IDA,IMP,ISS,NAS,IEA;;;;;IDA;;;;IMP;IDA,IMP"
GO:BP,GO:0061919,process utilizing autophagic mechanism,0.009242057086865723,true,3,599,11,20972,0.2727272727272727,0.005008347245409015,"IMP,IEA;IDA,IMP,IC,IEA;;;IDA;;;;;;"
GO:BP,GO:0006914,autophagy,0.009242057086865723,true,3,599,11,20972,0.2727272727272727,0.005008347245409015,"IMP,IEA;IDA,IMP,IC,IEA;;;IDA;;;;;;"
GO:BP,GO:1902679,negative regulation of RNA biosynthetic process,0.009323062845807632,true,4,1284,11,20972,0.36363636363636365,0.003115264797507788,"IDA,IMP,ISS,NAS,IEA;;;;;IDA;;;;IMP;IDA,IMP"
GO:BP,GO:0006606,protein import into nucleus,0.009326451295444743,true,2,166,11,20972,0.18181818181818182,0.012048192771084338,IEA;;;;;;;;IEA;;
GO:BP,GO:0009266,response to temperature stimulus,0.009413837956655244,true,2,167,11,20972,0.18181818181818182,0.011976047904191617,;TAS;TAS;;;;;;;;
GO:BP,GO:0007292,female gamete generation,0.009501414136917978,true,2,168,11,20972,0.18181818181818182,0.011904761904761904,;IEA;;;;;IEA;;;;
GO:BP,GO:0035264,multicellular organism growth,0.00970055865806227,true,2,170,11,20972,0.18181818181818182,0.011764705882352941,IEA;IEA;;;;;;;;;
GO:BP,GO:0003205,cardiac chamber development,0.009788848181062347,true,2,171,11,20972,0.18181818181818182,0.011695906432748537,IEA;;;;;;;;;;IEA
GO:BP,GO:0051170,import into nucleus,0.009877319304536562,true,2,172,11,20972,0.18181818181818182,0.011627906976744186,"IEA;;;;;;;;IMP,IEA;;"
GO:BP,GO:2001242,regulation of intrinsic apoptotic signaling pathway,0.010192572087220261,true,2,175,11,20972,0.18181818181818182,0.011428571428571429,"IMP,ISS,IEA;;;;;;;;;;IMP"
GO:BP,GO:0043504,mitochondrial DNA repair,0.010237677305150726,true,1,7,11,20972,0.09090909090909091,0.14285714285714285,IEA;;;;;;;;;;
GO:BP,GO:2000210,positive regulation of anoikis,0.010237677305150726,true,1,7,11,20972,0.09090909090909091,0.14285714285714285,;;;;IEA;;;;;;
GO:BP,GO:0046600,negative regulation of centriole replication,0.010237677305150726,true,1,7,11,20972,0.09090909090909091,0.14285714285714285,;;;;;NAS;;;;;
GO:BP,GO:0048771,tissue remodeling,0.010436647064270015,true,2,178,11,20972,0.18181818181818182,0.011235955056179775,IEA;;;;;;;;;;IEA
GO:BP,GO:0009267,cellular response to starvation,0.01110857179657535,true,2,184,11,20972,0.18181818181818182,0.010869565217391304,"IDA;;;;;;;;IMP,IEA;;"
REAC,REAC:R-HSA-111448,Activation of NOXA and translocation to mitochondria,0.011159435547844416,true,1,5,11,11056,0.09090909090909091,0.2,REAC;;;;;;;;;;
REAC,REAC:R-HSA-8866911,TFAP2 (AP-2) family regulates transcription of cell cycle factors,0.011159435547844416,true,1,5,11,11056,0.09090909090909091,0.2,;;;;;;;;REAC;;
GO:BP,GO:0045003,double-strand break repair via synthesis-dependent strand annealing,0.011478258524511892,true,1,8,11,20972,0.09090909090909091,0.125,";;;;;;;IMP,IBA;;;"
GO:BP,GO:1902031,regulation of NADP metabolic process,0.011478258524511892,true,1,8,11,20972,0.09090909090909091,0.125,IMP;;;;;;;;;;
GO:BP,GO:0062100,positive regulation of programmed necrotic cell death,0.011478258524511892,true,1,8,11,20972,0.09090909090909091,0.125,IEA;;;;;;;;;;
GO:BP,GO:1904354,negative regulation of telomere capping,0.011478258524511892,true,1,8,11,20972,0.09090909090909091,0.125,;IMP;;;;;;;;;
GO:BP,GO:1901977,negative regulation of cell cycle checkpoint,0.011478258524511892,true,1,8,11,20972,0.09090909090909091,0.125,;;;;IEA;;;;;;
GO:BP,GO:1903799,negative regulation of miRNA processing,0.011478258524511892,true,1,8,11,20972,0.09090909090909091,0.125,IEA;;;;;;;;;;
REAC,REAC:R-HSA-6785807,Interleukin-4 and Interleukin-13 signaling,0.01151435037930236,true,2,111,11,11056,0.18181818181818182,0.018018018018018018,REAC;;;;;;;;REAC;;
GO:BP,GO:0048584,positive regulation of response to stimulus,0.011732242735707254,true,5,2320,11,20972,0.45454545454545453,0.0021551724137931034,"IMP,ISS;IMP;IMP;;;IMP;;;;IDA;"
GO:BP,GO:0051253,negative regulation of RNA metabolic process,0.011827162818884764,true,4,1389,11,20972,0.36363636363636365,0.0028797696184305254,"IDA,IMP,ISS,NAS,IEA;;;;;IDA;;;;IMP;IDA,IMP"
GO:BP,GO:0071900,regulation of protein serine/threonine kinase activity,0.011910617318657758,true,2,193,11,20972,0.18181818181818182,0.010362694300518135,";;;;;;;;TAS;IMP,TAS;"
GO:BP,GO:0065007,biological regulation,0.011910617318657758,true,11,12804,11,20972,1,0.000859106529209622,"IDA,IMP,IGI,IEP,ISS,IBA,TAS,NAS,IEA;IDA,IMP,IGI,ISS,IBA,TAS,IC,IEA;IDA,IMP,ISS,IBA,TAS,NAS,IEA;IDA,IMP,ISS,IBA,TAS,IEA;IDA,IMP,IBA,TAS,IEA;IDA,IMP,IBA,TAS,NAS,IEA;IDA,IBA,NAS,IEA;IDA,NAS;IDA,IMP,IGI,IEP,ISS,IBA,TAS,IEA;IDA,IMP,IBA,TAS,IEA;IDA,IMP,IBA,TAS,IEA"
GO:BP,GO:0000070,mitotic sister chromatid segregation,0.011975671640317405,true,2,194,11,20972,0.18181818181818182,0.010309278350515464,;IMP;;;IMP;;;;;;
GO:BP,GO:0071466,cellular response to xenobiotic stimulus,0.011975671640317405,true,2,194,11,20972,0.18181818181818182,0.010309278350515464,IEP;;;;IEA;;;;;;
GO:BP,GO:0045814,"negative regulation of gene expression, epigenetic",0.012068438518618033,true,2,195,11,20972,0.18181818181818182,0.010256410256410256,";;;ISS,IEA;;IMP,IEA;;;;;"
GO:BP,GO:0071356,cellular response to tumor necrosis factor,0.012404344845151844,true,2,198,11,20972,0.18181818181818182,0.010101010101010102,IGI;;;;;IMP;;;;;
GO:BP,GO:0022607,cellular component assembly,0.012420199945428246,true,7,4830,11,20972,0.6363636363636364,0.0014492753623188406,"IDA,IEA;IMP,IC;IMP;;IDA,IMP;NAS,IEA;;IMP,IBA;;;IDA"
GO:BP,GO:0046602,regulation of mitotic centrosome separation,0.012500122985799961,true,1,9,11,20972,0.09090909090909091,0.1111111111111111,;;;IDA;;;;;;;
GO:BP,GO:0036289,peptidyl-serine autophosphorylation,0.012500122985799961,true,1,9,11,20972,0.09090909090909091,0.1111111111111111,;IMP;;;;;;;;;
GO:BP,GO:0071481,cellular response to X-ray,0.012500122985799961,true,1,9,11,20972,0.09090909090909091,0.1111111111111111,;IDA;;;;;;;;;
GO:BP,GO:0033137,negative regulation of peptidyl-serine phosphorylation,0.012500122985799961,true,1,9,11,20972,0.09090909090909091,0.1111111111111111,;;;;;;;;;IMP;
GO:BP,GO:0048539,bone marrow development,0.012500122985799961,true,1,9,11,20972,0.09090909090909091,0.1111111111111111,IMP;;;;;;;;;;
GO:BP,GO:0006403,RNA localization,0.012570792508238683,true,2,201,11,20972,0.18181818181818182,0.009950248756218905,;IMP;IMP;;;;;;;;
GO:BP,GO:0002520,immune system development,0.013032931576109647,true,2,205,11,20972,0.18181818181818182,0.00975609756097561,IMP;IEA;;;;;;;;;
REAC,REAC:R-HSA-5693548,Sensing of DNA Double Strand Breaks,0.013103473051434646,true,1,6,11,11056,0.09090909090909091,0.16666666666666666,;REAC;;;;;;;;;
GO:BP,GO:0051174,regulation of phosphorus metabolic process,0.013278305165137283,true,3,702,11,20972,0.2727272727272727,0.004273504273504274,"IMP;;;;;;;;IDA,IMP,TAS;IMP,TAS;"
REAC,REAC:R-HSA-2559580,Oxidative Stress Induced Senescence,0.01354977878372859,true,2,122,11,11056,0.18181818181818182,0.01639344262295082,REAC;;;;;;;;;;REAC
GO:BP,GO:1990144,intrinsic apoptotic signaling pathway in response to hypoxia,0.013668751018815341,true,1,10,11,20972,0.09090909090909091,0.1,IEA;;;;;;;;;;
GO:BP,GO:0110025,DNA strand resection involved in replication fork processing,0.013668751018815341,true,1,10,11,20972,0.09090909090909091,0.1,;;;;;NAS;;;;;
GO:BP,GO:0051409,response to nitrosative stress,0.013668751018815341,true,1,10,11,20972,0.09090909090909091,0.1,;IDA;;;;;;;;;
GO:BP,GO:0009952,anterior/posterior pattern specification,0.013668751018815341,true,2,211,11,20972,0.18181818181818182,0.009478672985781991,IEA;IEA;;;;;;;;;
GO:BP,GO:0050793,regulation of developmental process,0.013730059100028695,true,5,2431,11,20972,0.45454545454545453,0.0020567667626491155,"IEA;;;;;IMP;;;ISS,IEA;IEA;IEA"
GO:BP,GO:0065004,protein-DNA complex assembly,0.01382199232844272,true,2,213,11,20972,0.18181818181818182,0.009389671361502348,"IDA;;;;;;;IMP,IBA;;;"
REAC,REAC:R-HSA-9755511,KEAP1-NFE2L2 pathway,0.013840181340094512,true,2,124,11,11056,0.18181818181818182,0.016129032258064516,;;;;;REAC;;;REAC;;
GO:BP,GO:0034612,response to tumor necrosis factor,0.014171328818370788,true,2,216,11,20972,0.18181818181818182,0.009259259259259259,IGI;;;;;IMP;;;;;
GO:BP,GO:0042594,response to starvation,0.014267428103492626,true,2,217,11,20972,0.18181818181818182,0.009216589861751152,"IDA;;;;;;;;IMP,IEA;;"
GO:BP,GO:0001568,blood vessel development,0.014336743167145186,true,3,727,11,20972,0.2727272727272727,0.0041265474552957355,;;;;;IMP;;;;IEA;IEA
GO:BP,GO:0032502,developmental process,0.014336743167145186,true,8,6535,11,20972,0.7272727272727273,0.001224177505738332,"IMP,IEA;ISS,IEA;;IEA;;IMP,IBA,IEA;IDA,IEA;;ISS,IEA;IEA;IEA"
GO:BP,GO:1990918,double-strand break repair involved in meiotic recombination,0.014639902552719308,true,1,11,11,20972,0.09090909090909091,0.09090909090909091,;;;;;;;IEA;;;
GO:BP,GO:0071044,histone mRNA catabolic process,0.014639902552719308,true,1,11,11,20972,0.09090909090909091,0.09090909090909091,;IDA;;;;;;;;;
GO:BP,GO:0072711,cellular response to hydroxyurea,0.014639902552719308,true,1,11,11,20972,0.09090909090909091,0.09090909090909091,;;;;;;;IEA;;;
GO:BP,GO:0007420,brain development,0.014639902552719308,true,3,736,11,20972,0.2727272727272727,0.004076086956521739,IEA;IEA;;;;;IEA;;;;
GO:BP,GO:0007406,negative regulation of neuroblast proliferation,0.014639902552719308,true,1,11,11,20972,0.09090909090909091,0.09090909090909091,IEA;;;;;;;;;;
GO:BP,GO:0006983,ER overload response,0.014639902552719308,true,1,11,11,20972,0.09090909090909091,0.09090909090909091,IDA;;;;;;;;;;
GO:BP,GO:0008406,gonad development,0.015267270064303696,true,2,227,11,20972,0.18181818181818182,0.00881057268722467,;IEA;;;;;IEA;;;;
GO:BP,GO:2001234,negative regulation of apoptotic signaling pathway,0.015364643357950777,true,2,228,11,20972,0.18181818181818182,0.008771929824561403,;;;;;IMP;;;;;IMP
GO:BP,GO:0045141,meiotic telomere clustering,0.015365729111640958,true,1,12,11,20972,0.09090909090909091,0.08333333333333333,;IEA;;;;;;;;;
GO:BP,GO:0010666,positive regulation of cardiac muscle cell apoptotic process,0.015365729111640958,true,1,12,11,20972,0.09090909090909091,0.08333333333333333,IEA;;;;;;;;;;
GO:BP,GO:0010826,negative regulation of centrosome duplication,0.015365729111640958,true,1,12,11,20972,0.09090909090909091,0.08333333333333333,;;;;;NAS;;;;;
GO:BP,GO:0050821,protein stabilization,0.015365729111640958,true,2,230,11,20972,0.18181818181818182,0.008695652173913044,IEA;;;;IDA;;;;;;
GO:BP,GO:0045137,development of primary sexual characteristics,0.015365729111640958,true,2,232,11,20972,0.18181818181818182,0.008620689655172414,;IEA;;;;;IEA;;;;
GO:BP,GO:0001944,vasculature development,0.015365729111640958,true,3,758,11,20972,0.2727272727272727,0.00395778364116095,;;;;;IMP;;;;IEA;IEA
GO:BP,GO:0072710,response to hydroxyurea,0.015365729111640958,true,1,12,11,20972,0.09090909090909091,0.08333333333333333,;;;;;;;IEA;;;
GO:BP,GO:0071493,cellular response to UV-B,0.015365729111640958,true,1,12,11,20972,0.09090909090909091,0.08333333333333333,";;;;;;;;ISS,IEA;;"
GO:BP,GO:1901525,negative regulation of mitophagy,0.015365729111640958,true,1,12,11,20972,0.09090909090909091,0.08333333333333333,IEA;;;;;;;;;;
GO:BP,GO:1903147,negative regulation of autophagy of mitochondrion,0.015365729111640958,true,1,12,11,20972,0.09090909090909091,0.08333333333333333,IEA;;;;;;;;;;
GO:BP,GO:0046606,negative regulation of centrosome cycle,0.015365729111640958,true,1,12,11,20972,0.09090909090909091,0.08333333333333333,;;;;;NAS;;;;;
GO:BP,GO:0051081,nuclear membrane disassembly,0.015365729111640958,true,1,12,11,20972,0.09090909090909091,0.08333333333333333,;;IDA;;;;;;;;
GO:BP,GO:0010663,positive regulation of striated muscle cell apoptotic process,0.015365729111640958,true,1,12,11,20972,0.09090909090909091,0.08333333333333333,IEA;;;;;;;;;;
GO:BP,GO:0070200,establishment of protein localization to telomere,0.015365729111640958,true,1,12,11,20972,0.09090909090909091,0.08333333333333333,";;;;;;IDA,IEA;;;;"
GO:BP,GO:0090220,chromosome localization to nuclear envelope involved in homologous chromosome segregation,0.015365729111640958,true,1,12,11,20972,0.09090909090909091,0.08333333333333333,;IEA;;;;;;;;;
GO:BP,GO:2000774,positive regulation of cellular senescence,0.015365729111640958,true,1,12,11,20972,0.09090909090909091,0.08333333333333333,"IDA,ISS,IEA;;;;;;;;;;"
GO:BP,GO:0071824,protein-DNA complex organization,0.01540218797204171,true,2,233,11,20972,0.18181818181818182,0.008583690987124463,"IDA;;;;;;;IMP,IBA;;;"
GO:BP,GO:0044085,cellular component biogenesis,0.01540218797204171,true,7,5090,11,20972,0.6363636363636364,0.00137524557956778,"IDA,IEA;IMP,IC;IMP;;IDA,IMP;NAS,IEA;;IMP,IBA;;;IDA"
GO:BP,GO:0034599,cellular response to oxidative stress,0.01540218797204171,true,2,233,11,20972,0.18181818181818182,0.008583690987124463,IMP;IDA;;;;;;;;;
GO:BP,GO:0000819,sister chromatid segregation,0.015616029087222575,true,2,235,11,20972,0.18181818181818182,0.00851063829787234,;IMP;;;IMP;;;;;;
GO:BP,GO:0097305,response to alcohol,0.01593826665347271,true,2,238,11,20972,0.18181818181818182,0.008403361344537815,;;;;;IDA;;IDA;;;
GO:BP,GO:0007033,vacuole organization,0.01593826665347271,true,2,238,11,20972,0.18181818181818182,0.008403361344537815,;IC;;;IDA;;;;;;
GO:BP,GO:0050790,regulation of catalytic activity,0.01596244487315486,true,3,774,11,20972,0.2727272727272727,0.003875968992248062,"TAS;;;;;;;;IDA,IMP,TAS;IMP,TAS;"
GO:BP,GO:0050670,regulation of lymphocyte proliferation,0.016002044575750808,true,2,239,11,20972,0.18181818181818182,0.008368200836820083,;IMP;;;;;;;IEA;;
GO:BP,GO:0009058,biosynthetic process,0.016046173420995086,true,10,10639,11,20972,0.9090909090909091,0.0009399379640943697,"IDA,IMP,IGI,ISS,IBA,NAS,IEA;IDA,IMP,IGI,ISS,IEA;ISS;ISS,IEA;IDA;IDA,IMP,IBA,TAS,IEA;IDA,IBA;;IMP,IEA;IMP;IDA,IMP,IEA"
GO:BP,GO:0043523,regulation of neuron apoptotic process,0.016065784899330252,true,2,240,11,20972,0.18181818181818182,0.008333333333333333,IEA;IEA;;;;;;;;;
GO:BP,GO:0009967,positive regulation of signal transduction,0.01607540757979377,true,4,1569,11,20972,0.36363636363636365,0.0025493945188017845,"IMP,ISS;IMP;IMP;;;;;;;IDA;"
GO:BP,GO:0060816,random inactivation of X chromosome,0.016168680091227888,true,1,13,11,20972,0.09090909090909091,0.07692307692307693,;;;;;IEA;;;;;
GO:BP,GO:0034397,telomere localization,0.016168680091227888,true,1,13,11,20972,0.09090909090909091,0.07692307692307693,;IEA;;;;;;;;;
GO:BP,GO:0030397,membrane disassembly,0.016168680091227888,true,1,13,11,20972,0.09090909090909091,0.07692307692307693,;;IDA;;;;;;;;
GO:BP,GO:0032944,regulation of mononuclear cell proliferation,0.016289755631966142,true,2,243,11,20972,0.18181818181818182,0.00823045267489712,;IMP;;;;;;;IEA;;
GO:BP,GO:0060322,head development,0.01641363274631344,true,3,787,11,20972,0.2727272727272727,0.0038119440914866584,IEA;IEA;;;;;IEA;;;;
GO:BP,GO:0031400,negative regulation of protein modification process,0.01661357379293572,true,2,246,11,20972,0.18181818181818182,0.008130081300813009,;;;;;;;;IMP;IMP;
GO:BP,GO:0002327,immature B cell differentiation,0.017095552031688145,true,1,14,11,20972,0.09090909090909091,0.07142857142857142,";ISS,IEA;;;;;;;;;"
GO:BP,GO:0031669,cellular response to nutrient levels,0.017095552031688145,true,2,250,11,20972,0.18181818181818182,0.008,"IDA;;;;;;;;IMP,IEA;;"
GO:BP,GO:0007100,mitotic centrosome separation,0.017095552031688145,true,1,14,11,20972,0.09090909090909091,0.07142857142857142,;;;IDA;;;;;;;
GO:BP,GO:0033147,negative regulation of intracellular estrogen receptor signaling pathway,0.017095552031688145,true,1,14,11,20972,0.09090909090909091,0.07142857142857142,;;;;;IMP;;;;;
GO:BP,GO:1904353,regulation of telomere capping,0.017095552031688145,true,1,14,11,20972,0.09090909090909091,0.07142857142857142,;IMP;;;;;;;;;
GO:BP,GO:1903798,regulation of miRNA processing,0.017095552031688145,true,1,14,11,20972,0.09090909090909091,0.07142857142857142,IEA;;;;;;;;;;
GO:BP,GO:0046649,lymphocyte activation,0.017554530114360943,true,3,811,11,20972,0.2727272727272727,0.0036991368680641184,"IEA;IMP,ISS,IEA;;;;;;;IEA;;"
GO:BP,GO:0070920,regulation of regulatory ncRNA processing,0.017918870174528458,true,1,15,11,20972,0.09090909090909091,0.06666666666666667,IEA;;;;;;;;;;
GO:BP,GO:0006089,lactate metabolic process,0.017918870174528458,true,1,15,11,20972,0.09090909090909091,0.06666666666666667,IEA;;;;;;;;;;
GO:BP,GO:0070198,"protein localization to chromosome, telomeric region",0.017918870174528458,true,1,15,11,20972,0.09090909090909091,0.06666666666666667,;;IMP;;;;;;;;
GO:BP,GO:0060965,negative regulation of miRNA-mediated gene silencing,0.017918870174528458,true,1,15,11,20972,0.09090909090909091,0.06666666666666667,IEA;;;;;;;;;;
GO:BP,GO:0060253,negative regulation of glial cell proliferation,0.017918870174528458,true,1,15,11,20972,0.09090909090909091,0.06666666666666667,IEA;;;;;;;;;;
GO:BP,GO:0043518,"negative regulation of DNA damage response, signal transduction by p53 class mediator",0.017918870174528458,true,1,15,11,20972,0.09090909090909091,0.06666666666666667,;;;;;;;;;;IDA
GO:BP,GO:0070234,positive regulation of T cell apoptotic process,0.017918870174528458,true,1,15,11,20972,0.09090909090909091,0.06666666666666667,"ISS,IEA;;;;;;;;;;"
GO:BP,GO:0090068,positive regulation of cell cycle process,0.017918870174528458,true,2,259,11,20972,0.18181818181818182,0.007722007722007722,;;;;IEA;;;;;;IEA
GO:BP,GO:0042159,lipoprotein catabolic process,0.017918870174528458,true,1,15,11,20972,0.09090909090909091,0.06666666666666667,;IEA;;;;;;;;;
GO:BP,GO:0070243,regulation of thymocyte apoptotic process,0.017918870174528458,true,1,15,11,20972,0.09090909090909091,0.06666666666666667,"ISS,IEA;;;;;;;;;;"
GO:BP,GO:0003007,heart morphogenesis,0.018238720784134944,true,2,263,11,20972,0.18181818181818182,0.0076045627376425855,IEA;;;;;;;;;;IEA
REAC,REAC:R-HSA-5663202,Diseases of signal transduction by growth factor receptors and second messengers,0.018346959195291602,true,3,449,11,11056,0.2727272727272727,0.0066815144766146995,REAC;;;;;;;;REAC;;REAC
GO:BP,GO:1900369,negative regulation of post-transcriptional gene silencing by regulatory ncRNA,0.01849482157713229,true,1,16,11,20972,0.09090909090909091,0.0625,IEA;;;;;;;;;;
GO:BP,GO:0070663,regulation of leukocyte proliferation,0.01849482157713229,true,2,269,11,20972,0.18181818181818182,0.007434944237918215,;IMP;;;;;;;IEA;;
GO:BP,GO:0034349,glial cell apoptotic process,0.01849482157713229,true,1,16,11,20972,0.09090909090909091,0.0625,IDA;;;;;;;;;;
GO:BP,GO:0044027,negative regulation of gene expression via chromosomal CpG island methylation,0.01849482157713229,true,1,16,11,20972,0.09090909090909091,0.0625,";;;;;IMP,IEA;;;;;"
GO:BP,GO:0085020,protein K6-linked ubiquitination,0.01849482157713229,true,1,16,11,20972,0.09090909090909091,0.0625,";;;;;IDA,IEA;;;;;"
GO:BP,GO:0032780,negative regulation of ATP-dependent activity,0.01849482157713229,true,1,16,11,20972,0.09090909090909091,0.0625,TAS;;;;;;;;;;
GO:BP,GO:0060149,negative regulation of post-transcriptional gene silencing,0.01849482157713229,true,1,16,11,20972,0.09090909090909091,0.0625,IEA;;;;;;;;;;
GO:BP,GO:1904030,negative regulation of cyclin-dependent protein kinase activity,0.01849482157713229,true,1,16,11,20972,0.09090909090909091,0.0625,;;;;;;;;IMP;;
GO:BP,GO:0006357,regulation of transcription by RNA polymerase II,0.01849482157713229,true,5,2688,11,20972,0.45454545454545453,0.0018601190476190475,"IDA,IMP,IGI,ISS,IBA,IEA;ISS,IEA;;;;IDA,IMP,IBA,TAS,IEA;;;;IMP;IDA"
GO:BP,GO:0030242,autophagy of peroxisome,0.01849482157713229,true,1,16,11,20972,0.09090909090909091,0.0625,;IDA;;;;;;;;;
GO:BP,GO:0051299,centrosome separation,0.01849482157713229,true,1,16,11,20972,0.09090909090909091,0.0625,;;;IDA;;;;;;;
GO:BP,GO:0060967,negative regulation of gene silencing by regulatory ncRNA,0.01849482157713229,true,1,16,11,20972,0.09090909090909091,0.0625,IEA;;;;;;;;;;
GO:BP,GO:0033599,regulation of mammary gland epithelial cell proliferation,0.01849482157713229,true,1,16,11,20972,0.09090909090909091,0.0625,;;;;;;IDA;;;;
GO:BP,GO:0000425,pexophagy,0.01849482157713229,true,1,16,11,20972,0.09090909090909091,0.0625,;IDA;;;;;;;;;
GO:BP,GO:0000209,protein polyubiquitination,0.01849482157713229,true,2,266,11,20972,0.18181818181818182,0.007518796992481203,";;;;;IDA,IEA;;;;;TAS"
GO:BP,GO:0009653,anatomical structure morphogenesis,0.01849482157713229,true,5,2699,11,20972,0.45454545454545453,0.001852537977028529,IEA;IEA;;;;IMP;;;;IEA;IEA
REAC,REAC:R-HSA-6811555,PI5P Regulates TP53 Acetylation,0.018647138568387803,true,1,9,11,11056,0.09090909090909091,0.1111111111111111,REAC;;;;;;;;;;
REAC,REAC:R-HSA-139915,Activation of PUMA and translocation to mitochondria,0.018647138568387803,true,1,9,11,11056,0.09090909090909091,0.1111111111111111,REAC;;;;;;;;;;
GO:BP,GO:0043066,negative regulation of apoptotic process,0.019301139688484265,true,3,856,11,20972,0.2727272727272727,0.0035046728971962616,"IDA,IMP,IGI,IEA;;;;;IMP;;;;;IMP,IBA,IEA"
GO:BP,GO:0001666,response to hypoxia,0.01949728742119635,true,2,278,11,20972,0.18181818181818182,0.007194244604316547,"IEP,IEA;;;;;;;;;;IEP"
GO:BP,GO:0033151,V(D)J recombination,0.01949728742119635,true,1,17,11,20972,0.09090909090909091,0.058823529411764705,;IEA;;;;;;;;;
GO:BP,GO:0031573,mitotic intra-S DNA damage checkpoint signaling,0.01949728742119635,true,1,17,11,20972,0.09090909090909091,0.058823529411764705,;;;;IMP;;;;;;
GO:BP,GO:0030889,negative regulation of B cell proliferation,0.01949728742119635,true,1,17,11,20972,0.09090909090909091,0.058823529411764705,;IMP;;;;;;;;;
REAC,REAC:R-HSA-9702518,STAT5 activation downstream of FLT3 ITD mutants,0.020504632433761938,true,1,10,11,11056,0.09090909090909091,0.1,;;;;;;;;REAC;;
GO:BP,GO:0070230,positive regulation of lymphocyte apoptotic process,0.02056352645648865,true,1,18,11,20972,0.09090909090909091,0.05555555555555555,"ISS,IEA;;;;;;;;;;"
GO:BP,GO:0007548,sex differentiation,0.020790166241824573,true,2,288,11,20972,0.18181818181818182,0.006944444444444444,;IEA;;;;;IEA;;;;
GO:BP,GO:0043069,negative regulation of programmed cell death,0.02099004795827716,true,3,887,11,20972,0.2727272727272727,0.0033821871476888386,"IDA,IMP,IGI,IEA;;;;;IMP;;;;;IMP,IBA,IEA"
GO:BP,GO:0036293,response to decreased oxygen levels,0.02099004795827716,true,2,290,11,20972,0.18181818181818182,0.006896551724137931,"IEP,IEA;;;;;;;;;;IEP"
GO:BP,GO:0045765,regulation of angiogenesis,0.021229435222642236,true,2,292,11,20972,0.18181818181818182,0.00684931506849315,;;;;;IMP;;;;IEA;
GO:BP,GO:0051402,neuron apoptotic process,0.021329654822384442,true,2,293,11,20972,0.18181818181818182,0.006825938566552901,IEA;IEA;;;;;;;;;
GO:BP,GO:2000269,regulation of fibroblast apoptotic process,0.021341753417092095,true,1,19,11,20972,0.09090909090909091,0.05263157894736842,IEA;;;;;;;;;;
GO:BP,GO:0045717,negative regulation of fatty acid biosynthetic process,0.021341753417092095,true,1,19,11,20972,0.09090909090909091,0.05263157894736842,;;;;;IMP;;;;;
GO:BP,GO:1900119,positive regulation of execution phase of apoptosis,0.021341753417092095,true,1,19,11,20972,0.09090909090909091,0.05263157894736842,IMP;;;;;;;;;;
GO:BP,GO:0009651,response to salt stress,0.021341753417092095,true,1,19,11,20972,0.09090909090909091,0.05263157894736842,IEA;;;;;;;;;;
GO:BP,GO:0006366,transcription by RNA polymerase II,0.021705608312303067,true,5,2827,11,20972,0.45454545454545453,0.0017686593562079944,"IDA,IMP,IGI,ISS,IBA,IEA;ISS,IEA;;;;IDA,IMP,IBA,TAS,IEA;;;;IMP;IDA"
GO:BP,GO:1901342,regulation of vasculature development,0.021931908710332047,true,2,299,11,20972,0.18181818181818182,0.006688963210702341,;;;;;IMP;;;;IEA;
GO:BP,GO:0062197,cellular response to chemical stress,0.022032434515171617,true,2,300,11,20972,0.18181818181818182,0.006666666666666667,IMP;IDA;;;;;;;;;
GO:BP,GO:0006098,pentose-phosphate shunt,0.02219947938310534,true,1,20,11,20972,0.09090909090909091,0.05,IMP;;;;;;;;;;
GO:BP,GO:0010647,positive regulation of cell communication,0.02219947938310534,true,4,1778,11,20972,0.36363636363636365,0.0022497187851518562,"IMP,ISS;IMP;IMP;;;;;;;IDA;"
GO:BP,GO:0070314,G1 to G0 transition,0.02219947938310534,true,1,20,11,20972,0.09090909090909091,0.05,"IDA,IMP;;;;;;;;;;"
GO:BP,GO:0048608,reproductive structure development,0.02219947938310534,true,2,302,11,20972,0.18181818181818182,0.006622516556291391,;IEA;;;;;IEA;;;;
GO:BP,GO:0023056,positive regulation of signaling,0.022202965655673857,true,4,1779,11,20972,0.36363636363636365,0.0022484541877459247,"IMP,ISS;IMP;IMP;;;;;;;IDA;"
GO:BP,GO:0051093,negative regulation of developmental process,0.022280350464877613,true,3,916,11,20972,0.2727272727272727,0.0032751091703056767,"IEA;;;;;;;;ISS,IEA;IEA;"
REAC,REAC:R-HSA-9664873,Pexophagy,0.0223238742349851,true,1,11,11,11056,0.09090909090909091,0.09090909090909091,;REAC;;;;;;;;;
GO:BP,GO:0061458,reproductive system development,0.02259557438095111,true,2,306,11,20972,0.18181818181818182,0.006535947712418301,;IEA;;;;;IEA;;;;
GO:BP,GO:0033036,macromolecule localization,0.022930710822881627,true,5,2876,11,20972,0.45454545454545453,0.0017385257301808068,"IDA,IEA;IMP;IMP,IC;;;;;;IEA;;IDA"
GO:BP,GO:0010224,response to UV-B,0.02298547896342178,true,1,21,11,20972,0.09090909090909091,0.047619047619047616,";;;;;;;;ISS,IEA;;"
GO:BP,GO:0032042,mitochondrial DNA metabolic process,0.02298547896342178,true,1,21,11,20972,0.09090909090909091,0.047619047619047616,IEA;;;;;;;;;;
GO:BP,GO:0090200,positive regulation of release of cytochrome c from mitochondria,0.02298547896342178,true,1,21,11,20972,0.09090909090909091,0.047619047619047616,IDA;;;;;;;;;;
GO:BP,GO:0000122,negative regulation of transcription by RNA polymerase II,0.023177772406178285,true,3,933,11,20972,0.2727272727272727,0.003215434083601286,"IDA,ISS,IEA;;;;;;;;;IMP;IDA"
GO:BP,GO:0062012,regulation of small molecule metabolic process,0.023342806190291325,true,2,313,11,20972,0.18181818181818182,0.006389776357827476,"IMP,IEA;;;;;IMP;;;;;"
GO:BP,GO:0036092,phosphatidylinositol-3-phosphate biosynthetic process,0.02369215821696677,true,1,22,11,20972,0.09090909090909091,0.045454545454545456,;IEA;;;;;;;;;
GO:BP,GO:0070482,response to oxygen levels,0.02369215821696677,true,2,317,11,20972,0.18181818181818182,0.006309148264984227,"IEP,IEA;;;;;;;;;;IEP"
GO:BP,GO:0032211,negative regulation of telomere maintenance via telomerase,0.02369215821696677,true,1,22,11,20972,0.09090909090909091,0.045454545454545456,IDA;;;;;;;;;;
GO:BP,GO:0000729,DNA double-strand break processing,0.02369215821696677,true,1,22,11,20972,0.09090909090909091,0.045454545454545456,;IDA;;;;;;;;;
GO:BP,GO:0070199,establishment of protein localization to chromosome,0.02369215821696677,true,1,22,11,20972,0.09090909090909091,0.045454545454545456,";;;;;;IDA,IEA;;;;"
GO:BP,GO:1902254,negative regulation of intrinsic apoptotic signaling pathway by p53 class mediator,0.02369215821696677,true,1,22,11,20972,0.09090909090909091,0.045454545454545456,;;;;;;;;;;IMP
GO:BP,GO:1904706,negative regulation of vascular associated smooth muscle cell proliferation,0.02369215821696677,true,1,22,11,20972,0.09090909090909091,0.045454545454545456,;;;;;;;;IMP;;
REAC,REAC:R-HSA-6803211,TP53 Regulates Transcription of Death Receptors and Ligands,0.023874191321777583,true,1,12,11,11056,0.09090909090909091,0.08333333333333333,REAC;;;;;;;;;;
REAC,REAC:R-HSA-5685939,HDR through MMEJ (alt-NHEJ),0.023874191321777583,true,1,12,11,11056,0.09090909090909091,0.08333333333333333,;;;;;;REAC;;;;
GO:BP,GO:0006740,NADPH regeneration,0.02450387461321731,true,1,23,11,20972,0.09090909090909091,0.043478260869565216,IMP;;;;;;;;;;
GO:BP,GO:0043153,entrainment of circadian clock by photoperiod,0.02450387461321731,true,1,23,11,20972,0.09090909090909091,0.043478260869565216,"ISS,IEA;;;;;;;;;;"
GO:BP,GO:0098813,nuclear chromosome segregation,0.02450387461321731,true,2,324,11,20972,0.18181818181818182,0.006172839506172839,";IMP,IEA;;;IMP;;;;;;"
GO:BP,GO:0003283,atrial septum development,0.02450387461321731,true,1,23,11,20972,0.09090909090909091,0.043478260869565216,;;;;;;;;;;IEA
GO:BP,GO:2000647,negative regulation of stem cell proliferation,0.02450387461321731,true,1,23,11,20972,0.09090909090909091,0.043478260869565216,IEA;;;;;;;;;;
GO:BP,GO:0009048,dosage compensation by inactivation of X chromosome,0.02450387461321731,true,1,23,11,20972,0.09090909090909091,0.043478260869565216,;;;;;IEA;;;;;
GO:BP,GO:0008152,metabolic process,0.02454759992210242,true,11,14035,11,20972,1,0.0007837548984681154,"IDA,IMP,IGI,ISS,IBA,NAS,IEA;IDA,IMP,IGI,ISS,IBA,TAS,IC,IEA;IDA,IMP,ISS,IBA,TAS,NAS,IEA;IDA,IMP,ISS,TAS,IEA;IDA,IMP,TAS,IEA;IDA,IMP,IBA,TAS,NAS,IEA;IDA,IMP,IBA,IEA;IDA,IMP,ISS,IBA,TAS,IEA;IDA,IMP,TAS,IEA;IMP,TAS;IDA,IMP,IGI,IBA,TAS,IEA"
GO:BP,GO:0032501,multicellular organismal process,0.024798616422467286,true,8,7337,11,20972,0.7272727272727273,0.0010903639089546136,"IMP,ISS,IEA;IMP,ISS,IEA;;IEA;;IMP,IBA,IEA;IDA,IEA;;ISS,IEA;IEA;IEA"
GO:BP,GO:0045859,regulation of protein kinase activity,0.025064788274529723,true,2,330,11,20972,0.18181818181818182,0.006060606060606061,";;;;;;;;IDA,IMP,TAS;IMP,TAS;"
GO:BP,GO:0030097,hemopoiesis,0.025064788274529723,true,3,971,11,20972,0.2727272727272727,0.003089598352214212,"IMP,IEA;ISS,IEA;;;;;IEA;;;;"
GO:BP,GO:0010467,gene expression,0.02508167246444903,true,9,9232,11,20972,0.8181818181818182,0.0009748700173310225,"IDA,IMP,IGI,ISS,IBA,NAS,IEA;IDA,IMP,ISS,IEA;;ISS,IEA;IDA;IDA,IMP,IBA,TAS,IEA;IDA,IBA;;IEA;IMP;IDA,IMP,IEA"
GO:BP,GO:1900117,regulation of execution phase of apoptosis,0.02508167246444903,true,1,24,11,20972,0.09090909090909091,0.041666666666666664,IMP;;;;;;;;;;
GO:BP,GO:0045184,establishment of protein localization,0.02508167246444903,true,4,1869,11,20972,0.36363636363636365,0.002140181915462814,"IEA;;;;;;IDA,IEA;;IEA;;IDA"
GO:BP,GO:0045321,leukocyte activation,0.02508167246444903,true,3,975,11,20972,0.2727272727272727,0.003076923076923077,"IEA;IMP,ISS,IEA;;;;;;;IEA;;"
GO:BP,GO:0008334,histone mRNA metabolic process,0.02508167246444903,true,1,24,11,20972,0.09090909090909091,0.041666666666666664,;IDA;;;;;;;;;
GO:BP,GO:0051169,nuclear transport,0.02508167246444903,true,2,332,11,20972,0.18181818181818182,0.006024096385542169,"IEA;;;;;;;;IMP,IEA;;"
GO:BP,GO:0006913,nucleocytoplasmic transport,0.02508167246444903,true,2,332,11,20972,0.18181818181818182,0.006024096385542169,"IEA;;;;;;;;IMP,IEA;;"
GO:BP,GO:0046599,regulation of centriole replication,0.0259870247549534,true,1,25,11,20972,0.09090909090909091,0.04,;;;;;NAS;;;;;
GO:BP,GO:0044346,fibroblast apoptotic process,0.0259870247549534,true,1,25,11,20972,0.09090909090909091,0.04,IEA;;;;;;;;;;
GO:BP,GO:0007549,sex-chromosome dosage compensation,0.0259870247549534,true,1,25,11,20972,0.09090909090909091,0.04,";;;;;IBA,IEA;;;;;"
GO:BP,GO:0048513,animal organ development,0.02653229997893135,true,5,3018,11,20972,0.45454545454545453,0.0016567263088137839,"IMP,IEA;IEA;;;;;IDA,IEA;;ISS,IEA;;IEA"
GO:BP,GO:0009648,photoperiodism,0.026701651033040157,true,1,26,11,20972,0.09090909090909091,0.038461538461538464,"ISS,IEA;;;;;;;;;;"
GO:BP,GO:1900745,positive regulation of p38MAPK cascade,0.026701651033040157,true,1,26,11,20972,0.09090909090909091,0.038461538461538464,;;;;;;;;;IDA;
GO:BP,GO:0010661,positive regulation of muscle cell apoptotic process,0.026701651033040157,true,1,26,11,20972,0.09090909090909091,0.038461538461538464,IEA;;;;;;;;;;
GO:BP,GO:2000209,regulation of anoikis,0.026701651033040157,true,1,26,11,20972,0.09090909090909091,0.038461538461538464,;;;;IEA;;;;;;
GO:BP,GO:0003181,atrioventricular valve morphogenesis,0.026701651033040157,true,1,26,11,20972,0.09090909090909091,0.038461538461538464,;;;;;;;;;;IEA
GO:BP,GO:2000178,negative regulation of neural precursor cell proliferation,0.026701651033040157,true,1,26,11,20972,0.09090909090909091,0.038461538461538464,IEA;;;;;;;;;;
REAC,REAC:R-HSA-6804759,Regulation of TP53 Activity through Association with Co-factors,0.02730300230682964,true,1,14,11,11056,0.09090909090909091,0.07142857142857142,REAC;;;;;;;;;;
REAC,REAC:R-HSA-6803205,TP53 regulates transcription of several additional cell death genes whose specific roles in p53-dependent apoptosis remain uncertain,0.02730300230682964,true,1,14,11,11056,0.09090909090909091,0.07142857142857142,REAC;;;;;;;;;;
GO:BP,GO:0006007,glucose catabolic process,0.0273991487372534,true,1,27,11,20972,0.09090909090909091,0.037037037037037035,IEA;;;;;;;;;;
GO:BP,GO:0060964,regulation of miRNA-mediated gene silencing,0.0273991487372534,true,1,27,11,20972,0.09090909090909091,0.037037037037037035,IEA;;;;;;;;;;
GO:BP,GO:0033598,mammary gland epithelial cell proliferation,0.0273991487372534,true,1,27,11,20972,0.09090909090909091,0.037037037037037035,;;;;;;IDA;;;;
GO:BP,GO:1900543,negative regulation of purine nucleotide metabolic process,0.0273991487372534,true,1,27,11,20972,0.09090909090909091,0.037037037037037035,IMP;;;;;;;;;;
GO:BP,GO:0043549,regulation of kinase activity,0.0273991487372534,true,2,353,11,20972,0.18181818181818182,0.0056657223796034,";;;;;;;;IDA,IMP,TAS;IMP,TAS;"
GO:BP,GO:0060333,type II interferon-mediated signaling pathway,0.0273991487372534,true,1,27,11,20972,0.09090909090909091,0.037037037037037035,IEA;;;;;;;;;;
GO:BP,GO:0016233,telomere capping,0.0273991487372534,true,1,27,11,20972,0.09090909090909091,0.037037037037037035,;IMP;;;;;;;;;
GO:BP,GO:0045980,negative regulation of nucleotide metabolic process,0.02821934989743346,true,1,28,11,20972,0.09090909090909091,0.03571428571428571,IMP;;;;;;;;;;
GO:BP,GO:0009649,entrainment of circadian clock,0.02821934989743346,true,1,28,11,20972,0.09090909090909091,0.03571428571428571,"ISS,IEA;;;;;;;;;;"
GO:BP,GO:1900368,regulation of post-transcriptional gene silencing by regulatory ncRNA,0.02821934989743346,true,1,28,11,20972,0.09090909090909091,0.03571428571428571,IEA;;;;;;;;;;
GO:BP,GO:0007141,male meiosis I,0.02821934989743346,true,1,28,11,20972,0.09090909090909091,0.03571428571428571,;;;;;;IEA;;;;
GO:BP,GO:0007417,central nervous system development,0.0283415322401317,true,3,1035,11,20972,0.2727272727272727,0.002898550724637681,IEA;IEA;;;;;IEA;;;;
GO:BP,GO:0010506,regulation of autophagy,0.028716086246364257,true,2,364,11,20972,0.18181818181818182,0.005494505494505495,"IEA;IMP,IEA;;;;;;;;;"
GO:BP,GO:0051156,glucose 6-phosphate metabolic process,0.028886006092405807,true,1,29,11,20972,0.09090909090909091,0.034482758620689655,IMP;;;;;;;;;;
GO:BP,GO:0046685,response to arsenic-containing substance,0.028886006092405807,true,1,29,11,20972,0.09090909090909091,0.034482758620689655,;;IEA;;;;;;;;
GO:BP,GO:0060147,regulation of post-transcriptional gene silencing,0.028886006092405807,true,1,29,11,20972,0.09090909090909091,0.034482758620689655,IEA;;;;;;;;;;
GO:BP,GO:2000108,positive regulation of leukocyte apoptotic process,0.028886006092405807,true,1,29,11,20972,0.09090909090909091,0.034482758620689655,"ISS,IEA;;;;;;;;;;"
GO:BP,GO:0003171,atrioventricular valve development,0.028886006092405807,true,1,29,11,20972,0.09090909090909091,0.034482758620689655,;;;;;;;;;;IEA
REAC,REAC:R-HSA-9703648,Signaling by FLT3 ITD and TKD mutants,0.028966730559226987,true,1,15,11,11056,0.09090909090909091,0.06666666666666667,;;;;;;;;REAC;;
REAC,REAC:R-HSA-9819196,Zygotic genome activation (ZGA),0.0295051440356277,true,1,16,11,11056,0.09090909090909091,0.0625,REAC;;;;;;;;;;
REAC,REAC:R-HSA-2559584,Formation of Senescence-Associated Heterochromatin Foci (SAHF),0.0295051440356277,true,1,16,11,11056,0.09090909090909091,0.0625,REAC;;;;;;;;;;
REAC,REAC:R-HSA-9825892,Regulation of MITF-M-dependent genes involved in cell cycle and proliferation,0.0295051440356277,true,1,16,11,11056,0.09090909090909091,0.0625,;;;;;;;;REAC;;
REAC,REAC:R-HSA-453274,Mitotic G2-G2/M phases,0.0295051440356277,true,2,198,11,11056,0.18181818181818182,0.010101010101010102,REAC;;;;;;;;REAC;;
REAC,REAC:R-HSA-69275,G2/M Transition,0.0295051440356277,true,2,196,11,11056,0.18181818181818182,0.01020408163265306,REAC;;;;;;;;REAC;;
GO:BP,GO:0070925,organelle assembly,0.02960548612000715,true,3,1057,11,20972,0.2727272727272727,0.002838221381267739,";IC;;;IDA,IMP;NAS;;;;;"
GO:BP,GO:0030163,protein catabolic process,0.02960548612000715,true,3,1057,11,20972,0.2727272727272727,0.002838221381267739,";IEA;;;IMP;;;;;;IDA,IMP,IGI,IBA,TAS,IEA"
GO:BP,GO:1904357,negative regulation of telomere maintenance via telomere lengthening,0.02963286164863645,true,1,30,11,20972,0.09090909090909091,0.03333333333333333,IDA;;;;;;;;;;
GO:BP,GO:1902042,negative regulation of extrinsic apoptotic signaling pathway via death domain receptors,0.02963286164863645,true,1,30,11,20972,0.09090909090909091,0.03333333333333333,;;;;;IMP;;;;;
GO:BP,GO:0060966,regulation of gene silencing by regulatory ncRNA,0.02963286164863645,true,1,30,11,20972,0.09090909090909091,0.03333333333333333,IEA;;;;;;;;;;
GO:BP,GO:0006979,response to oxidative stress,0.02969310181604441,true,2,374,11,20972,0.18181818181818182,0.0053475935828877,"IMP,IEA;IDA;;;;;;;;;"
GO:BP,GO:0065009,regulation of molecular function,0.030349030130627192,true,3,1070,11,20972,0.2727272727272727,0.002803738317757009,"TAS;;;;;;;;IDA,IMP,TAS;IMP,TAS;"
GO:BP,GO:0010575,positive regulation of vascular endothelial growth factor production,0.030465204093827067,true,1,31,11,20972,0.09090909090909091,0.03225806451612903,;;;;;IMP;;;;;
REAC,REAC:R-HSA-9703465,Signaling by FLT3 fusion proteins,0.030517619848552207,true,1,17,11,11056,0.09090909090909091,0.058823529411764705,;;;;;;;;REAC;;
REAC,REAC:R-HSA-9659787,Aberrant regulation of mitotic G1/S transition in cancer due to RB1 defects,0.030517619848552207,true,1,17,11,11056,0.09090909090909091,0.058823529411764705,;;;;;;;;REAC;;
REAC,REAC:R-HSA-9661069,"Defective binding of RB1 mutants to E2F1,(E2F2, E2F3)",0.030517619848552207,true,1,17,11,11056,0.09090909090909091,0.058823529411764705,;;;;;;;;REAC;;
REAC,REAC:R-HSA-9711123,Cellular response to chemical stress,0.03064926061804409,true,2,206,11,11056,0.18181818181818182,0.009708737864077669,;;;;;REAC;;;REAC;;
GO:BP,GO:0062098,regulation of programmed necrotic cell death,0.031339370668253805,true,1,32,11,20972,0.09090909090909091,0.03125,IEA;;;;;;;;;;
GO:BP,GO:0001556,oocyte maturation,0.031339370668253805,true,1,32,11,20972,0.09090909090909091,0.03125,;;;;;;IEA;;;;
GO:BP,GO:0007281,germ cell development,0.03142381079277773,true,2,387,11,20972,0.18181818181818182,0.00516795865633075,;IEA;;;;;IEA;;;;
GO:BP,GO:0051130,positive regulation of cellular component organization,0.031720267634796406,true,3,1091,11,20972,0.2727272727272727,0.002749770852428964,"IDA;IMP,ISS,IEA;IMP,ISS;;;;;;;;"
REAC,REAC:R-HSA-9758274,Regulation of NF-kappa B signaling,0.03174607498382216,true,1,18,11,11056,0.09090909090909091,0.05555555555555555,REAC;;;;;;;;;;
GO:BP,GO:0050869,negative regulation of B cell activation,0.03215593890210454,true,1,33,11,20972,0.09090909090909091,0.030303030303030304,;IMP;;;;;;;;;
GO:BP,GO:0065003,protein-containing complex assembly,0.03241111627691362,true,5,3214,11,20972,0.45454545454545453,0.0015556938394523958,"IDA,IEA;IMP;IMP;;;;;IMP,IBA;;;IDA"
GO:BP,GO:0009303,rRNA transcription,0.032859597518682615,true,1,34,11,20972,0.09090909090909091,0.029411764705882353,IEA;;;;;;;;;;
GO:BP,GO:0010574,regulation of vascular endothelial growth factor production,0.032859597518682615,true,1,34,11,20972,0.09090909090909091,0.029411764705882353,;;;;;IMP;;;;;
GO:BP,GO:0060251,regulation of glial cell proliferation,0.032859597518682615,true,1,34,11,20972,0.09090909090909091,0.029411764705882353,IEA;;;;;;;;;;
GO:BP,GO:0071312,cellular response to alkaloid,0.032859597518682615,true,1,34,11,20972,0.09090909090909091,0.029411764705882353,";;;;;;;IDA,IEA;;;"
GO:BP,GO:0042176,regulation of protein catabolic process,0.033180618302826634,true,2,401,11,20972,0.18181818181818182,0.004987531172069825,;;;;IMP;;;;;;IDA
GO:BP,GO:0071425,hematopoietic stem cell proliferation,0.03355172054895339,true,1,35,11,20972,0.09090909090909091,0.02857142857142857,;;;;;;IEA;;;;
GO:BP,GO:0033135,regulation of peptidyl-serine phosphorylation,0.03355172054895339,true,1,35,11,20972,0.09090909090909091,0.02857142857142857,;;;;;;;;;IMP;
GO:BP,GO:0010665,regulation of cardiac muscle cell apoptotic process,0.03355172054895339,true,1,35,11,20972,0.09090909090909091,0.02857142857142857,IEA;;;;;;;;;;
GO:BP,GO:0048147,negative regulation of fibroblast proliferation,0.03355172054895339,true,1,35,11,20972,0.09090909090909091,0.02857142857142857,"IMP,IEA;;;;;;;;;;"
GO:BP,GO:0001775,cell activation,0.033628514329943945,true,3,1123,11,20972,0.2727272727272727,0.0026714158504007124,"IEA;IMP,ISS,IEA;;;;;;;IEA;;"
GO:BP,GO:1901797,negative regulation of signal transduction by p53 class mediator,0.03391462890600894,true,1,36,11,20972,0.09090909090909091,0.027777777777777776,";;;;;;;;;;IDA,IMP,TAS"
GO:BP,GO:0070316,regulation of G0 to G1 transition,0.03391462890600894,true,1,36,11,20972,0.09090909090909091,0.027777777777777776,;;;TAS;;;;;;;
GO:BP,GO:0060218,hematopoietic stem cell differentiation,0.03391462890600894,true,1,36,11,20972,0.09090909090909091,0.027777777777777776,IMP;;;;;;;;;;
GO:BP,GO:0051338,regulation of transferase activity,0.03391462890600894,true,2,408,11,20972,0.18181818181818182,0.004901960784313725,";;;;;;;;IDA,IMP,TAS;IMP,TAS;"
GO:BP,GO:0033146,regulation of intracellular estrogen receptor signaling pathway,0.03391462890600894,true,1,36,11,20972,0.09090909090909091,0.027777777777777776,;;;;;IMP;;;;;
GO:BP,GO:0043276,anoikis,0.03391462890600894,true,1,36,11,20972,0.09090909090909091,0.027777777777777776,;;;;IEA;;;;;;
GO:BP,GO:0043537,negative regulation of blood vessel endothelial cell migration,0.03391462890600894,true,1,36,11,20972,0.09090909090909091,0.027777777777777776,";;;;;;;;;IMP,IEA;"
GO:BP,GO:0003230,cardiac atrium development,0.03391462890600894,true,1,36,11,20972,0.09090909090909091,0.027777777777777776,;;;;;;;;;;IEA
GO:BP,GO:0019953,sexual reproduction,0.03391462890600894,true,3,1128,11,20972,0.2727272727272727,0.0026595744680851063,";TAS,IEA;;;;;IEA;ISS,IBA,TAS,IEA;;;"
GO:BP,GO:0033144,negative regulation of intracellular steroid hormone receptor signaling pathway,0.03391462890600894,true,1,36,11,20972,0.09090909090909091,0.027777777777777776,;;;;;IMP;;;;;
REAC,REAC:R-HSA-5689880,Ub-specific processing proteases,0.03440761378420907,true,2,221,11,11056,0.18181818181818182,0.00904977375565611,REAC;;;;;;;;;;REAC
GO:BP,GO:0045922,negative regulation of fatty acid metabolic process,0.034687318543653235,true,1,37,11,20972,0.09090909090909091,0.02702702702702703,;;;;;IMP;;;;;
GO:BP,GO:0006301,DNA damage tolerance,0.034687318543653235,true,1,37,11,20972,0.09090909090909091,0.02702702702702703,;;;;;IDA;;;;;
GO:BP,GO:0010573,vascular endothelial growth factor production,0.034687318543653235,true,1,37,11,20972,0.09090909090909091,0.02702702702702703,;;;;;IMP;;;;;
GO:BP,GO:0003002,regionalization,0.03539816394664313,true,2,422,11,20972,0.18181818181818182,0.004739336492890996,IEA;IEA;;;;;;;;;
GO:BP,GO:0045023,G0 to G1 transition,0.03539816394664313,true,1,38,11,20972,0.09090909090909091,0.02631578947368421,;;;TAS;;;;;;;
GO:BP,GO:0010659,cardiac muscle cell apoptotic process,0.03539816394664313,true,1,38,11,20972,0.09090909090909091,0.02631578947368421,IEA;;;;;;;;;;
GO:BP,GO:0010662,regulation of striated muscle cell apoptotic process,0.03539816394664313,true,1,38,11,20972,0.09090909090909091,0.02631578947368421,IEA;;;;;;;;;;
GO:BP,GO:0022412,cellular process involved in reproduction in multicellular organism,0.035561566044468175,true,2,424,11,20972,0.18181818181818182,0.0047169811320754715,;IEA;;;;;IEA;;;;
GO:BP,GO:0048732,gland development,0.03566495432657828,true,2,425,11,20972,0.18181818181818182,0.004705882352941176,;IEA;;;;;IDA;;;;
GO:BP,GO:0030098,lymphocyte differentiation,0.03592637407540565,true,2,427,11,20972,0.18181818181818182,0.00468384074941452,"IEA;ISS,IEA;;;;;;;;;"
GO:BP,GO:0014014,negative regulation of gliogenesis,0.03604505222513744,true,1,39,11,20972,0.09090909090909091,0.02564102564102564,IEA;;;;;;;;;;
GO:BP,GO:1902742,apoptotic process involved in development,0.03604505222513744,true,1,39,11,20972,0.09090909090909091,0.02564102564102564,;;;IEA;;;;;;;
REAC,REAC:R-HSA-9768919,NPAS4 regulates expression of target genes,0.036062264979341764,true,1,21,11,11056,0.09090909090909091,0.047619047619047616,;;;;;;;;;;REAC
REAC,REAC:R-HSA-6804115,TP53 regulates transcription of additional cell cycle genes whose exact role in the p53 pathway remain uncertain,0.036062264979341764,true,1,21,11,11056,0.09090909090909091,0.047619047619047616,REAC;;;;;;;;;;
GO:BP,GO:0090199,regulation of release of cytochrome c from mitochondria,0.03668174929051046,true,1,40,11,20972,0.09090909090909091,0.025,IDA;;;;;;;;;;
GO:BP,GO:0016242,negative regulation of macroautophagy,0.03668174929051046,true,1,40,11,20972,0.09090909090909091,0.025,IEA;;;;;;;;;;
GO:BP,GO:1900744,regulation of p38MAPK cascade,0.03668174929051046,true,1,40,11,20972,0.09090909090909091,0.025,;;;;;;;;;IDA;
GO:BP,GO:0070266,necroptotic process,0.03668174929051046,true,1,40,11,20972,0.09090909090909091,0.025,IEA;;;;;;;;;;
GO:BP,GO:0006739,NADP+ metabolic process,0.03668174929051046,true,1,40,11,20972,0.09090909090909091,0.025,IMP;;;;;;;;;;
GO:BP,GO:0050673,epithelial cell proliferation,0.036753350915231485,true,2,435,11,20972,0.18181818181818182,0.004597701149425287,;;;;;;IDA;;IEA;;
GO:BP,GO:0140694,membraneless organelle assembly,0.03685665535053134,true,2,436,11,20972,0.18181818181818182,0.0045871559633027525,;;;;IMP;NAS;;;;;
GO:BP,GO:0010628,positive regulation of gene expression,0.036976789676783285,true,3,1184,11,20972,0.2727272727272727,0.002533783783783784,"IDA,IMP,ISS,IEA;IMP;;;;IMP;;;;;"
GO:BP,GO:0003203,endocardial cushion morphogenesis,0.0371971155632025,true,1,41,11,20972,0.09090909090909091,0.024390243902439025,;;;;;;;;;;IEA
GO:BP,GO:0010658,striated muscle cell apoptotic process,0.0371971155632025,true,1,41,11,20972,0.09090909090909091,0.024390243902439025,IEA;;;;;;;;;;
GO:BP,GO:0045740,positive regulation of DNA replication,0.0371971155632025,true,1,41,11,20972,0.09090909090909091,0.024390243902439025,;;;;;;;;TAS;;
GO:BP,GO:0007143,female meiotic nuclear division,0.0371971155632025,true,1,41,11,20972,0.09090909090909091,0.024390243902439025,;IEA;;;;;;;;;
GO:BP,GO:0035794,positive regulation of mitochondrial membrane permeability,0.037925479095224715,true,1,42,11,20972,0.09090909090909091,0.023809523809523808,IEA;;;;;;;;;;
GO:BP,GO:0002360,T cell lineage commitment,0.037925479095224715,true,1,42,11,20972,0.09090909090909091,0.023809523809523808,IEA;;;;;;;;;;
GO:BP,GO:0070232,regulation of T cell apoptotic process,0.037925479095224715,true,1,42,11,20972,0.09090909090909091,0.023809523809523808,"ISS,IEA;;;;;;;;;;"
GO:BP,GO:0043933,protein-containing complex organization,0.03850440271225197,true,5,3412,11,20972,0.45454545454545453,0.0014654161781946073,"IDA,IEA;IMP;IMP;;;;;IMP,IBA;;;IDA,IEA"
GO:BP,GO:1990000,amyloid fibril formation,0.03858986693429708,true,1,43,11,20972,0.09090909090909091,0.023255813953488372,;;;;;;;;;;IMP
GO:BP,GO:0048512,circadian behavior,0.03858986693429708,true,1,43,11,20972,0.09090909090909091,0.023255813953488372,"ISS,IEA;;;;;;;;;;"
GO:BP,GO:0035196,miRNA processing,0.03858986693429708,true,1,43,11,20972,0.09090909090909091,0.023255813953488372,IEA;;;;;;;;;;
GO:BP,GO:0051234,establishment of localization,0.03906286453646223,true,6,4804,11,20972,0.5454545454545454,0.0012489592006661116,"IEA;IMP;IMP,IC;;;;IDA,IEA;;IMP,IEA;;IDA"
GO:BP,GO:1900087,positive regulation of G1/S transition of mitotic cell cycle,0.03918848240657818,true,1,44,11,20972,0.09090909090909091,0.022727272727272728,;;;;;;;;;;IEA
GO:BP,GO:1902692,regulation of neuroblast proliferation,0.03918848240657818,true,1,44,11,20972,0.09090909090909091,0.022727272727272728,IEA;;;;;;;;;;
GO:BP,GO:1902108,regulation of mitochondrial membrane permeability involved in apoptotic process,0.03918848240657818,true,1,44,11,20972,0.09090909090909091,0.022727272727272728,IEA;;;;;;;;;;
GO:BP,GO:2000772,regulation of cellular senescence,0.03918848240657818,true,1,44,11,20972,0.09090909090909091,0.022727272727272728,"IDA,ISS,IEA;;;;;;;;;;"
GO:BP,GO:0001974,blood vessel remodeling,0.03989410629924097,true,1,45,11,20972,0.09090909090909091,0.022222222222222223,;;;;;;;;;;IEA
GO:BP,GO:0042304,regulation of fatty acid biosynthetic process,0.03989410629924097,true,1,45,11,20972,0.09090909090909091,0.022222222222222223,;;;;;IMP;;;;;
GO:BP,GO:0007622,rhythmic behavior,0.03989410629924097,true,1,45,11,20972,0.09090909090909091,0.022222222222222223,"ISS,IEA;;;;;;;;;;"
GO:BP,GO:0045944,positive regulation of transcription by RNA polymerase II,0.04031363940436722,true,3,1237,11,20972,0.2727272727272727,0.002425222312045271,"IDA,IMP,IGI,ISS,IEA;ISS,IEA;;;;IDA,IMP,IBA,IEA;;;;;"
REAC,REAC:R-HSA-8951664,Neddylation,0.04041215503289587,true,2,244,11,11056,0.18181818181818182,0.00819672131147541,;;;;;REAC;;;REAC;;
REAC,REAC:R-HSA-9734009,Defective Intrinsic Pathway for Apoptosis,0.04048350265932144,true,1,24,11,11056,0.09090909090909091,0.041666666666666664,REAC;;;;;;;;;;
GO:BP,GO:1905710,positive regulation of membrane permeability,0.040534243075685636,true,1,46,11,20972,0.09090909090909091,0.021739130434782608,IEA;;;;;;;;;;
GO:BP,GO:0048662,negative regulation of smooth muscle cell proliferation,0.040534243075685636,true,1,46,11,20972,0.09090909090909091,0.021739130434782608,;;;;;;;;IMP;;
GO:BP,GO:0007099,centriole replication,0.040534243075685636,true,1,46,11,20972,0.09090909090909091,0.021739130434782608,;;;;;NAS;;;;;
GO:BP,GO:0007389,pattern specification process,0.04056026641953763,true,2,468,11,20972,0.18181818181818182,0.004273504273504274,IEA;IEA;;;;;;;;;
GO:BP,GO:1902041,regulation of extrinsic apoptotic signaling pathway via death domain receptors,0.04122606519839354,true,1,47,11,20972,0.09090909090909091,0.02127659574468085,;;;;;IMP;;;;;
GO:BP,GO:0030890,positive regulation of B cell proliferation,0.04122606519839354,true,1,47,11,20972,0.09090909090909091,0.02127659574468085,;;;;;;;;IEA;;
GO:BP,GO:0031667,response to nutrient levels,0.041519915339110966,true,2,475,11,20972,0.18181818181818182,0.004210526315789474,"IDA;;;;;;;;IMP,IEA;;"
GO:BP,GO:1901524,regulation of mitophagy,0.04197189315973183,true,1,48,11,20972,0.09090909090909091,0.020833333333333332,IEA;;;;;;;;;;
GO:BP,GO:0042149,cellular response to glucose starvation,0.042287715233640305,true,1,49,11,20972,0.09090909090909091,0.02040816326530612,IDA;;;;;;;;;;
GO:BP,GO:0010824,regulation of centrosome duplication,0.042287715233640305,true,1,49,11,20972,0.09090909090909091,0.02040816326530612,;;;;;NAS;;;;;
GO:BP,GO:0018107,peptidyl-threonine phosphorylation,0.042287715233640305,true,1,49,11,20972,0.09090909090909091,0.02040816326530612,;;;IDA;;;;;;;
GO:BP,GO:0018210,peptidyl-threonine modification,0.042287715233640305,true,1,49,11,20972,0.09090909090909091,0.02040816326530612,;;;IDA;;;;;;;
GO:BP,GO:0071173,spindle assembly checkpoint signaling,0.042287715233640305,true,1,49,11,20972,0.09090909090909091,0.02040816326530612,;IMP;;;;;;;;;
GO:BP,GO:0071174,mitotic spindle checkpoint signaling,0.042287715233640305,true,1,49,11,20972,0.09090909090909091,0.02040816326530612,;IMP;;;;;;;;;
GO:BP,GO:0071763,nuclear membrane organization,0.042287715233640305,true,1,49,11,20972,0.09090909090909091,0.02040816326530612,;;IDA;;;;;;;;
GO:BP,GO:1902116,negative regulation of organelle assembly,0.042287715233640305,true,1,49,11,20972,0.09090909090909091,0.02040816326530612,;;;;;NAS;;;;;
GO:BP,GO:0007094,mitotic spindle assembly checkpoint signaling,0.042287715233640305,true,1,49,11,20972,0.09090909090909091,0.02040816326530612,;IMP;;;;;;;;;
GO:BP,GO:1904262,negative regulation of TORC1 signaling,0.04295714888078276,true,1,50,11,20972,0.09090909090909091,0.02,";IMP,IBA,IEA;;;;;;;;;"
GO:BP,GO:0019320,hexose catabolic process,0.04295714888078276,true,1,50,11,20972,0.09090909090909091,0.02,IEA;;;;;;;;;;
GO:BP,GO:0031577,spindle checkpoint signaling,0.04295714888078276,true,1,50,11,20972,0.09090909090909091,0.02,;IMP;;;;;;;;;
GO:BP,GO:2000816,negative regulation of mitotic sister chromatid separation,0.0433150474480582,true,1,51,11,20972,0.09090909090909091,0.0196078431372549,;IMP;;;;;;;;;
GO:BP,GO:0043462,regulation of ATP-dependent activity,0.0433150474480582,true,1,51,11,20972,0.09090909090909091,0.0196078431372549,TAS;;;;;;;;;;
GO:BP,GO:0033048,negative regulation of mitotic sister chromatid segregation,0.0433150474480582,true,1,51,11,20972,0.09090909090909091,0.0196078431372549,;IMP;;;;;;;;;
GO:BP,GO:0045841,negative regulation of mitotic metaphase/anaphase transition,0.0433150474480582,true,1,51,11,20972,0.09090909090909091,0.0196078431372549,;IMP;;;;;;;;;
GO:BP,GO:0007264,small GTPase-mediated signal transduction,0.0433150474480582,true,2,493,11,20972,0.18181818181818182,0.004056795131845842,IEP;;;;;;;;IEP;;
GO:BP,GO:0098534,centriole assembly,0.0433150474480582,true,1,51,11,20972,0.09090909090909091,0.0196078431372549,;;;;;NAS;;;;;
GO:BP,GO:0033046,negative regulation of sister chromatid segregation,0.0433150474480582,true,1,51,11,20972,0.09090909090909091,0.0196078431372549,;IMP;;;;;;;;;
GO:BP,GO:0048538,thymus development,0.0433150474480582,true,1,51,11,20972,0.09090909090909091,0.0196078431372549,;IEA;;;;;;;;;
GO:BP,GO:0097300,programmed necrotic cell death,0.043785908662160616,true,1,52,11,20972,0.09090909090909091,0.019230769230769232,IEA;;;;;;;;;;
GO:BP,GO:0048146,positive regulation of fibroblast proliferation,0.043785908662160616,true,1,52,11,20972,0.09090909090909091,0.019230769230769232,;;;;;;;;IMP;;
GO:BP,GO:0031648,protein destabilization,0.043785908662160616,true,1,52,11,20972,0.09090909090909091,0.019230769230769232,";;;;;;;;;;IDA,IMP"
GO:BP,GO:0003197,endocardial cushion development,0.043785908662160616,true,1,52,11,20972,0.09090909090909091,0.019230769230769232,;;;;;;;;;;IEA
GO:BP,GO:0045912,negative regulation of carbohydrate metabolic process,0.043785908662160616,true,1,52,11,20972,0.09090909090909091,0.019230769230769232,IEA;;;;;;;;;;
GO:BP,GO:0009299,mRNA transcription,0.043785908662160616,true,1,52,11,20972,0.09090909090909091,0.019230769230769232,IMP;;;;;;;;;;
GO:BP,GO:0014009,glial cell proliferation,0.04395387915226433,true,1,53,11,20972,0.09090909090909091,0.018867924528301886,IEA;;;;;;;;;;
GO:BP,GO:0071901,negative regulation of protein serine/threonine kinase activity,0.04395387915226433,true,1,53,11,20972,0.09090909090909091,0.018867924528301886,;;;;;;;;;IMP;
GO:BP,GO:0046902,regulation of mitochondrial membrane permeability,0.04395387915226433,true,1,53,11,20972,0.09090909090909091,0.018867924528301886,IEA;;;;;;;;;;
GO:BP,GO:1902100,negative regulation of metaphase/anaphase transition of cell cycle,0.04395387915226433,true,1,53,11,20972,0.09090909090909091,0.018867924528301886,;IMP;;;;;;;;;
GO:BP,GO:1903146,regulation of autophagy of mitochondrion,0.04395387915226433,true,1,53,11,20972,0.09090909090909091,0.018867924528301886,IEA;;;;;;;;;;
GO:BP,GO:0006984,ER-nucleus signaling pathway,0.04395387915226433,true,1,53,11,20972,0.09090909090909091,0.018867924528301886,IDA;;;;;;;;;;
GO:BP,GO:1905819,negative regulation of chromosome separation,0.04395387915226433,true,1,53,11,20972,0.09090909090909091,0.018867924528301886,;IMP;;;;;;;;;
GO:BP,GO:0001836,release of cytochrome c from mitochondria,0.04395387915226433,true,1,53,11,20972,0.09090909090909091,0.018867924528301886,"IDA,IEA;;;;;;;;;;"
GO:BP,GO:0034198,cellular response to amino acid starvation,0.04395387915226433,true,1,53,11,20972,0.09090909090909091,0.018867924528301886,";;;;;;;;IMP,IEA;;"
GO:BP,GO:0001932,regulation of protein phosphorylation,0.04395387915226433,true,2,504,11,20972,0.18181818181818182,0.003968253968253968,";;;;;;;;IDA,IMP,TAS;IMP,TAS;"
GO:BP,GO:0051985,negative regulation of chromosome segregation,0.04395387915226433,true,1,53,11,20972,0.09090909090909091,0.018867924528301886,;IMP;;;;;;;;;
REAC,REAC:R-HSA-399721,"Glutamate binding, activation of AMPA receptors and synaptic plasticity",0.044038424018599,true,1,27,11,11056,0.09090909090909091,0.037037037037037035,;;;;;;;;;;REAC
REAC,REAC:R-HSA-5620971,Pyroptosis,0.044038424018599,true,1,27,11,11056,0.09090909090909091,0.037037037037037035,REAC;;;;;;;;;;
REAC,REAC:R-HSA-9682385,FLT3 signaling in disease,0.044038424018599,true,1,27,11,11056,0.09090909090909091,0.037037037037037035,;;;;;;;;REAC;;
REAC,REAC:R-HSA-399719,Trafficking of AMPA receptors,0.044038424018599,true,1,27,11,11056,0.09090909090909091,0.037037037037037035,;;;;;;;;;;REAC
GO:BP,GO:0051249,regulation of lymphocyte activation,0.04421793923021992,true,2,506,11,20972,0.18181818181818182,0.003952569169960474,;IMP;;;;;;;IEA;;
GO:BP,GO:0046854,phosphatidylinositol phosphate biosynthetic process,0.044520838393935516,true,1,54,11,20972,0.09090909090909091,0.018518518518518517,;IEA;;;;;;;;;
GO:BP,GO:0010596,negative regulation of endothelial cell migration,0.044520838393935516,true,1,54,11,20972,0.09090909090909091,0.018518518518518517,";;;;;;;;;IMP,IEA;"
GO:BP,GO:0046365,monosaccharide catabolic process,0.044520838393935516,true,1,54,11,20972,0.09090909090909091,0.018518518518518517,IEA;;;;;;;;;;
GO:BP,GO:1990928,response to amino acid starvation,0.04527291860024185,true,1,55,11,20972,0.09090909090909091,0.01818181818181818,";;;;;;;;IMP,IEA;;"
GO:BP,GO:0046605,regulation of centrosome cycle,0.04565092065054784,true,1,56,11,20972,0.09090909090909091,0.017857142857142856,;;;;;NAS;;;;;
GO:BP,GO:0045815,transcription initiation-coupled chromatin remodeling,0.04565092065054784,true,1,56,11,20972,0.09090909090909091,0.017857142857142856,IDA;;;;;;;;;;
GO:BP,GO:0051055,negative regulation of lipid biosynthetic process,0.04565092065054784,true,1,56,11,20972,0.09090909090909091,0.017857142857142856,;;;;;IMP;;;;;
GO:BP,GO:0030520,estrogen receptor signaling pathway,0.04565092065054784,true,1,56,11,20972,0.09090909090909091,0.017857142857142856,;;;;;IMP;;;;;
GO:BP,GO:0032774,RNA biosynthetic process,0.04565092065054784,true,7,6627,11,20972,0.6363636363636364,0.0010562848951259998,"IDA,IMP,IGI,ISS,IBA,NAS,IEA;ISS,IEA;;;IDA;IDA,IMP,IBA,TAS,IEA;IDA,IBA;;;IMP;IDA,IMP"
GO:BP,GO:0002931,response to ischemia,0.04565092065054784,true,1,56,11,20972,0.09090909090909091,0.017857142857142856,IEA;;;;;;;;;;
GO:BP,GO:0038066,p38MAPK cascade,0.04565092065054784,true,1,56,11,20972,0.09090909090909091,0.017857142857142856,;;;;;;;;;IDA;
GO:BP,GO:0008104,intracellular protein localization,0.04587233972787558,true,4,2401,11,20972,0.36363636363636365,0.001665972511453561,"IDA,IEA;;IMP;;;;;;IEA;;IDA"
GO:BP,GO:1903131,mononuclear cell differentiation,0.046144537704956315,true,2,523,11,20972,0.18181818181818182,0.0038240917782026767,"IEA;ISS,IEA;;;;;;;;;"
GO:BP,GO:1904705,regulation of vascular associated smooth muscle cell proliferation,0.046144537704956315,true,1,57,11,20972,0.09090909090909091,0.017543859649122806,;;;;;;;;IMP;;
GO:BP,GO:0033047,regulation of mitotic sister chromatid segregation,0.046144537704956315,true,1,57,11,20972,0.09090909090909091,0.017543859649122806,;IMP;;;;;;;;;
GO:BP,GO:1902895,positive regulation of miRNA transcription,0.046144537704956315,true,1,57,11,20972,0.09090909090909091,0.017543859649122806,"IDA,IMP,IGI;;;;;;;;;;"
GO:BP,GO:1990874,vascular associated smooth muscle cell proliferation,0.046755404384300626,true,1,58,11,20972,0.09090909090909091,0.017241379310344827,;;;;;;;;IMP;;
GO:BP,GO:0043616,keratinocyte proliferation,0.046755404384300626,true,1,58,11,20972,0.09090909090909091,0.017241379310344827,;;;;;;;;IEA;;
GO:BP,GO:0072132,mesenchyme morphogenesis,0.046755404384300626,true,1,58,11,20972,0.09090909090909091,0.017241379310344827,;;;;;;;;;;IEA
GO:BP,GO:0009605,response to external stimulus,0.04703312629368623,true,4,2427,11,20972,0.36363636363636365,0.0016481252575195715,"ISS,IEA;;IDA;IEP;;;;;;IEP;"
GO:BP,GO:2001244,positive regulation of intrinsic apoptotic signaling pathway,0.047298301502249764,true,1,59,11,20972,0.09090909090909091,0.01694915254237288,"IMP,ISS;;;;;;;;;;"
GO:BP,GO:0141137,"positive regulation of gene expression, epigenetic",0.047298301502249764,true,1,59,11,20972,0.09090909090909091,0.01694915254237288,IDA;;;;;;;;;;
GO:BP,GO:1902808,positive regulation of cell cycle G1/S phase transition,0.047298301502249764,true,1,59,11,20972,0.09090909090909091,0.01694915254237288,;;;;;;;;;;IEA
GO:BP,GO:0001541,ovarian follicle development,0.04796148104486025,true,1,60,11,20972,0.09090909090909091,0.016666666666666666,;IEA;;;;;;;;;
GO:BP,GO:0006998,nuclear envelope organization,0.04796148104486025,true,1,60,11,20972,0.09090909090909091,0.016666666666666666,;;IDA;;;;;;;;
REAC,REAC:R-HSA-6804758,Regulation of TP53 Activity through Acetylation,0.0481018606787004,true,1,30,11,11056,0.09090909090909091,0.03333333333333333,REAC;;;;;;;;;;
REAC,REAC:R-HSA-114452,Activation of BH3-only proteins,0.0481018606787004,true,1,30,11,11056,0.09090909090909091,0.03333333333333333,REAC;;;;;;;;;;
GO:BP,GO:0070228,regulation of lymphocyte apoptotic process,0.048684933200175244,true,1,61,11,20972,0.09090909090909091,0.01639344262295082,"ISS,IEA;;;;;;;;;;"
GO:BP,GO:0001525,angiogenesis,0.04909618542623278,true,2,546,11,20972,0.18181818181818182,0.003663003663003663,;;;;;IMP;;;;IEA;
GO:BP,GO:0060261,positive regulation of transcription initiation by RNA polymerase II,0.049276258083194864,true,1,62,11,20972,0.09090909090909091,0.016129032258064516,IDA;;;;;;;;;;
GO:BP,GO:0010965,regulation of mitotic sister chromatid separation,0.049276258083194864,true,1,62,11,20972,0.09090909090909091,0.016129032258064516,;IMP;;;;;;;;;
GO:BP,GO:2000026,regulation of multicellular organismal development,0.04943529862270457,true,3,1392,11,20972,0.2727272727272727,0.0021551724137931034,IEA;;;;;IMP;;;;IEA;
GO:BP,GO:0003179,heart valve morphogenesis,0.04992791661918761,true,1,63,11,20972,0.09090909090909091,0.015873015873015872,;;;;;;;;;;IEA
