source	interaction	target
AGO1	in-complex-with	MOV10
AGO1	controls-expression-of	PTEN
AGO1	in-complex-with	TNRC6A
AGO1	in-complex-with	TNRC6B
AGO1	in-complex-with	TNRC6C
AGO2	in-complex-with	MOV10
AGO2	controls-expression-of	PTEN
AGO2	in-complex-with	TNRC6A
AGO2	in-complex-with	TNRC6B
AGO2	in-complex-with	TNRC6C
AGO3	in-complex-with	MOV10
AGO3	controls-expression-of	PTEN
AGO3	in-complex-with	TNRC6A
AGO3	in-complex-with	TNRC6B
AGO3	in-complex-with	TNRC6C
AGO4	in-complex-with	MOV10
AGO4	controls-expression-of	PTEN
AGO4	in-complex-with	TNRC6A
AGO4	in-complex-with	TNRC6B
AGO4	in-complex-with	TNRC6C
AKT1	controls-state-change-of	BRD1
AKT1	controls-state-change-of	BRPF1
AKT1	controls-state-change-of	BRPF3
AKT1	controls-state-change-of	ING5
AKT1	controls-phosphorylation-of	KAT6A
AKT1	controls-state-change-of	KAT6A
AKT1	controls-phosphorylation-of	MDM2
AKT1	controls-state-change-of	MDM2
AKT1	controls-state-change-of	MEAF6
AKT1	controls-phosphorylation-of	PHF20
AKT1	controls-state-change-of	PHF20
AKT1	controls-state-change-of	PML
AKT1	controls-state-change-of	TP53
AKT1	controls-phosphorylation-of	TSC2
AKT1	controls-state-change-of	TSC2
AKT2	controls-state-change-of	BRD1
AKT2	controls-state-change-of	BRPF1
AKT2	controls-state-change-of	BRPF3
AKT2	controls-state-change-of	ING5
AKT2	controls-phosphorylation-of	KAT6A
AKT2	controls-state-change-of	KAT6A
AKT2	controls-phosphorylation-of	MDM2
AKT2	controls-state-change-of	MDM2
AKT2	controls-state-change-of	MEAF6
AKT2	controls-phosphorylation-of	PHF20
AKT2	controls-state-change-of	PHF20
AKT2	controls-state-change-of	PML
AKT2	controls-state-change-of	TP53
AKT2	controls-phosphorylation-of	TSC2
AKT2	controls-state-change-of	TSC2
AKT3	controls-state-change-of	BRD1
AKT3	controls-state-change-of	BRPF1
AKT3	controls-state-change-of	BRPF3
AKT3	controls-state-change-of	ING5
AKT3	controls-phosphorylation-of	KAT6A
AKT3	controls-state-change-of	KAT6A
AKT3	controls-phosphorylation-of	MDM2
AKT3	controls-state-change-of	MDM2
AKT3	controls-state-change-of	MEAF6
AKT3	controls-phosphorylation-of	PHF20
AKT3	controls-state-change-of	PHF20
AKT3	controls-state-change-of	PML
AKT3	controls-state-change-of	TP53
AKT3	controls-phosphorylation-of	TSC2
AKT3	controls-state-change-of	TSC2
ATF2	in-complex-with	JUN
ATF2	controls-expression-of	MSH2
ATF2	in-complex-with	TP53
ATM	in-complex-with	ATRIP
ATM	in-complex-with	ATR
ATM	in-complex-with	BARD1
ATM	in-complex-with	BLM
ATM	in-complex-with	BRCA1
ATM	in-complex-with	BRIP1
ATM	in-complex-with	DNA2
ATM	controls-phosphorylation-of	DYRK2
ATM	controls-state-change-of	DYRK2
ATM	in-complex-with	EXO1
ATM	in-complex-with	HUS1
ATM	in-complex-with	KAT5
ATM	controls-phosphorylation-of	MDM2
ATM	controls-state-change-of	MDM2
ATM	controls-phosphorylation-of	MDM4
ATM	controls-state-change-of	MDM4
ATM	in-complex-with	MRE11
ATM	in-complex-with	NBN
ATM	controls-phosphorylation-of	PIDD1
ATM	controls-state-change-of	PIDD1
ATM	in-complex-with	RAD17
ATM	in-complex-with	RAD1
ATM	in-complex-with	RAD50
ATM	in-complex-with	RAD9A
ATM	in-complex-with	RAD9B
ATM	in-complex-with	RBBP8
ATM	in-complex-with	RFC2
ATM	in-complex-with	RFC3
ATM	in-complex-with	RFC4
ATM	in-complex-with	RFC5
ATM	in-complex-with	RHNO1
ATM	in-complex-with	RMI1
ATM	in-complex-with	RMI2
ATM	in-complex-with	RPA1
ATM	in-complex-with	RPA2
ATM	in-complex-with	RPA3
ATM	in-complex-with	TOP3A
ATM	in-complex-with	TOPBP1
ATM	controls-phosphorylation-of	TP53
ATM	controls-state-change-of	TP53
ATM	controls-phosphorylation-of	TTC5
ATM	controls-state-change-of	TTC5
ATM	in-complex-with	WRN
ATM	controls-phosphorylation-of	ZNF420
ATM	controls-state-change-of	ZNF420
ATR	in-complex-with	ATRIP
ATR	in-complex-with	BARD1
ATR	in-complex-with	BLM
ATR	in-complex-with	BRCA1
ATR	in-complex-with	BRIP1
ATR	in-complex-with	DNA2
ATR	in-complex-with	EXO1
ATR	in-complex-with	HUS1
ATRIP	in-complex-with	BARD1
ATRIP	in-complex-with	BLM
ATRIP	in-complex-with	BRCA1
ATRIP	in-complex-with	BRIP1
ATRIP	in-complex-with	DNA2
ATRIP	in-complex-with	EXO1
ATRIP	in-complex-with	HUS1
ATRIP	in-complex-with	KAT5
ATRIP	in-complex-with	MRE11
ATRIP	in-complex-with	NBN
ATRIP	in-complex-with	RAD17
ATRIP	in-complex-with	RAD1
ATRIP	in-complex-with	RAD50
ATRIP	in-complex-with	RAD9A
ATRIP	in-complex-with	RAD9B
ATRIP	in-complex-with	RBBP8
ATRIP	in-complex-with	RFC2
ATRIP	in-complex-with	RFC3
ATRIP	in-complex-with	RFC4
ATRIP	in-complex-with	RFC5
ATRIP	in-complex-with	RHNO1
ATRIP	in-complex-with	RMI1
ATRIP	in-complex-with	RMI2
ATRIP	in-complex-with	RPA1
ATRIP	in-complex-with	RPA2
ATRIP	in-complex-with	RPA3
ATRIP	in-complex-with	TOP3A
ATRIP	in-complex-with	TOPBP1
ATRIP	controls-phosphorylation-of	TP53
ATRIP	controls-state-change-of	TP53
ATRIP	in-complex-with	WRN
ATR	in-complex-with	KAT5
ATR	in-complex-with	MRE11
ATR	in-complex-with	NBN
ATR	in-complex-with	RAD17
ATR	in-complex-with	RAD1
ATR	in-complex-with	RAD50
ATR	in-complex-with	RAD9A
ATR	in-complex-with	RAD9B
ATR	in-complex-with	RBBP8
ATR	in-complex-with	RFC2
ATR	in-complex-with	RFC3
ATR	in-complex-with	RFC4
ATR	in-complex-with	RFC5
ATR	in-complex-with	RHNO1
ATR	in-complex-with	RMI1
ATR	in-complex-with	RMI2
ATR	in-complex-with	RPA1
ATR	in-complex-with	RPA2
ATR	in-complex-with	RPA3
ATR	in-complex-with	TOP3A
ATR	in-complex-with	TOPBP1
ATR	controls-phosphorylation-of	TP53
ATR	controls-state-change-of	TP53
ATR	in-complex-with	WRN
AURKA	in-complex-with	GADD45A
AURKA	controls-phosphorylation-of	TP53
AURKA	controls-state-change-of	TP53
AURKA	in-complex-with	TPX2
AURKB	in-complex-with	NOC2L
AURKB	controls-state-change-of	TP53
AURKB	in-complex-with	TP53
BANP	in-complex-with	TP53
BARD1	in-complex-with	BLM
BARD1	in-complex-with	BRCA1
BARD1	in-complex-with	BRIP1
BARD1	in-complex-with	DNA2
BARD1	in-complex-with	EXO1
BARD1	in-complex-with	HUS1
BARD1	in-complex-with	KAT5
BARD1	in-complex-with	MRE11
BARD1	in-complex-with	NBN
BARD1	in-complex-with	RAD17
BARD1	in-complex-with	RAD1
BARD1	in-complex-with	RAD50
BARD1	in-complex-with	RAD9A
BARD1	in-complex-with	RAD9B
BARD1	in-complex-with	RBBP8
BARD1	in-complex-with	RFC2
BARD1	in-complex-with	RFC3
BARD1	in-complex-with	RFC4
BARD1	in-complex-with	RFC5
BARD1	in-complex-with	RHNO1
BARD1	in-complex-with	RMI1
BARD1	in-complex-with	RMI2
BARD1	in-complex-with	RPA1
BARD1	in-complex-with	RPA2
BARD1	in-complex-with	RPA3
BARD1	in-complex-with	TOP3A
BARD1	in-complex-with	TOPBP1
BARD1	controls-phosphorylation-of	TP53
BARD1	controls-state-change-of	TP53
BARD1	in-complex-with	WRN
BAX	in-complex-with	SFN
BLM	in-complex-with	BRCA1
BLM	in-complex-with	BRIP1
BLM	in-complex-with	DNA2
BLM	in-complex-with	EXO1
BLM	in-complex-with	HUS1
BLM	in-complex-with	KAT5
BLM	in-complex-with	MRE11
BLM	in-complex-with	NBN
BLM	in-complex-with	RAD17
BLM	in-complex-with	RAD1
BLM	in-complex-with	RAD50
BLM	in-complex-with	RAD9A
BLM	in-complex-with	RAD9B
BLM	in-complex-with	RBBP8
BLM	in-complex-with	RFC2
BLM	in-complex-with	RFC3
BLM	in-complex-with	RFC4
BLM	in-complex-with	RFC5
BLM	in-complex-with	RHNO1
BLM	in-complex-with	RMI1
BLM	in-complex-with	RMI2
BLM	in-complex-with	RPA1
BLM	in-complex-with	RPA2
BLM	in-complex-with	RPA3
BLM	in-complex-with	TOP3A
BLM	in-complex-with	TOPBP1
BLM	controls-phosphorylation-of	TP53
BLM	controls-state-change-of	TP53
BNIP3L	in-complex-with	STEAP3
BRCA1	in-complex-with	BRIP1
BRCA1	in-complex-with	DNA2
BRCA1	in-complex-with	EXO1
BRCA1	in-complex-with	HUS1
BRCA1	in-complex-with	KAT5
BRCA1	in-complex-with	MRE11
BRCA1	in-complex-with	NBN
BRCA1	in-complex-with	RAD17
BRCA1	in-complex-with	RAD1
BRCA1	in-complex-with	RAD50
BRCA1	in-complex-with	RAD9A
BRCA1	in-complex-with	RAD9B
BRCA1	in-complex-with	RBBP8
BRCA1	in-complex-with	RFC2
BRCA1	in-complex-with	RFC3
BRCA1	in-complex-with	RFC4
BRCA1	in-complex-with	RFC5
BRCA1	in-complex-with	RHNO1
BRCA1	in-complex-with	RMI1
BRCA1	in-complex-with	RMI2
BRCA1	in-complex-with	RPA1
BRCA1	in-complex-with	RPA2
BRCA1	in-complex-with	RPA3
BRCA1	in-complex-with	TOP3A
BRCA1	in-complex-with	TOPBP1
BRCA1	controls-phosphorylation-of	TP53
BRCA1	controls-state-change-of	TP53
BRCA1	in-complex-with	WRN
BRD1	in-complex-with	ING5
BRD1	in-complex-with	KAT6A
BRD1	in-complex-with	MEAF6
BRD1	in-complex-with	PML
BRD1	controls-state-change-of	TP53
BRD1	in-complex-with	TP53
BRD7	in-complex-with	EP300
BRD7	controls-state-change-of	TP53
BRD7	in-complex-with	TP53
BRIP1	in-complex-with	DNA2
BRIP1	in-complex-with	EXO1
BRIP1	in-complex-with	HUS1
BRIP1	in-complex-with	KAT5
BRIP1	in-complex-with	MRE11
BRIP1	in-complex-with	NBN
BRIP1	in-complex-with	RAD17
BRIP1	in-complex-with	RAD1
BRIP1	in-complex-with	RAD50
BRIP1	in-complex-with	RAD9A
BRIP1	in-complex-with	RAD9B
BRIP1	in-complex-with	RBBP8
BRIP1	in-complex-with	RFC2
BRIP1	in-complex-with	RFC3
BRIP1	in-complex-with	RFC4
BRIP1	in-complex-with	RFC5
BRIP1	in-complex-with	RHNO1
BRIP1	in-complex-with	RMI1
BRIP1	in-complex-with	RMI2
BRIP1	in-complex-with	RPA1
BRIP1	in-complex-with	RPA2
BRIP1	in-complex-with	RPA3
BRIP1	in-complex-with	TOP3A
BRIP1	in-complex-with	TOPBP1
BRIP1	controls-phosphorylation-of	TP53
BRIP1	controls-state-change-of	TP53
BRIP1	in-complex-with	WRN
BRPF1	in-complex-with	ING5
BRPF1	in-complex-with	KAT6A
BRPF1	in-complex-with	MEAF6
BRPF1	in-complex-with	PML
BRPF1	controls-state-change-of	TP53
BRPF1	in-complex-with	TP53
BRPF3	in-complex-with	ING5
BRPF3	in-complex-with	KAT6A
BRPF3	in-complex-with	MEAF6
BRPF3	in-complex-with	PML
BRPF3	controls-state-change-of	TP53
BRPF3	in-complex-with	TP53
BTG2	in-complex-with	CNOT10
BTG2	in-complex-with	CNOT11
BTG2	in-complex-with	CNOT12
BTG2	in-complex-with	CNOT1
BTG2	in-complex-with	CNOT2
BTG2	in-complex-with	CNOT3
BTG2	in-complex-with	CNOT4
BTG2	in-complex-with	CNOT6L
BTG2	in-complex-with	CNOT6
BTG2	in-complex-with	CNOT7
BTG2	in-complex-with	CNOT8
BTG2	in-complex-with	CNOT9
CARM1	in-complex-with	EP300
CARM1	controls-expression-of	GADD45A
CARM1	in-complex-with	PRMT1
CARM1	in-complex-with	TP53
CASP2	in-complex-with	CRADD
CASP2	in-complex-with	PIDD1
CCNA1	in-complex-with	CDK1
CCNA1	in-complex-with	CDK2
CCNA1	in-complex-with	CDKN1A
CCNA1	in-complex-with	CDKN1B
CCNA1	controls-phosphorylation-of	MDM2
CCNA1	controls-state-change-of	MDM2
CCNA1	controls-phosphorylation-of	TP53
CCNA1	controls-state-change-of	TP53
CCNA2	in-complex-with	CDK1
CCNA2	in-complex-with	CDK2
CCNA2	in-complex-with	CDKN1A
CCNA2	in-complex-with	CDKN1B
CCNA2	controls-phosphorylation-of	MDM2
CCNA2	controls-state-change-of	MDM2
CCNA2	controls-phosphorylation-of	TP53
CCNA2	controls-state-change-of	TP53
CCNB1	in-complex-with	CDK1
CCNB1	in-complex-with	SFN
CCNE1	in-complex-with	CDK2
CCNE1	in-complex-with	CDKN1A
CCNE1	in-complex-with	CDKN1B
CCNE2	in-complex-with	CDK2
CCNE2	in-complex-with	CDKN1A
CCNE2	in-complex-with	CDKN1B
CCNG1	controls-state-change-of	MDM2
CCNG1	in-complex-with	MDM2
CCNG1	in-complex-with	PPP2CA
CCNG1	in-complex-with	PPP2CB
CCNG1	in-complex-with	PPP2R1A
CCNG1	in-complex-with	PPP2R1B
CCNG1	in-complex-with	PPP2R5C
CCNH	controls-expression-of	ATM
CCNH	controls-expression-of	ATR
CCNH	controls-expression-of	BRCA1
CCNH	in-complex-with	CCNK
CCNH	in-complex-with	CCNT1
CCNH	in-complex-with	CCNT2
CCNH	in-complex-with	CDK12
CCNH	in-complex-with	CDK7
CCNH	in-complex-with	CDK9
CCNH	controls-expression-of	CHEK1
CCNH	in-complex-with	CTDP1
CCNH	in-complex-with	ELL
CCNH	in-complex-with	ELOA2
CCNH	in-complex-with	ELOA
CCNH	in-complex-with	ELOB
CCNH	in-complex-with	ELOC
CCNH	in-complex-with	ERCC2
CCNH	in-complex-with	ERCC3
CCNH	controls-expression-of	FANCD2
CCNH	controls-expression-of	FANCI
CCNH	in-complex-with	GTF2F1
CCNH	in-complex-with	GTF2F2
CCNH	in-complex-with	GTF2H1
CCNH	in-complex-with	GTF2H2
CCNH	in-complex-with	GTF2H3
CCNH	in-complex-with	GTF2H4
CCNH	in-complex-with	GTF2H5
CCNH	controls-expression-of	MDC1
CCNH	in-complex-with	MNAT1
CCNH	in-complex-with	NELFA
CCNH	in-complex-with	NELFB
CCNH	in-complex-with	NELFCD
CCNH	in-complex-with	NELFE
CCNH	controls-state-change-of	POLR2A
CCNH	in-complex-with	POLR2A
CCNH	in-complex-with	POLR2B
CCNH	in-complex-with	POLR2C
CCNH	in-complex-with	POLR2D
CCNH	in-complex-with	POLR2E
CCNH	in-complex-with	POLR2F
CCNH	in-complex-with	POLR2G
CCNH	in-complex-with	POLR2H
CCNH	in-complex-with	POLR2I
CCNH	in-complex-with	POLR2J
CCNH	in-complex-with	POLR2K
CCNH	in-complex-with	POLR2L
CCNH	controls-expression-of	RAD51D
CCNH	in-complex-with	SSRP1
CCNH	in-complex-with	SUPT16H
CCNH	in-complex-with	SUPT4H1
CCNH	in-complex-with	SUPT5H
CCNH	in-complex-with	TCEA1
CCNK	controls-expression-of	ATM
CCNK	controls-expression-of	ATR
CCNK	controls-expression-of	BRCA1
CCNK	in-complex-with	CCNT1
CCNK	in-complex-with	CCNT2
CCNK	in-complex-with	CDK12
CCNK	in-complex-with	CDK13
CCNK	in-complex-with	CDK7
CCNK	in-complex-with	CDK9
CCNK	controls-expression-of	CHEK1
CCNK	in-complex-with	CTDP1
CCNK	in-complex-with	ELL
CCNK	in-complex-with	ELOA2
CCNK	in-complex-with	ELOA
CCNK	in-complex-with	ELOB
CCNK	in-complex-with	ELOC
CCNK	in-complex-with	ERCC2
CCNK	in-complex-with	ERCC3
CCNK	controls-expression-of	FANCD2
CCNK	controls-expression-of	FANCI
CCNK	in-complex-with	GTF2F1
CCNK	in-complex-with	GTF2F2
CCNK	in-complex-with	GTF2H1
CCNK	in-complex-with	GTF2H2
CCNK	in-complex-with	GTF2H3
CCNK	in-complex-with	GTF2H4
CCNK	in-complex-with	GTF2H5
CCNK	controls-expression-of	MDC1
CCNK	in-complex-with	MNAT1
CCNK	in-complex-with	NELFA
CCNK	in-complex-with	NELFB
CCNK	in-complex-with	NELFCD
CCNK	in-complex-with	NELFE
CCNK	controls-state-change-of	POLR2A
CCNK	in-complex-with	POLR2A
CCNK	in-complex-with	POLR2B
CCNK	in-complex-with	POLR2C
CCNK	in-complex-with	POLR2D
CCNK	in-complex-with	POLR2E
CCNK	in-complex-with	POLR2F
CCNK	in-complex-with	POLR2G
CCNK	in-complex-with	POLR2H
CCNK	in-complex-with	POLR2I
CCNK	in-complex-with	POLR2J
CCNK	in-complex-with	POLR2K
CCNK	in-complex-with	POLR2L
CCNK	controls-expression-of	RAD51D
CCNK	in-complex-with	SSRP1
CCNK	in-complex-with	SUPT16H
CCNK	in-complex-with	SUPT4H1
CCNK	in-complex-with	SUPT5H
CCNK	in-complex-with	TCEA1
CCNT1	controls-expression-of	ATM
CCNT1	controls-expression-of	ATR
CCNT1	controls-expression-of	BRCA1
CCNT1	in-complex-with	CDK12
CCNT1	in-complex-with	CDK7
CCNT1	in-complex-with	CDK9
CCNT1	controls-expression-of	CHEK1
CCNT1	in-complex-with	CTDP1
CCNT1	in-complex-with	ELL
CCNT1	in-complex-with	ELOA2
CCNT1	in-complex-with	ELOA
CCNT1	in-complex-with	ELOB
CCNT1	in-complex-with	ELOC
CCNT1	in-complex-with	ERCC2
CCNT1	in-complex-with	ERCC3
CCNT1	controls-expression-of	FANCD2
CCNT1	controls-expression-of	FANCI
CCNT1	in-complex-with	GTF2F1
CCNT1	in-complex-with	GTF2F2
CCNT1	in-complex-with	GTF2H1
CCNT1	in-complex-with	GTF2H2
CCNT1	in-complex-with	GTF2H3
CCNT1	in-complex-with	GTF2H4
CCNT1	in-complex-with	GTF2H5
CCNT1	controls-expression-of	MDC1
CCNT1	in-complex-with	MNAT1
CCNT1	in-complex-with	NELFA
CCNT1	in-complex-with	NELFB
CCNT1	in-complex-with	NELFCD
CCNT1	in-complex-with	NELFE
CCNT1	controls-state-change-of	POLR2A
CCNT1	in-complex-with	POLR2A
CCNT1	in-complex-with	POLR2B
CCNT1	in-complex-with	POLR2C
CCNT1	in-complex-with	POLR2D
CCNT1	in-complex-with	POLR2E
CCNT1	in-complex-with	POLR2F
CCNT1	in-complex-with	POLR2G
CCNT1	in-complex-with	POLR2H
CCNT1	in-complex-with	POLR2I
CCNT1	in-complex-with	POLR2J
CCNT1	in-complex-with	POLR2K
CCNT1	in-complex-with	POLR2L
CCNT1	controls-expression-of	RAD51D
CCNT1	in-complex-with	SSRP1
CCNT1	in-complex-with	SUPT16H
CCNT1	in-complex-with	SUPT4H1
CCNT1	in-complex-with	SUPT5H
CCNT1	in-complex-with	TCEA1
CCNT2	controls-expression-of	ATM
CCNT2	controls-expression-of	ATR
CCNT2	controls-expression-of	BRCA1
CCNT2	in-complex-with	CDK12
CCNT2	in-complex-with	CDK7
CCNT2	in-complex-with	CDK9
CCNT2	controls-expression-of	CHEK1
CCNT2	in-complex-with	CTDP1
CCNT2	in-complex-with	ELL
CCNT2	in-complex-with	ELOA2
CCNT2	in-complex-with	ELOA
CCNT2	in-complex-with	ELOB
CCNT2	in-complex-with	ELOC
CCNT2	in-complex-with	ERCC2
CCNT2	in-complex-with	ERCC3
CCNT2	controls-expression-of	FANCD2
CCNT2	controls-expression-of	FANCI
CCNT2	in-complex-with	GTF2F1
CCNT2	in-complex-with	GTF2F2
CCNT2	in-complex-with	GTF2H1
CCNT2	in-complex-with	GTF2H2
CCNT2	in-complex-with	GTF2H3
CCNT2	in-complex-with	GTF2H4
CCNT2	in-complex-with	GTF2H5
CCNT2	controls-expression-of	MDC1
CCNT2	in-complex-with	MNAT1
CCNT2	in-complex-with	NELFA
CCNT2	in-complex-with	NELFB
CCNT2	in-complex-with	NELFCD
CCNT2	in-complex-with	NELFE
CCNT2	controls-state-change-of	POLR2A
CCNT2	in-complex-with	POLR2A
CCNT2	in-complex-with	POLR2B
CCNT2	in-complex-with	POLR2C
CCNT2	in-complex-with	POLR2D
CCNT2	in-complex-with	POLR2E
CCNT2	in-complex-with	POLR2F
CCNT2	in-complex-with	POLR2G
CCNT2	in-complex-with	POLR2H
CCNT2	in-complex-with	POLR2I
CCNT2	in-complex-with	POLR2J
CCNT2	in-complex-with	POLR2K
CCNT2	in-complex-with	POLR2L
CCNT2	controls-expression-of	RAD51D
CCNT2	in-complex-with	SSRP1
CCNT2	in-complex-with	SUPT16H
CCNT2	in-complex-with	SUPT4H1
CCNT2	in-complex-with	SUPT5H
CCNT2	in-complex-with	TCEA1
CDK12	controls-expression-of	ATM
CDK12	controls-expression-of	ATR
CDK12	controls-expression-of	BRCA1
CDK12	in-complex-with	CDK7
CDK12	in-complex-with	CDK9
CDK12	controls-expression-of	CHEK1
CDK12	in-complex-with	CTDP1
CDK12	in-complex-with	ELL
CDK12	in-complex-with	ELOA2
CDK12	in-complex-with	ELOA
CDK12	in-complex-with	ELOB
CDK12	in-complex-with	ELOC
CDK12	in-complex-with	ERCC2
CDK12	in-complex-with	ERCC3
CDK12	controls-expression-of	FANCD2
CDK12	controls-expression-of	FANCI
CDK12	in-complex-with	GTF2F1
CDK12	in-complex-with	GTF2F2
CDK12	in-complex-with	GTF2H1
CDK12	in-complex-with	GTF2H2
CDK12	in-complex-with	GTF2H3
CDK12	in-complex-with	GTF2H4
CDK12	in-complex-with	GTF2H5
CDK12	controls-expression-of	MDC1
CDK12	in-complex-with	MNAT1
CDK12	in-complex-with	NELFA
CDK12	in-complex-with	NELFB
CDK12	in-complex-with	NELFCD
CDK12	in-complex-with	NELFE
CDK12	controls-state-change-of	POLR2A
CDK12	in-complex-with	POLR2A
CDK12	in-complex-with	POLR2B
CDK12	in-complex-with	POLR2C
CDK12	in-complex-with	POLR2D
CDK12	in-complex-with	POLR2E
CDK12	in-complex-with	POLR2F
CDK12	in-complex-with	POLR2G
CDK12	in-complex-with	POLR2H
CDK12	in-complex-with	POLR2I
CDK12	in-complex-with	POLR2J
CDK12	in-complex-with	POLR2K
CDK12	in-complex-with	POLR2L
CDK12	controls-expression-of	RAD51D
CDK12	in-complex-with	SSRP1
CDK12	in-complex-with	SUPT16H
CDK12	in-complex-with	SUPT4H1
CDK12	in-complex-with	SUPT5H
CDK12	in-complex-with	TCEA1
CDK1	controls-phosphorylation-of	MDM2
CDK1	controls-state-change-of	MDM2
CDK1	in-complex-with	SFN
CDK2	in-complex-with	CDKN1A
CDK2	in-complex-with	CDKN1B
CDK2	controls-phosphorylation-of	MDM2
CDK2	controls-state-change-of	MDM2
CDK2	controls-phosphorylation-of	TP53
CDK2	controls-state-change-of	TP53
CDK5	in-complex-with	CDK5R1
CDK5R1	controls-phosphorylation-of	TP53
CDK5R1	controls-state-change-of	TP53
CDK5	controls-phosphorylation-of	TP53
CDK5	controls-state-change-of	TP53
CDK7	controls-expression-of	ATM
CDK7	controls-expression-of	ATR
CDK7	controls-expression-of	BRCA1
CDK7	in-complex-with	CDK9
CDK7	controls-expression-of	CHEK1
CDK7	in-complex-with	CTDP1
CDK7	in-complex-with	ELL
CDK7	in-complex-with	ELOA2
CDK7	in-complex-with	ELOA
CDK7	in-complex-with	ELOB
CDK7	in-complex-with	ELOC
CDK7	in-complex-with	ERCC2
CDK7	in-complex-with	ERCC3
CDK7	controls-expression-of	FANCD2
CDK7	controls-expression-of	FANCI
CDK7	in-complex-with	GTF2F1
CDK7	in-complex-with	GTF2F2
CDK7	in-complex-with	GTF2H1
CDK7	in-complex-with	GTF2H2
CDK7	in-complex-with	GTF2H3
CDK7	in-complex-with	GTF2H4
CDK7	in-complex-with	GTF2H5
CDK7	controls-expression-of	MDC1
CDK7	in-complex-with	MNAT1
CDK7	in-complex-with	NELFA
CDK7	in-complex-with	NELFB
CDK7	in-complex-with	NELFCD
CDK7	in-complex-with	NELFE
CDK7	controls-state-change-of	POLR2A
CDK7	in-complex-with	POLR2A
CDK7	in-complex-with	POLR2B
CDK7	in-complex-with	POLR2C
CDK7	in-complex-with	POLR2D
CDK7	in-complex-with	POLR2E
CDK7	in-complex-with	POLR2F
CDK7	in-complex-with	POLR2G
CDK7	in-complex-with	POLR2H
CDK7	in-complex-with	POLR2I
CDK7	in-complex-with	POLR2J
CDK7	in-complex-with	POLR2K
CDK7	in-complex-with	POLR2L
CDK7	controls-expression-of	RAD51D
CDK7	in-complex-with	SSRP1
CDK7	in-complex-with	SUPT16H
CDK7	in-complex-with	SUPT4H1
CDK7	in-complex-with	SUPT5H
CDK7	in-complex-with	TCEA1
CDK9	controls-expression-of	ATM
CDK9	controls-expression-of	ATR
CDK9	controls-expression-of	BRCA1
CDK9	controls-expression-of	CHEK1
CDK9	in-complex-with	CTDP1
CDK9	in-complex-with	ELL
CDK9	in-complex-with	ELOA2
CDK9	in-complex-with	ELOA
CDK9	in-complex-with	ELOB
CDK9	in-complex-with	ELOC
CDK9	in-complex-with	ERCC2
CDK9	in-complex-with	ERCC3
CDK9	controls-expression-of	FANCD2
CDK9	controls-expression-of	FANCI
CDK9	in-complex-with	GTF2F1
CDK9	in-complex-with	GTF2F2
CDK9	in-complex-with	GTF2H1
CDK9	in-complex-with	GTF2H2
CDK9	in-complex-with	GTF2H3
CDK9	in-complex-with	GTF2H4
CDK9	in-complex-with	GTF2H5
CDK9	controls-expression-of	MDC1
CDK9	in-complex-with	MNAT1
CDK9	in-complex-with	NELFA
CDK9	in-complex-with	NELFB
CDK9	in-complex-with	NELFCD
CDK9	in-complex-with	NELFE
CDK9	controls-state-change-of	POLR2A
CDK9	in-complex-with	POLR2A
CDK9	in-complex-with	POLR2B
CDK9	in-complex-with	POLR2C
CDK9	in-complex-with	POLR2D
CDK9	in-complex-with	POLR2E
CDK9	in-complex-with	POLR2F
CDK9	in-complex-with	POLR2G
CDK9	in-complex-with	POLR2H
CDK9	in-complex-with	POLR2I
CDK9	in-complex-with	POLR2J
CDK9	in-complex-with	POLR2K
CDK9	in-complex-with	POLR2L
CDK9	controls-expression-of	RAD51D
CDK9	in-complex-with	SSRP1
CDK9	in-complex-with	SUPT16H
CDK9	in-complex-with	SUPT4H1
CDK9	in-complex-with	SUPT5H
CDK9	in-complex-with	TCEA1
CDKN2A	controls-state-change-of	MDM2
CDKN2A	in-complex-with	MDM2
CDKN2A	controls-state-change-of	MDM4
CDKN2A	in-complex-with	MDM4
CDKN2A	controls-state-change-of	TP53
CDKN2A	in-complex-with	TP53
CHD3	controls-state-change-of	BRD1
CHD3	controls-state-change-of	BRD7
CHD3	controls-state-change-of	BRPF1
CHD3	controls-state-change-of	BRPF3
CHD3	controls-state-change-of	EP300
CHD3	in-complex-with	GATAD2A
CHD3	in-complex-with	GATAD2B
CHD3	in-complex-with	HDAC1
CHD3	in-complex-with	HDAC2
CHD3	controls-state-change-of	ING5
CHD3	controls-state-change-of	KAT6A
CHD3	in-complex-with	MBD3
CHD3	controls-state-change-of	MEAF6
CHD3	in-complex-with	MTA2
CHD3	controls-state-change-of	PML
CHD3	in-complex-with	RBBP4
CHD3	in-complex-with	RBBP7
CHD3	controls-state-change-of	TP53
CHD3	controls-production-of	chebi:30089
CHD4	controls-state-change-of	BRD1
CHD4	controls-state-change-of	BRD7
CHD4	controls-state-change-of	BRPF1
CHD4	controls-state-change-of	BRPF3
CHD4	controls-state-change-of	EP300
CHD4	in-complex-with	GATAD2A
CHD4	in-complex-with	GATAD2B
CHD4	in-complex-with	HDAC1
CHD4	in-complex-with	HDAC2
CHD4	controls-state-change-of	ING5
CHD4	controls-state-change-of	KAT6A
CHD4	in-complex-with	MBD3
CHD4	controls-state-change-of	MEAF6
CHD4	in-complex-with	MTA2
CHD4	controls-state-change-of	PML
CHD4	in-complex-with	RBBP4
CHD4	in-complex-with	RBBP7
CHD4	controls-state-change-of	TP53
CHD4	controls-production-of	chebi:30089
CHEK1	controls-phosphorylation-of	TP53
CHEK1	controls-state-change-of	TP53
CHEK2	controls-state-change-of	MDM2
CHEK2	controls-phosphorylation-of	MDM4
CHEK2	controls-state-change-of	MDM4
CHEK2	controls-phosphorylation-of	TP53
CHEK2	controls-state-change-of	TP53
CHEK2	controls-phosphorylation-of	TTC5
CHEK2	controls-state-change-of	TTC5
CHM	in-complex-with	RABGGTA
CHM	in-complex-with	RABGGTB
CNOT10	in-complex-with	CNOT11
CNOT10	in-complex-with	CNOT12
CNOT10	in-complex-with	CNOT2
CNOT10	in-complex-with	CNOT3
CNOT10	in-complex-with	CNOT4
CNOT10	in-complex-with	CNOT6L
CNOT10	in-complex-with	CNOT6
CNOT10	in-complex-with	CNOT7
CNOT10	in-complex-with	CNOT8
CNOT10	in-complex-with	CNOT9
CNOT11	in-complex-with	CNOT12
CNOT11	in-complex-with	CNOT2
CNOT11	in-complex-with	CNOT3
CNOT11	in-complex-with	CNOT4
CNOT11	in-complex-with	CNOT6L
CNOT11	in-complex-with	CNOT6
CNOT11	in-complex-with	CNOT7
CNOT11	in-complex-with	CNOT8
CNOT11	in-complex-with	CNOT9
CNOT12	in-complex-with	CNOT2
CNOT12	in-complex-with	CNOT3
CNOT12	in-complex-with	CNOT4
CNOT12	in-complex-with	CNOT6L
CNOT12	in-complex-with	CNOT6
CNOT12	in-complex-with	CNOT7
CNOT12	in-complex-with	CNOT8
CNOT12	in-complex-with	CNOT9
CNOT1	in-complex-with	CNOT10
CNOT1	in-complex-with	CNOT11
CNOT1	in-complex-with	CNOT12
CNOT1	in-complex-with	CNOT2
CNOT1	in-complex-with	CNOT3
CNOT1	in-complex-with	CNOT4
CNOT1	in-complex-with	CNOT6L
CNOT1	in-complex-with	CNOT6
CNOT1	in-complex-with	CNOT7
CNOT1	in-complex-with	CNOT8
CNOT1	in-complex-with	CNOT9
CNOT2	in-complex-with	CNOT3
CNOT2	in-complex-with	CNOT4
CNOT2	in-complex-with	CNOT6L
CNOT2	in-complex-with	CNOT6
CNOT2	in-complex-with	CNOT7
CNOT2	in-complex-with	CNOT8
CNOT2	in-complex-with	CNOT9
CNOT3	in-complex-with	CNOT4
CNOT3	in-complex-with	CNOT6L
CNOT3	in-complex-with	CNOT6
CNOT3	in-complex-with	CNOT7
CNOT3	in-complex-with	CNOT8
CNOT3	in-complex-with	CNOT9
CNOT4	in-complex-with	CNOT6L
CNOT4	in-complex-with	CNOT6
CNOT4	in-complex-with	CNOT7
CNOT4	in-complex-with	CNOT8
CNOT4	in-complex-with	CNOT9
CNOT6	in-complex-with	CNOT7
CNOT6	in-complex-with	CNOT8
CNOT6	in-complex-with	CNOT9
CNOT6L	in-complex-with	CNOT7
CNOT6L	in-complex-with	CNOT8
CNOT6L	in-complex-with	CNOT9
CNOT7	in-complex-with	CNOT9
CNOT8	in-complex-with	CNOT9
COX11	controls-state-change-of	CYCS
COX11	controls-production-of	chebi:38574
COX14	controls-state-change-of	CYCS
COX14	controls-production-of	chebi:38574
COX16	controls-state-change-of	CYCS
COX16	controls-production-of	chebi:38574
COX18	controls-state-change-of	CYCS
COX18	controls-production-of	chebi:38574
COX19	controls-state-change-of	CYCS
COX19	controls-production-of	chebi:38574
COX20	controls-state-change-of	CYCS
COX20	controls-production-of	chebi:38574
COX4I1	in-complex-with	COX5A
COX4I1	in-complex-with	COX5B
COX4I1	in-complex-with	COX6A1
COX4I1	in-complex-with	COX6B1
COX4I1	in-complex-with	COX6C
COX4I1	in-complex-with	COX7A2L
COX4I1	in-complex-with	COX7B
COX4I1	in-complex-with	COX7C
COX4I1	in-complex-with	COX8A
COX4I1	in-complex-with	COXFA4
COX4I1	controls-state-change-of	CYCS
COX4I1	in-complex-with	MT-CO1
COX4I1	in-complex-with	MT-CO2
COX4I1	in-complex-with	MT-CO3
COX4I1	controls-production-of	chebi:38574
COX5A	in-complex-with	COX5B
COX5A	in-complex-with	COX6A1
COX5A	in-complex-with	COX6B1
COX5A	in-complex-with	COX6C
COX5A	in-complex-with	COX7A2L
COX5A	in-complex-with	COX7B
COX5A	in-complex-with	COX7C
COX5A	in-complex-with	COX8A
COX5A	in-complex-with	COXFA4
COX5A	controls-state-change-of	CYCS
COX5A	in-complex-with	MT-CO1
COX5A	in-complex-with	MT-CO2
COX5A	in-complex-with	MT-CO3
COX5A	controls-production-of	chebi:38574
COX5B	in-complex-with	COX6A1
COX5B	in-complex-with	COX6B1
COX5B	in-complex-with	COX6C
COX5B	in-complex-with	COX7A2L
COX5B	in-complex-with	COX7B
COX5B	in-complex-with	COX7C
COX5B	in-complex-with	COX8A
COX5B	in-complex-with	COXFA4
COX5B	controls-state-change-of	CYCS
COX5B	in-complex-with	MT-CO1
COX5B	in-complex-with	MT-CO2
COX5B	in-complex-with	MT-CO3
COX5B	controls-production-of	chebi:38574
COX6A1	in-complex-with	COX6B1
COX6A1	in-complex-with	COX6C
COX6A1	in-complex-with	COX7A2L
COX6A1	in-complex-with	COX7B
COX6A1	in-complex-with	COX7C
COX6A1	in-complex-with	COX8A
COX6A1	in-complex-with	COXFA4
COX6A1	controls-state-change-of	CYCS
COX6A1	in-complex-with	MT-CO1
COX6A1	in-complex-with	MT-CO2
COX6A1	in-complex-with	MT-CO3
COX6A1	controls-production-of	chebi:38574
COX6B1	in-complex-with	COX6C
COX6B1	in-complex-with	COX7A2L
COX6B1	in-complex-with	COX7B
COX6B1	in-complex-with	COX7C
COX6B1	in-complex-with	COX8A
COX6B1	in-complex-with	COXFA4
COX6B1	controls-state-change-of	CYCS
COX6B1	in-complex-with	MT-CO1
COX6B1	in-complex-with	MT-CO2
COX6B1	in-complex-with	MT-CO3
COX6B1	controls-production-of	chebi:38574
COX6C	in-complex-with	COX7A2L
COX6C	in-complex-with	COX7B
COX6C	in-complex-with	COX7C
COX6C	in-complex-with	COX8A
COX6C	in-complex-with	COXFA4
COX6C	controls-state-change-of	CYCS
COX6C	in-complex-with	MT-CO1
COX6C	in-complex-with	MT-CO2
COX6C	in-complex-with	MT-CO3
COX6C	controls-production-of	chebi:38574
COX7A2L	in-complex-with	COX7B
COX7A2L	in-complex-with	COX7C
COX7A2L	in-complex-with	COX8A
COX7A2L	in-complex-with	COXFA4
COX7A2L	controls-state-change-of	CYCS
COX7A2L	in-complex-with	MT-CO1
COX7A2L	in-complex-with	MT-CO2
COX7A2L	in-complex-with	MT-CO3
COX7A2L	controls-production-of	chebi:38574
COX7B	in-complex-with	COX7C
COX7B	in-complex-with	COX8A
COX7B	in-complex-with	COXFA4
COX7B	controls-state-change-of	CYCS
COX7B	in-complex-with	MT-CO1
COX7B	in-complex-with	MT-CO2
COX7B	in-complex-with	MT-CO3
COX7B	controls-production-of	chebi:38574
COX7C	in-complex-with	COX8A
COX7C	in-complex-with	COXFA4
COX7C	controls-state-change-of	CYCS
COX7C	in-complex-with	MT-CO1
COX7C	in-complex-with	MT-CO2
COX7C	in-complex-with	MT-CO3
COX7C	controls-production-of	chebi:38574
COX8A	in-complex-with	COXFA4
COX8A	controls-state-change-of	CYCS
COX8A	in-complex-with	MT-CO1
COX8A	in-complex-with	MT-CO2
COX8A	in-complex-with	MT-CO3
COX8A	controls-production-of	chebi:38574
COXFA4	controls-state-change-of	CYCS
COXFA4	in-complex-with	MT-CO1
COXFA4	in-complex-with	MT-CO2
COXFA4	in-complex-with	MT-CO3
COXFA4	controls-production-of	chebi:38574
CRADD	controls-state-change-of	CASP2
CRADD	in-complex-with	PIDD1
CREBBP	controls-expression-of	BNIP3L
CREBBP	in-complex-with	TP53
CSNK2A1	in-complex-with	CSNK2A2
CSNK2A1	in-complex-with	CSNK2B
CSNK2A1	in-complex-with	SSRP1
CSNK2A1	in-complex-with	SUPT16H
CSNK2A1	controls-phosphorylation-of	TP53
CSNK2A1	controls-state-change-of	TP53
CSNK2A2	in-complex-with	CSNK2B
CSNK2A2	in-complex-with	SSRP1
CSNK2A2	in-complex-with	SUPT16H
CSNK2A2	controls-phosphorylation-of	TP53
CSNK2A2	controls-state-change-of	TP53
CSNK2B	in-complex-with	SSRP1
CSNK2B	in-complex-with	SUPT16H
CSNK2B	controls-phosphorylation-of	TP53
CSNK2B	controls-state-change-of	TP53
CTDP1	controls-expression-of	ATM
CTDP1	controls-expression-of	ATR
CTDP1	controls-expression-of	BRCA1
CTDP1	controls-expression-of	CHEK1
CTDP1	in-complex-with	ELL
CTDP1	in-complex-with	ELOA2
CTDP1	in-complex-with	ELOA
CTDP1	in-complex-with	ELOB
CTDP1	in-complex-with	ELOC
CTDP1	in-complex-with	ERCC2
CTDP1	in-complex-with	ERCC3
CTDP1	controls-expression-of	FANCD2
CTDP1	controls-expression-of	FANCI
CTDP1	in-complex-with	GTF2F1
CTDP1	in-complex-with	GTF2F2
CTDP1	in-complex-with	GTF2H1
CTDP1	in-complex-with	GTF2H2
CTDP1	in-complex-with	GTF2H3
CTDP1	in-complex-with	GTF2H4
CTDP1	in-complex-with	GTF2H5
CTDP1	controls-expression-of	MDC1
CTDP1	in-complex-with	MNAT1
CTDP1	in-complex-with	NELFA
CTDP1	in-complex-with	NELFB
CTDP1	in-complex-with	NELFCD
CTDP1	in-complex-with	NELFE
CTDP1	controls-state-change-of	POLR2A
CTDP1	in-complex-with	POLR2A
CTDP1	in-complex-with	POLR2B
CTDP1	in-complex-with	POLR2C
CTDP1	in-complex-with	POLR2D
CTDP1	in-complex-with	POLR2E
CTDP1	in-complex-with	POLR2F
CTDP1	in-complex-with	POLR2G
CTDP1	in-complex-with	POLR2H
CTDP1	in-complex-with	POLR2I
CTDP1	in-complex-with	POLR2J
CTDP1	in-complex-with	POLR2K
CTDP1	in-complex-with	POLR2L
CTDP1	controls-expression-of	RAD51D
CTDP1	in-complex-with	SSRP1
CTDP1	in-complex-with	SUPT16H
CTDP1	in-complex-with	SUPT4H1
CTDP1	in-complex-with	SUPT5H
CTDP1	in-complex-with	TCEA1
DAXX	controls-state-change-of	MDM2
DAXX	in-complex-with	MDM2
DAXX	controls-state-change-of	MDM4
DAXX	in-complex-with	MDM4
DAXX	in-complex-with	USP7
DDIT4	controls-state-change-of	SFN
DDIT4	in-complex-with	SFN
DDIT4	controls-state-change-of	TSC2
DDIT4	controls-state-change-of	YWHAB
DDIT4	in-complex-with	YWHAB
DDIT4	controls-state-change-of	YWHAE
DDIT4	in-complex-with	YWHAE
DDIT4	controls-state-change-of	YWHAG
DDIT4	in-complex-with	YWHAG
DDIT4	controls-state-change-of	YWHAH
DDIT4	in-complex-with	YWHAH
DDIT4	controls-state-change-of	YWHAQ
DDIT4	in-complex-with	YWHAQ
DDIT4	controls-state-change-of	YWHAZ
DDIT4	in-complex-with	YWHAZ
DNA2	in-complex-with	HUS1
DNA2	in-complex-with	KAT5
DNA2	in-complex-with	MRE11
DNA2	in-complex-with	NBN
DNA2	in-complex-with	RAD17
DNA2	in-complex-with	RAD1
DNA2	in-complex-with	RAD50
DNA2	in-complex-with	RAD9A
DNA2	in-complex-with	RAD9B
DNA2	in-complex-with	RBBP8
DNA2	in-complex-with	RFC2
DNA2	in-complex-with	RFC3
DNA2	in-complex-with	RFC4
DNA2	in-complex-with	RFC5
DNA2	in-complex-with	RHNO1
DNA2	in-complex-with	RMI1
DNA2	in-complex-with	RMI2
DNA2	in-complex-with	RPA1
DNA2	in-complex-with	RPA2
DNA2	in-complex-with	RPA3
DNA2	in-complex-with	TOP3A
DNA2	in-complex-with	TOPBP1
DNA2	controls-phosphorylation-of	TP53
DNA2	controls-state-change-of	TP53
DNA2	in-complex-with	WRN
DYRK2	controls-phosphorylation-of	TP53
DYRK2	controls-state-change-of	TP53
E2F4	controls-expression-of	CDC25C
E2F4	in-complex-with	RBL1
E2F4	in-complex-with	RBL2
E2F4	in-complex-with	TFDP1
E2F4	in-complex-with	TFDP2
E2F4	in-complex-with	TP53
E2F7	controls-expression-of	E2F1
E2F7	in-complex-with	E2F8
E2F8	controls-expression-of	E2F1
EHMT1	in-complex-with	EHMT2
EHMT1	controls-state-change-of	TP53
EHMT1	controls-production-of	chebi:57856
EHMT2	controls-state-change-of	TP53
EHMT2	controls-production-of	chebi:57856
ELL	controls-expression-of	ATM
ELL	controls-expression-of	ATR
ELL	controls-expression-of	BRCA1
ELL	controls-expression-of	CHEK1
ELL	in-complex-with	ELOA2
ELL	in-complex-with	ELOA
ELL	in-complex-with	ELOB
ELL	in-complex-with	ELOC
ELL	in-complex-with	ERCC2
ELL	in-complex-with	ERCC3
ELL	controls-expression-of	FANCD2
ELL	controls-expression-of	FANCI
ELL	in-complex-with	GTF2F1
ELL	in-complex-with	GTF2F2
ELL	in-complex-with	GTF2H1
ELL	in-complex-with	GTF2H2
ELL	in-complex-with	GTF2H3
ELL	in-complex-with	GTF2H4
ELL	in-complex-with	GTF2H5
ELL	controls-expression-of	MDC1
ELL	in-complex-with	MNAT1
ELL	in-complex-with	NELFA
ELL	in-complex-with	NELFB
ELL	in-complex-with	NELFCD
ELL	in-complex-with	NELFE
ELL	controls-state-change-of	POLR2A
ELL	in-complex-with	POLR2A
ELL	in-complex-with	POLR2B
ELL	in-complex-with	POLR2C
ELL	in-complex-with	POLR2D
ELL	in-complex-with	POLR2E
ELL	in-complex-with	POLR2F
ELL	in-complex-with	POLR2G
ELL	in-complex-with	POLR2H
ELL	in-complex-with	POLR2I
ELL	in-complex-with	POLR2J
ELL	in-complex-with	POLR2K
ELL	in-complex-with	POLR2L
ELL	controls-expression-of	RAD51D
ELL	in-complex-with	SSRP1
ELL	in-complex-with	SUPT16H
ELL	in-complex-with	SUPT4H1
ELL	in-complex-with	SUPT5H
ELL	in-complex-with	TCEA1
ELOA2	controls-expression-of	ATM
ELOA2	controls-expression-of	ATR
ELOA2	controls-expression-of	BRCA1
ELOA2	controls-expression-of	CHEK1
ELOA2	in-complex-with	ELOB
ELOA2	in-complex-with	ELOC
ELOA2	in-complex-with	ERCC2
ELOA2	in-complex-with	ERCC3
ELOA2	controls-expression-of	FANCD2
ELOA2	controls-expression-of	FANCI
ELOA2	in-complex-with	GTF2F1
ELOA2	in-complex-with	GTF2F2
ELOA2	in-complex-with	GTF2H1
ELOA2	in-complex-with	GTF2H2
ELOA2	in-complex-with	GTF2H3
ELOA2	in-complex-with	GTF2H4
ELOA2	in-complex-with	GTF2H5
ELOA2	controls-expression-of	MDC1
ELOA2	in-complex-with	MNAT1
ELOA2	in-complex-with	NELFA
ELOA2	in-complex-with	NELFB
ELOA2	in-complex-with	NELFCD
ELOA2	in-complex-with	NELFE
ELOA2	controls-state-change-of	POLR2A
ELOA2	in-complex-with	POLR2A
ELOA2	in-complex-with	POLR2B
ELOA2	in-complex-with	POLR2C
ELOA2	in-complex-with	POLR2D
ELOA2	in-complex-with	POLR2E
ELOA2	in-complex-with	POLR2F
ELOA2	in-complex-with	POLR2G
ELOA2	in-complex-with	POLR2H
ELOA2	in-complex-with	POLR2I
ELOA2	in-complex-with	POLR2J
ELOA2	in-complex-with	POLR2K
ELOA2	in-complex-with	POLR2L
ELOA2	controls-expression-of	RAD51D
ELOA2	in-complex-with	SSRP1
ELOA2	in-complex-with	SUPT16H
ELOA2	in-complex-with	SUPT4H1
ELOA2	in-complex-with	SUPT5H
ELOA2	in-complex-with	TCEA1
ELOA	controls-expression-of	ATM
ELOA	controls-expression-of	ATR
ELOA	controls-expression-of	BRCA1
ELOA	controls-expression-of	CHEK1
ELOA	in-complex-with	ELOB
ELOA	in-complex-with	ELOC
ELOA	in-complex-with	ERCC2
ELOA	in-complex-with	ERCC3
ELOA	controls-expression-of	FANCD2
ELOA	controls-expression-of	FANCI
ELOA	in-complex-with	GTF2F1
ELOA	in-complex-with	GTF2F2
ELOA	in-complex-with	GTF2H1
ELOA	in-complex-with	GTF2H2
ELOA	in-complex-with	GTF2H3
ELOA	in-complex-with	GTF2H4
ELOA	in-complex-with	GTF2H5
ELOA	controls-expression-of	MDC1
ELOA	in-complex-with	MNAT1
ELOA	in-complex-with	NELFA
ELOA	in-complex-with	NELFB
ELOA	in-complex-with	NELFCD
ELOA	in-complex-with	NELFE
ELOA	controls-state-change-of	POLR2A
ELOA	in-complex-with	POLR2A
ELOA	in-complex-with	POLR2B
ELOA	in-complex-with	POLR2C
ELOA	in-complex-with	POLR2D
ELOA	in-complex-with	POLR2E
ELOA	in-complex-with	POLR2F
ELOA	in-complex-with	POLR2G
ELOA	in-complex-with	POLR2H
ELOA	in-complex-with	POLR2I
ELOA	in-complex-with	POLR2J
ELOA	in-complex-with	POLR2K
ELOA	in-complex-with	POLR2L
ELOA	controls-expression-of	RAD51D
ELOA	in-complex-with	SSRP1
ELOA	in-complex-with	SUPT16H
ELOA	in-complex-with	SUPT4H1
ELOA	in-complex-with	SUPT5H
ELOA	in-complex-with	TCEA1
ELOB	controls-expression-of	ATM
ELOB	controls-expression-of	ATR
ELOB	controls-expression-of	BRCA1
ELOB	controls-expression-of	CHEK1
ELOB	in-complex-with	ELOC
ELOB	in-complex-with	ERCC2
ELOB	in-complex-with	ERCC3
ELOB	controls-expression-of	FANCD2
ELOB	controls-expression-of	FANCI
ELOB	in-complex-with	GTF2F1
ELOB	in-complex-with	GTF2F2
ELOB	in-complex-with	GTF2H1
ELOB	in-complex-with	GTF2H2
ELOB	in-complex-with	GTF2H3
ELOB	in-complex-with	GTF2H4
ELOB	in-complex-with	GTF2H5
ELOB	controls-expression-of	MDC1
ELOB	in-complex-with	MNAT1
ELOB	in-complex-with	NELFA
ELOB	in-complex-with	NELFB
ELOB	in-complex-with	NELFCD
ELOB	in-complex-with	NELFE
ELOB	controls-state-change-of	POLR2A
ELOB	in-complex-with	POLR2A
ELOB	in-complex-with	POLR2B
ELOB	in-complex-with	POLR2C
ELOB	in-complex-with	POLR2D
ELOB	in-complex-with	POLR2E
ELOB	in-complex-with	POLR2F
ELOB	in-complex-with	POLR2G
ELOB	in-complex-with	POLR2H
ELOB	in-complex-with	POLR2I
ELOB	in-complex-with	POLR2J
ELOB	in-complex-with	POLR2K
ELOB	in-complex-with	POLR2L
ELOB	controls-expression-of	RAD51D
ELOB	in-complex-with	SSRP1
ELOB	in-complex-with	SUPT16H
ELOB	in-complex-with	SUPT4H1
ELOB	in-complex-with	SUPT5H
ELOB	in-complex-with	TCEA1
ELOC	controls-expression-of	ATM
ELOC	controls-expression-of	ATR
ELOC	controls-expression-of	BRCA1
ELOC	controls-expression-of	CHEK1
ELOC	in-complex-with	ERCC2
ELOC	in-complex-with	ERCC3
ELOC	controls-expression-of	FANCD2
ELOC	controls-expression-of	FANCI
ELOC	in-complex-with	GTF2F1
ELOC	in-complex-with	GTF2F2
ELOC	in-complex-with	GTF2H1
ELOC	in-complex-with	GTF2H2
ELOC	in-complex-with	GTF2H3
ELOC	in-complex-with	GTF2H4
ELOC	in-complex-with	GTF2H5
ELOC	controls-expression-of	MDC1
ELOC	in-complex-with	MNAT1
ELOC	in-complex-with	NELFA
ELOC	in-complex-with	NELFB
ELOC	in-complex-with	NELFCD
ELOC	in-complex-with	NELFE
ELOC	controls-state-change-of	POLR2A
ELOC	in-complex-with	POLR2A
ELOC	in-complex-with	POLR2B
ELOC	in-complex-with	POLR2C
ELOC	in-complex-with	POLR2D
ELOC	in-complex-with	POLR2E
ELOC	in-complex-with	POLR2F
ELOC	in-complex-with	POLR2G
ELOC	in-complex-with	POLR2H
ELOC	in-complex-with	POLR2I
ELOC	in-complex-with	POLR2J
ELOC	in-complex-with	POLR2K
ELOC	in-complex-with	POLR2L
ELOC	controls-expression-of	RAD51D
ELOC	in-complex-with	SSRP1
ELOC	in-complex-with	SUPT16H
ELOC	in-complex-with	SUPT4H1
ELOC	in-complex-with	SUPT5H
ELOC	in-complex-with	TCEA1
EP300	controls-expression-of	GADD45A
EP300	in-complex-with	ING2
EP300	in-complex-with	JMY
EP300	in-complex-with	PRMT1
EP300	in-complex-with	PRMT5
EP300	controls-state-change-of	TP53
EP300	in-complex-with	TP53
EP300	in-complex-with	TTC5
ERCC2	controls-expression-of	ATM
ERCC2	controls-expression-of	ATR
ERCC2	controls-expression-of	BRCA1
ERCC2	controls-expression-of	CHEK1
ERCC2	in-complex-with	ERCC3
ERCC2	controls-expression-of	FANCD2
ERCC2	controls-expression-of	FANCI
ERCC2	in-complex-with	GTF2F1
ERCC2	in-complex-with	GTF2F2
ERCC2	in-complex-with	GTF2H1
ERCC2	in-complex-with	GTF2H2
ERCC2	in-complex-with	GTF2H3
ERCC2	in-complex-with	GTF2H4
ERCC2	in-complex-with	GTF2H5
ERCC2	controls-expression-of	MDC1
ERCC2	in-complex-with	MNAT1
ERCC2	in-complex-with	NELFA
ERCC2	in-complex-with	NELFB
ERCC2	in-complex-with	NELFCD
ERCC2	in-complex-with	NELFE
ERCC2	controls-state-change-of	POLR2A
ERCC2	in-complex-with	POLR2A
ERCC2	in-complex-with	POLR2B
ERCC2	in-complex-with	POLR2C
ERCC2	in-complex-with	POLR2D
ERCC2	in-complex-with	POLR2E
ERCC2	in-complex-with	POLR2F
ERCC2	in-complex-with	POLR2G
ERCC2	in-complex-with	POLR2H
ERCC2	in-complex-with	POLR2I
ERCC2	in-complex-with	POLR2J
ERCC2	in-complex-with	POLR2K
ERCC2	in-complex-with	POLR2L
ERCC2	controls-expression-of	RAD51D
ERCC2	in-complex-with	SSRP1
ERCC2	in-complex-with	SUPT16H
ERCC2	in-complex-with	SUPT4H1
ERCC2	in-complex-with	SUPT5H
ERCC2	in-complex-with	TCEA1
ERCC3	controls-expression-of	ATM
ERCC3	controls-expression-of	ATR
ERCC3	controls-expression-of	BRCA1
ERCC3	controls-expression-of	CHEK1
ERCC3	controls-expression-of	FANCD2
ERCC3	controls-expression-of	FANCI
ERCC3	in-complex-with	GTF2F1
ERCC3	in-complex-with	GTF2F2
ERCC3	in-complex-with	GTF2H1
ERCC3	in-complex-with	GTF2H2
ERCC3	in-complex-with	GTF2H3
ERCC3	in-complex-with	GTF2H4
ERCC3	in-complex-with	GTF2H5
ERCC3	controls-expression-of	MDC1
ERCC3	in-complex-with	MNAT1
ERCC3	in-complex-with	NELFA
ERCC3	in-complex-with	NELFB
ERCC3	in-complex-with	NELFCD
ERCC3	in-complex-with	NELFE
ERCC3	controls-state-change-of	POLR2A
ERCC3	in-complex-with	POLR2A
ERCC3	in-complex-with	POLR2B
ERCC3	in-complex-with	POLR2C
ERCC3	in-complex-with	POLR2D
ERCC3	in-complex-with	POLR2E
ERCC3	in-complex-with	POLR2F
ERCC3	in-complex-with	POLR2G
ERCC3	in-complex-with	POLR2H
ERCC3	in-complex-with	POLR2I
ERCC3	in-complex-with	POLR2J
ERCC3	in-complex-with	POLR2K
ERCC3	in-complex-with	POLR2L
ERCC3	controls-expression-of	RAD51D
ERCC3	in-complex-with	SSRP1
ERCC3	in-complex-with	SUPT16H
ERCC3	in-complex-with	SUPT4H1
ERCC3	in-complex-with	SUPT5H
ERCC3	in-complex-with	TCEA1
EXO1	in-complex-with	HUS1
EXO1	in-complex-with	KAT5
EXO1	in-complex-with	MRE11
EXO1	in-complex-with	NBN
EXO1	in-complex-with	RAD17
EXO1	in-complex-with	RAD1
EXO1	in-complex-with	RAD50
EXO1	in-complex-with	RAD9A
EXO1	in-complex-with	RAD9B
EXO1	in-complex-with	RBBP8
EXO1	in-complex-with	RFC2
EXO1	in-complex-with	RFC3
EXO1	in-complex-with	RFC4
EXO1	in-complex-with	RFC5
EXO1	in-complex-with	RHNO1
EXO1	in-complex-with	RPA1
EXO1	in-complex-with	RPA2
EXO1	in-complex-with	RPA3
EXO1	in-complex-with	TOPBP1
EXO1	controls-phosphorylation-of	TP53
EXO1	controls-state-change-of	TP53
EXO1	in-complex-with	WRN
FOS	in-complex-with	JUN
FOS	controls-expression-of	MSH2
FOS	in-complex-with	TP53
G6PD	controls-production-of	chebi:16938
GADD45A	in-complex-with	PCNA
GATAD2A	controls-state-change-of	BRD1
GATAD2A	controls-state-change-of	BRD7
GATAD2A	controls-state-change-of	BRPF1
GATAD2A	controls-state-change-of	BRPF3
GATAD2A	controls-state-change-of	EP300
GATAD2A	in-complex-with	HDAC1
GATAD2A	in-complex-with	HDAC2
GATAD2A	controls-state-change-of	ING5
GATAD2A	controls-state-change-of	KAT6A
GATAD2A	in-complex-with	MBD3
GATAD2A	controls-state-change-of	MEAF6
GATAD2A	in-complex-with	MTA2
GATAD2A	controls-state-change-of	PML
GATAD2A	in-complex-with	RBBP4
GATAD2A	in-complex-with	RBBP7
GATAD2A	controls-state-change-of	TP53
GATAD2A	controls-production-of	chebi:30089
GATAD2B	controls-state-change-of	BRD1
GATAD2B	controls-state-change-of	BRD7
GATAD2B	controls-state-change-of	BRPF1
GATAD2B	controls-state-change-of	BRPF3
GATAD2B	controls-state-change-of	EP300
GATAD2B	in-complex-with	HDAC1
GATAD2B	in-complex-with	HDAC2
GATAD2B	controls-state-change-of	ING5
GATAD2B	controls-state-change-of	KAT6A
GATAD2B	in-complex-with	MBD3
GATAD2B	controls-state-change-of	MEAF6
GATAD2B	in-complex-with	MTA2
GATAD2B	controls-state-change-of	PML
GATAD2B	in-complex-with	RBBP4
GATAD2B	in-complex-with	RBBP7
GATAD2B	controls-state-change-of	TP53
GATAD2B	controls-production-of	chebi:30089
GLS2	controls-production-of	chebi:28938
GLS2	controls-production-of	chebi:29985
GLS	controls-production-of	chebi:28938
GLS	controls-production-of	chebi:29985
GPI	catalysis-precedes	G6PD
GPI	controls-production-of	chebi:58225
GPX2	catalysis-precedes	GSR
GPX2	controls-production-of	chebi:58297
GSR	controls-production-of	chebi:57925
GTF2F1	controls-expression-of	ATM
GTF2F1	controls-expression-of	ATR
GTF2F1	controls-expression-of	BRCA1
GTF2F1	controls-expression-of	CHEK1
GTF2F1	controls-expression-of	FANCD2
GTF2F1	controls-expression-of	FANCI
GTF2F1	in-complex-with	GTF2F2
GTF2F1	in-complex-with	GTF2H1
GTF2F1	in-complex-with	GTF2H2
GTF2F1	in-complex-with	GTF2H3
GTF2F1	in-complex-with	GTF2H4
GTF2F1	in-complex-with	GTF2H5
GTF2F1	controls-expression-of	MDC1
GTF2F1	in-complex-with	MNAT1
GTF2F1	in-complex-with	NELFA
GTF2F1	in-complex-with	NELFB
GTF2F1	in-complex-with	NELFCD
GTF2F1	in-complex-with	NELFE
GTF2F1	controls-state-change-of	POLR2A
GTF2F1	in-complex-with	POLR2A
GTF2F1	in-complex-with	POLR2B
GTF2F1	in-complex-with	POLR2C
GTF2F1	in-complex-with	POLR2D
GTF2F1	in-complex-with	POLR2E
GTF2F1	in-complex-with	POLR2F
GTF2F1	in-complex-with	POLR2G
GTF2F1	in-complex-with	POLR2H
GTF2F1	in-complex-with	POLR2I
GTF2F1	in-complex-with	POLR2J
GTF2F1	in-complex-with	POLR2K
GTF2F1	in-complex-with	POLR2L
GTF2F1	controls-expression-of	RAD51D
GTF2F1	in-complex-with	SSRP1
GTF2F1	in-complex-with	SUPT16H
GTF2F1	in-complex-with	SUPT4H1
GTF2F1	in-complex-with	SUPT5H
GTF2F1	in-complex-with	TCEA1
GTF2F2	controls-expression-of	ATM
GTF2F2	controls-expression-of	ATR
GTF2F2	controls-expression-of	BRCA1
GTF2F2	controls-expression-of	CHEK1
GTF2F2	controls-expression-of	FANCD2
GTF2F2	controls-expression-of	FANCI
GTF2F2	in-complex-with	GTF2H1
GTF2F2	in-complex-with	GTF2H2
GTF2F2	in-complex-with	GTF2H3
GTF2F2	in-complex-with	GTF2H4
GTF2F2	in-complex-with	GTF2H5
GTF2F2	controls-expression-of	MDC1
GTF2F2	in-complex-with	MNAT1
GTF2F2	in-complex-with	NELFA
GTF2F2	in-complex-with	NELFB
GTF2F2	in-complex-with	NELFCD
GTF2F2	in-complex-with	NELFE
GTF2F2	controls-state-change-of	POLR2A
GTF2F2	in-complex-with	POLR2A
GTF2F2	in-complex-with	POLR2B
GTF2F2	in-complex-with	POLR2C
GTF2F2	in-complex-with	POLR2D
GTF2F2	in-complex-with	POLR2E
GTF2F2	in-complex-with	POLR2F
GTF2F2	in-complex-with	POLR2G
GTF2F2	in-complex-with	POLR2H
GTF2F2	in-complex-with	POLR2I
GTF2F2	in-complex-with	POLR2J
GTF2F2	in-complex-with	POLR2K
GTF2F2	in-complex-with	POLR2L
GTF2F2	controls-expression-of	RAD51D
GTF2F2	in-complex-with	SSRP1
GTF2F2	in-complex-with	SUPT16H
GTF2F2	in-complex-with	SUPT4H1
GTF2F2	in-complex-with	SUPT5H
GTF2F2	in-complex-with	TCEA1
GTF2H1	controls-expression-of	ATM
GTF2H1	controls-expression-of	ATR
GTF2H1	controls-expression-of	BRCA1
GTF2H1	controls-expression-of	CHEK1
GTF2H1	controls-expression-of	FANCD2
GTF2H1	controls-expression-of	FANCI
GTF2H1	in-complex-with	GTF2H2
GTF2H1	in-complex-with	GTF2H3
GTF2H1	in-complex-with	GTF2H4
GTF2H1	in-complex-with	GTF2H5
GTF2H1	controls-expression-of	MDC1
GTF2H1	in-complex-with	MNAT1
GTF2H1	in-complex-with	NELFA
GTF2H1	in-complex-with	NELFB
GTF2H1	in-complex-with	NELFCD
GTF2H1	in-complex-with	NELFE
GTF2H1	controls-state-change-of	POLR2A
GTF2H1	in-complex-with	POLR2A
GTF2H1	in-complex-with	POLR2B
GTF2H1	in-complex-with	POLR2C
GTF2H1	in-complex-with	POLR2D
GTF2H1	in-complex-with	POLR2E
GTF2H1	in-complex-with	POLR2F
GTF2H1	in-complex-with	POLR2G
GTF2H1	in-complex-with	POLR2H
GTF2H1	in-complex-with	POLR2I
GTF2H1	in-complex-with	POLR2J
GTF2H1	in-complex-with	POLR2K
GTF2H1	in-complex-with	POLR2L
GTF2H1	controls-expression-of	RAD51D
GTF2H1	in-complex-with	SSRP1
GTF2H1	in-complex-with	SUPT16H
GTF2H1	in-complex-with	SUPT4H1
GTF2H1	in-complex-with	SUPT5H
GTF2H1	in-complex-with	TCEA1
GTF2H2	controls-expression-of	ATM
GTF2H2	controls-expression-of	ATR
GTF2H2	controls-expression-of	BRCA1
GTF2H2	controls-expression-of	CHEK1
GTF2H2	controls-expression-of	FANCD2
GTF2H2	controls-expression-of	FANCI
GTF2H2	in-complex-with	GTF2H3
GTF2H2	in-complex-with	GTF2H4
GTF2H2	in-complex-with	GTF2H5
GTF2H2	controls-expression-of	MDC1
GTF2H2	in-complex-with	MNAT1
GTF2H2	in-complex-with	NELFA
GTF2H2	in-complex-with	NELFB
GTF2H2	in-complex-with	NELFCD
GTF2H2	in-complex-with	NELFE
GTF2H2	controls-state-change-of	POLR2A
GTF2H2	in-complex-with	POLR2A
GTF2H2	in-complex-with	POLR2B
GTF2H2	in-complex-with	POLR2C
GTF2H2	in-complex-with	POLR2D
GTF2H2	in-complex-with	POLR2E
GTF2H2	in-complex-with	POLR2F
GTF2H2	in-complex-with	POLR2G
GTF2H2	in-complex-with	POLR2H
GTF2H2	in-complex-with	POLR2I
GTF2H2	in-complex-with	POLR2J
GTF2H2	in-complex-with	POLR2K
GTF2H2	in-complex-with	POLR2L
GTF2H2	controls-expression-of	RAD51D
GTF2H2	in-complex-with	SSRP1
GTF2H2	in-complex-with	SUPT16H
GTF2H2	in-complex-with	SUPT4H1
GTF2H2	in-complex-with	SUPT5H
GTF2H2	in-complex-with	TCEA1
GTF2H3	controls-expression-of	ATM
GTF2H3	controls-expression-of	ATR
GTF2H3	controls-expression-of	BRCA1
GTF2H3	controls-expression-of	CHEK1
GTF2H3	controls-expression-of	FANCD2
GTF2H3	controls-expression-of	FANCI
GTF2H3	in-complex-with	GTF2H4
GTF2H3	in-complex-with	GTF2H5
GTF2H3	controls-expression-of	MDC1
GTF2H3	in-complex-with	MNAT1
GTF2H3	in-complex-with	NELFA
GTF2H3	in-complex-with	NELFB
GTF2H3	in-complex-with	NELFCD
GTF2H3	in-complex-with	NELFE
GTF2H3	controls-state-change-of	POLR2A
GTF2H3	in-complex-with	POLR2A
GTF2H3	in-complex-with	POLR2B
GTF2H3	in-complex-with	POLR2C
GTF2H3	in-complex-with	POLR2D
GTF2H3	in-complex-with	POLR2E
GTF2H3	in-complex-with	POLR2F
GTF2H3	in-complex-with	POLR2G
GTF2H3	in-complex-with	POLR2H
GTF2H3	in-complex-with	POLR2I
GTF2H3	in-complex-with	POLR2J
GTF2H3	in-complex-with	POLR2K
GTF2H3	in-complex-with	POLR2L
GTF2H3	controls-expression-of	RAD51D
GTF2H3	in-complex-with	SSRP1
GTF2H3	in-complex-with	SUPT16H
GTF2H3	in-complex-with	SUPT4H1
GTF2H3	in-complex-with	SUPT5H
GTF2H3	in-complex-with	TCEA1
GTF2H4	controls-expression-of	ATM
GTF2H4	controls-expression-of	ATR
GTF2H4	controls-expression-of	BRCA1
GTF2H4	controls-expression-of	CHEK1
GTF2H4	controls-expression-of	FANCD2
GTF2H4	controls-expression-of	FANCI
GTF2H4	in-complex-with	GTF2H5
GTF2H4	controls-expression-of	MDC1
GTF2H4	in-complex-with	MNAT1
GTF2H4	in-complex-with	NELFA
GTF2H4	in-complex-with	NELFB
GTF2H4	in-complex-with	NELFCD
GTF2H4	in-complex-with	NELFE
GTF2H4	controls-state-change-of	POLR2A
GTF2H4	in-complex-with	POLR2A
GTF2H4	in-complex-with	POLR2B
GTF2H4	in-complex-with	POLR2C
GTF2H4	in-complex-with	POLR2D
GTF2H4	in-complex-with	POLR2E
GTF2H4	in-complex-with	POLR2F
GTF2H4	in-complex-with	POLR2G
GTF2H4	in-complex-with	POLR2H
GTF2H4	in-complex-with	POLR2I
GTF2H4	in-complex-with	POLR2J
GTF2H4	in-complex-with	POLR2K
GTF2H4	in-complex-with	POLR2L
GTF2H4	controls-expression-of	RAD51D
GTF2H4	in-complex-with	SSRP1
GTF2H4	in-complex-with	SUPT16H
GTF2H4	in-complex-with	SUPT4H1
GTF2H4	in-complex-with	SUPT5H
GTF2H4	in-complex-with	TCEA1
GTF2H5	controls-expression-of	ATM
GTF2H5	controls-expression-of	ATR
GTF2H5	controls-expression-of	BRCA1
GTF2H5	controls-expression-of	CHEK1
GTF2H5	controls-expression-of	FANCD2
GTF2H5	controls-expression-of	FANCI
GTF2H5	controls-expression-of	MDC1
GTF2H5	in-complex-with	MNAT1
GTF2H5	in-complex-with	NELFA
GTF2H5	in-complex-with	NELFB
GTF2H5	in-complex-with	NELFCD
GTF2H5	in-complex-with	NELFE
GTF2H5	controls-state-change-of	POLR2A
GTF2H5	in-complex-with	POLR2A
GTF2H5	in-complex-with	POLR2B
GTF2H5	in-complex-with	POLR2C
GTF2H5	in-complex-with	POLR2D
GTF2H5	in-complex-with	POLR2E
GTF2H5	in-complex-with	POLR2F
GTF2H5	in-complex-with	POLR2G
GTF2H5	in-complex-with	POLR2H
GTF2H5	in-complex-with	POLR2I
GTF2H5	in-complex-with	POLR2J
GTF2H5	in-complex-with	POLR2K
GTF2H5	in-complex-with	POLR2L
GTF2H5	controls-expression-of	RAD51D
GTF2H5	in-complex-with	SSRP1
GTF2H5	in-complex-with	SUPT16H
GTF2H5	in-complex-with	SUPT4H1
GTF2H5	in-complex-with	SUPT5H
GTF2H5	in-complex-with	TCEA1
HDAC1	controls-state-change-of	BRD1
HDAC1	controls-state-change-of	BRD7
HDAC1	controls-state-change-of	BRPF1
HDAC1	controls-state-change-of	BRPF3
HDAC1	controls-state-change-of	EP300
HDAC1	in-complex-with	HDAC2
HDAC1	controls-state-change-of	ING5
HDAC1	controls-state-change-of	KAT6A
HDAC1	in-complex-with	MBD3
HDAC1	controls-state-change-of	MEAF6
HDAC1	in-complex-with	MTA2
HDAC1	controls-state-change-of	PML
HDAC1	in-complex-with	RBBP4
HDAC1	in-complex-with	RBBP7
HDAC1	controls-state-change-of	TP53
HDAC1	controls-production-of	chebi:30089
HDAC2	controls-state-change-of	BRD1
HDAC2	controls-state-change-of	BRD7
HDAC2	controls-state-change-of	BRPF1
HDAC2	controls-state-change-of	BRPF3
HDAC2	controls-state-change-of	EP300
HDAC2	controls-state-change-of	ING5
HDAC2	controls-state-change-of	KAT6A
HDAC2	in-complex-with	MBD3
HDAC2	controls-state-change-of	MEAF6
HDAC2	in-complex-with	MTA2
HDAC2	controls-state-change-of	PML
HDAC2	in-complex-with	RBBP4
HDAC2	in-complex-with	RBBP7
HDAC2	controls-state-change-of	TP53
HDAC2	controls-production-of	chebi:30089
HIPK1	in-complex-with	TP53
HIPK2	in-complex-with	PIN1
HIPK2	in-complex-with	TP53INP1
HIPK2	controls-state-change-of	TP53
HIPK2	in-complex-with	TP53
HUS1	in-complex-with	KAT5
HUS1	in-complex-with	MRE11
HUS1	in-complex-with	NBN
HUS1	in-complex-with	RAD17
HUS1	in-complex-with	RAD1
HUS1	in-complex-with	RAD50
HUS1	in-complex-with	RAD9A
HUS1	in-complex-with	RAD9B
HUS1	in-complex-with	RBBP8
HUS1	in-complex-with	RFC2
HUS1	in-complex-with	RFC3
HUS1	in-complex-with	RFC4
HUS1	in-complex-with	RFC5
HUS1	in-complex-with	RHNO1
HUS1	in-complex-with	RMI1
HUS1	in-complex-with	RMI2
HUS1	in-complex-with	RPA1
HUS1	in-complex-with	RPA2
HUS1	in-complex-with	RPA3
HUS1	in-complex-with	TOP3A
HUS1	in-complex-with	TOPBP1
HUS1	controls-phosphorylation-of	TP53
HUS1	controls-state-change-of	TP53
HUS1	in-complex-with	WRN
IGFBP3	in-complex-with	TMEM219
ING2	controls-state-change-of	TP53
ING2	in-complex-with	TP53
ING5	in-complex-with	KAT6A
ING5	in-complex-with	MEAF6
ING5	in-complex-with	PML
ING5	controls-state-change-of	TP53
ING5	in-complex-with	TP53
JMY	in-complex-with	PRMT5
JMY	controls-state-change-of	TP53
JMY	in-complex-with	TP53
JMY	in-complex-with	TTC5
JUN	controls-expression-of	MSH2
JUN	in-complex-with	TP53
KAT5	in-complex-with	MRE11
KAT5	in-complex-with	NBN
KAT5	in-complex-with	RAD17
KAT5	in-complex-with	RAD1
KAT5	in-complex-with	RAD50
KAT5	in-complex-with	RAD9A
KAT5	in-complex-with	RAD9B
KAT5	in-complex-with	RBBP8
KAT5	in-complex-with	RFC2
KAT5	in-complex-with	RFC3
KAT5	in-complex-with	RFC4
KAT5	in-complex-with	RFC5
KAT5	in-complex-with	RHNO1
KAT5	in-complex-with	RMI1
KAT5	in-complex-with	RMI2
KAT5	in-complex-with	RPA1
KAT5	in-complex-with	RPA2
KAT5	in-complex-with	RPA3
KAT5	in-complex-with	TOP3A
KAT5	in-complex-with	TOPBP1
KAT5	controls-phosphorylation-of	TP53
KAT5	controls-state-change-of	TP53
KAT5	in-complex-with	WRN
KAT6A	in-complex-with	MEAF6
KAT6A	in-complex-with	PML
KAT6A	controls-state-change-of	TP53
KAT6A	in-complex-with	TP53
KMT5A	controls-state-change-of	TP53
KMT5A	controls-production-of	chebi:57856
L3MBTL1	in-complex-with	TP53
LAMTOR1	in-complex-with	LAMTOR2
LAMTOR1	in-complex-with	LAMTOR3
LAMTOR1	in-complex-with	LAMTOR4
LAMTOR1	in-complex-with	LAMTOR5
LAMTOR1	in-complex-with	MLST8
LAMTOR1	in-complex-with	MTOR
LAMTOR1	in-complex-with	RHEB
LAMTOR1	in-complex-with	RPTOR
LAMTOR1	in-complex-with	RRAGA
LAMTOR1	in-complex-with	RRAGB
LAMTOR1	in-complex-with	RRAGC
LAMTOR1	in-complex-with	RRAGD
LAMTOR1	in-complex-with	SLC38A9
LAMTOR2	in-complex-with	LAMTOR3
LAMTOR2	in-complex-with	LAMTOR4
LAMTOR2	in-complex-with	LAMTOR5
LAMTOR2	in-complex-with	MLST8
LAMTOR2	in-complex-with	MTOR
LAMTOR2	in-complex-with	RHEB
LAMTOR2	in-complex-with	RPTOR
LAMTOR2	in-complex-with	RRAGA
LAMTOR2	in-complex-with	RRAGB
LAMTOR2	in-complex-with	RRAGC
LAMTOR2	in-complex-with	RRAGD
LAMTOR2	in-complex-with	SLC38A9
LAMTOR3	in-complex-with	LAMTOR4
LAMTOR3	in-complex-with	LAMTOR5
LAMTOR3	in-complex-with	MLST8
LAMTOR3	in-complex-with	MTOR
LAMTOR3	in-complex-with	RHEB
LAMTOR3	in-complex-with	RPTOR
LAMTOR3	in-complex-with	RRAGA
LAMTOR3	in-complex-with	RRAGB
LAMTOR3	in-complex-with	RRAGC
LAMTOR3	in-complex-with	RRAGD
LAMTOR3	in-complex-with	SLC38A9
LAMTOR4	in-complex-with	LAMTOR5
LAMTOR4	in-complex-with	MLST8
LAMTOR4	in-complex-with	MTOR
LAMTOR4	in-complex-with	RHEB
LAMTOR4	in-complex-with	RPTOR
LAMTOR4	in-complex-with	RRAGA
LAMTOR4	in-complex-with	RRAGB
LAMTOR4	in-complex-with	RRAGC
LAMTOR4	in-complex-with	RRAGD
LAMTOR4	in-complex-with	SLC38A9
LAMTOR5	in-complex-with	MLST8
LAMTOR5	in-complex-with	MTOR
LAMTOR5	in-complex-with	RHEB
LAMTOR5	in-complex-with	RPTOR
LAMTOR5	in-complex-with	RRAGA
LAMTOR5	in-complex-with	RRAGB
LAMTOR5	in-complex-with	RRAGC
LAMTOR5	in-complex-with	RRAGD
LAMTOR5	in-complex-with	SLC38A9
LRPPRC	controls-state-change-of	CYCS
LRPPRC	controls-production-of	chebi:38574
MAP2K6	controls-state-change-of	PIP4K2A
MAP2K6	controls-phosphorylation-of	PIP4K2B
MAP2K6	controls-state-change-of	PIP4K2B
MAP2K6	controls-state-change-of	PIP4K2C
MAPK11	in-complex-with	MAPKAPK5
MAPK11	controls-phosphorylation-of	TP53
MAPK11	controls-state-change-of	TP53
MAPK14	in-complex-with	MAPKAPK5
MAPK14	controls-phosphorylation-of	TP53
MAPK14	controls-state-change-of	TP53
MAPKAP1	in-complex-with	MLST8
MAPKAP1	in-complex-with	MTOR
MAPKAP1	in-complex-with	PRR5
MAPKAP1	in-complex-with	RICTOR
MAPKAP1	controls-phosphorylation-of	SGK1
MAPKAP1	controls-state-change-of	SGK1
MAPKAPK5	controls-phosphorylation-of	TP53
MAPKAPK5	controls-state-change-of	TP53
MBD3	controls-state-change-of	BRD1
MBD3	controls-state-change-of	BRD7
MBD3	controls-state-change-of	BRPF1
MBD3	controls-state-change-of	BRPF3
MBD3	controls-state-change-of	EP300
MBD3	controls-state-change-of	ING5
MBD3	controls-state-change-of	KAT6A
MBD3	controls-state-change-of	MEAF6
MBD3	in-complex-with	MTA2
MBD3	controls-state-change-of	PML
MBD3	in-complex-with	RBBP4
MBD3	in-complex-with	RBBP7
MBD3	controls-state-change-of	TP53
MBD3	controls-production-of	chebi:30089
MDM2	controls-state-change-of	DYRK2
MDM2	controls-state-change-of	JMY
MDM2	in-complex-with	MDM4
MDM2	in-complex-with	PPP2CA
MDM2	in-complex-with	PPP2CB
MDM2	in-complex-with	PPP2R1A
MDM2	in-complex-with	PPP2R1B
MDM2	in-complex-with	PPP2R5C
MDM2	controls-state-change-of	TP53
MDM2	in-complex-with	TP53
MDM2	in-complex-with	USP2
MDM2	in-complex-with	USP7
MDM4	controls-state-change-of	DYRK2
MDM4	controls-state-change-of	JMY
MDM4	controls-state-change-of	TP53
MDM4	in-complex-with	TP53
MDM4	in-complex-with	USP2
MDM4	in-complex-with	USP7
MEAF6	in-complex-with	PML
MEAF6	controls-state-change-of	TP53
MEAF6	in-complex-with	TP53
MLST8	in-complex-with	MTOR
MLST8	in-complex-with	PRR5
MLST8	in-complex-with	RHEB
MLST8	in-complex-with	RICTOR
MLST8	in-complex-with	RPTOR
MLST8	in-complex-with	RRAGA
MLST8	in-complex-with	RRAGB
MLST8	in-complex-with	RRAGC
MLST8	in-complex-with	RRAGD
MLST8	controls-phosphorylation-of	SGK1
MLST8	controls-state-change-of	SGK1
MLST8	in-complex-with	SLC38A9
MNAT1	controls-expression-of	ATM
MNAT1	controls-expression-of	ATR
MNAT1	controls-expression-of	BRCA1
MNAT1	controls-expression-of	CHEK1
MNAT1	controls-expression-of	FANCD2
MNAT1	controls-expression-of	FANCI
MNAT1	controls-expression-of	MDC1
MNAT1	in-complex-with	NELFA
MNAT1	in-complex-with	NELFB
MNAT1	in-complex-with	NELFCD
MNAT1	in-complex-with	NELFE
MNAT1	controls-state-change-of	POLR2A
MNAT1	in-complex-with	POLR2A
MNAT1	in-complex-with	POLR2B
MNAT1	in-complex-with	POLR2C
MNAT1	in-complex-with	POLR2D
MNAT1	in-complex-with	POLR2E
MNAT1	in-complex-with	POLR2F
MNAT1	in-complex-with	POLR2G
MNAT1	in-complex-with	POLR2H
MNAT1	in-complex-with	POLR2I
MNAT1	in-complex-with	POLR2J
MNAT1	in-complex-with	POLR2K
MNAT1	in-complex-with	POLR2L
MNAT1	controls-expression-of	RAD51D
MNAT1	in-complex-with	SSRP1
MNAT1	in-complex-with	SUPT16H
MNAT1	in-complex-with	SUPT4H1
MNAT1	in-complex-with	SUPT5H
MNAT1	in-complex-with	TCEA1
MOV10	controls-expression-of	PTEN
MOV10	in-complex-with	TNRC6A
MOV10	in-complex-with	TNRC6B
MOV10	in-complex-with	TNRC6C
MRE11	in-complex-with	NBN
MRE11	in-complex-with	RAD17
MRE11	in-complex-with	RAD1
MRE11	in-complex-with	RAD50
MRE11	in-complex-with	RAD9A
MRE11	in-complex-with	RAD9B
MRE11	in-complex-with	RBBP8
MRE11	in-complex-with	RFC2
MRE11	in-complex-with	RFC3
MRE11	in-complex-with	RFC4
MRE11	in-complex-with	RFC5
MRE11	in-complex-with	RHNO1
MRE11	in-complex-with	RMI1
MRE11	in-complex-with	RMI2
MRE11	in-complex-with	RPA1
MRE11	in-complex-with	RPA2
MRE11	in-complex-with	RPA3
MRE11	in-complex-with	TOP3A
MRE11	in-complex-with	TOPBP1
MRE11	controls-phosphorylation-of	TP53
MRE11	controls-state-change-of	TP53
MRE11	in-complex-with	WRN
MT-CO1	controls-state-change-of	CYCS
MT-CO1	in-complex-with	MT-CO2
MT-CO1	in-complex-with	MT-CO3
MT-CO1	controls-production-of	chebi:38574
MT-CO2	controls-state-change-of	CYCS
MT-CO2	in-complex-with	MT-CO3
MT-CO2	controls-production-of	chebi:38574
MT-CO3	controls-state-change-of	CYCS
MT-CO3	controls-production-of	chebi:38574
MTA2	controls-state-change-of	BRD1
MTA2	controls-state-change-of	BRD7
MTA2	controls-state-change-of	BRPF1
MTA2	controls-state-change-of	BRPF3
MTA2	controls-state-change-of	EP300
MTA2	controls-state-change-of	ING5
MTA2	controls-state-change-of	KAT6A
MTA2	controls-state-change-of	MEAF6
MTA2	controls-state-change-of	PML
MTA2	in-complex-with	RBBP4
MTA2	in-complex-with	RBBP7
MTA2	controls-state-change-of	TP53
MTA2	controls-production-of	chebi:30089
MTOR	in-complex-with	PRR5
MTOR	in-complex-with	RHEB
MTOR	in-complex-with	RICTOR
MTOR	in-complex-with	RPTOR
MTOR	in-complex-with	RRAGA
MTOR	in-complex-with	RRAGB
MTOR	in-complex-with	RRAGC
MTOR	in-complex-with	RRAGD
MTOR	controls-phosphorylation-of	SGK1
MTOR	controls-state-change-of	SGK1
MTOR	in-complex-with	SLC38A9
NBN	in-complex-with	RAD17
NBN	in-complex-with	RAD1
NBN	in-complex-with	RAD50
NBN	in-complex-with	RAD9A
NBN	in-complex-with	RAD9B
NBN	in-complex-with	RBBP8
NBN	in-complex-with	RFC2
NBN	in-complex-with	RFC3
NBN	in-complex-with	RFC4
NBN	in-complex-with	RFC5
NBN	in-complex-with	RHNO1
NBN	in-complex-with	RMI1
NBN	in-complex-with	RMI2
NBN	in-complex-with	RPA1
NBN	in-complex-with	RPA2
NBN	in-complex-with	RPA3
NBN	in-complex-with	TOP3A
NBN	in-complex-with	TOPBP1
NBN	controls-phosphorylation-of	TP53
NBN	controls-state-change-of	TP53
NBN	in-complex-with	WRN
NELFA	controls-expression-of	ATM
NELFA	controls-expression-of	ATR
NELFA	controls-expression-of	BRCA1
NELFA	controls-expression-of	CHEK1
NELFA	controls-expression-of	FANCD2
NELFA	controls-expression-of	FANCI
NELFA	controls-expression-of	MDC1
NELFA	in-complex-with	NELFB
NELFA	in-complex-with	NELFCD
NELFA	in-complex-with	NELFE
NELFA	controls-state-change-of	POLR2A
NELFA	in-complex-with	POLR2A
NELFA	in-complex-with	POLR2B
NELFA	in-complex-with	POLR2C
NELFA	in-complex-with	POLR2D
NELFA	in-complex-with	POLR2E
NELFA	in-complex-with	POLR2F
NELFA	in-complex-with	POLR2G
NELFA	in-complex-with	POLR2H
NELFA	in-complex-with	POLR2I
NELFA	in-complex-with	POLR2J
NELFA	in-complex-with	POLR2K
NELFA	in-complex-with	POLR2L
NELFA	controls-expression-of	RAD51D
NELFA	in-complex-with	SSRP1
NELFA	in-complex-with	SUPT16H
NELFA	in-complex-with	SUPT4H1
NELFA	in-complex-with	SUPT5H
NELFA	in-complex-with	TCEA1
NELFB	controls-expression-of	ATM
NELFB	controls-expression-of	ATR
NELFB	controls-expression-of	BRCA1
NELFB	controls-expression-of	CHEK1
NELFB	controls-expression-of	FANCD2
NELFB	controls-expression-of	FANCI
NELFB	controls-expression-of	MDC1
NELFB	in-complex-with	NELFCD
NELFB	in-complex-with	NELFE
NELFB	controls-state-change-of	POLR2A
NELFB	in-complex-with	POLR2A
NELFB	in-complex-with	POLR2B
NELFB	in-complex-with	POLR2C
NELFB	in-complex-with	POLR2D
NELFB	in-complex-with	POLR2E
NELFB	in-complex-with	POLR2F
NELFB	in-complex-with	POLR2G
NELFB	in-complex-with	POLR2H
NELFB	in-complex-with	POLR2I
NELFB	in-complex-with	POLR2J
NELFB	in-complex-with	POLR2K
NELFB	in-complex-with	POLR2L
NELFB	controls-expression-of	RAD51D
NELFB	in-complex-with	SSRP1
NELFB	in-complex-with	SUPT16H
NELFB	in-complex-with	SUPT4H1
NELFB	in-complex-with	SUPT5H
NELFB	in-complex-with	TCEA1
NELFCD	controls-expression-of	ATM
NELFCD	controls-expression-of	ATR
NELFCD	controls-expression-of	BRCA1
NELFCD	controls-expression-of	CHEK1
NELFCD	controls-expression-of	FANCD2
NELFCD	controls-expression-of	FANCI
NELFCD	controls-expression-of	MDC1
NELFCD	in-complex-with	NELFE
NELFCD	controls-state-change-of	POLR2A
NELFCD	in-complex-with	POLR2A
NELFCD	in-complex-with	POLR2B
NELFCD	in-complex-with	POLR2C
NELFCD	in-complex-with	POLR2D
NELFCD	in-complex-with	POLR2E
NELFCD	in-complex-with	POLR2F
NELFCD	in-complex-with	POLR2G
NELFCD	in-complex-with	POLR2H
NELFCD	in-complex-with	POLR2I
NELFCD	in-complex-with	POLR2J
NELFCD	in-complex-with	POLR2K
NELFCD	in-complex-with	POLR2L
NELFCD	controls-expression-of	RAD51D
NELFCD	in-complex-with	SSRP1
NELFCD	in-complex-with	SUPT16H
NELFCD	in-complex-with	SUPT4H1
NELFCD	in-complex-with	SUPT5H
NELFCD	in-complex-with	TCEA1
NELFE	controls-expression-of	ATM
NELFE	controls-expression-of	ATR
NELFE	controls-expression-of	BRCA1
NELFE	controls-expression-of	CHEK1
NELFE	controls-expression-of	FANCD2
NELFE	controls-expression-of	FANCI
NELFE	controls-expression-of	MDC1
NELFE	controls-state-change-of	POLR2A
NELFE	in-complex-with	POLR2A
NELFE	in-complex-with	POLR2B
NELFE	in-complex-with	POLR2C
NELFE	in-complex-with	POLR2D
NELFE	in-complex-with	POLR2E
NELFE	in-complex-with	POLR2F
NELFE	in-complex-with	POLR2G
NELFE	in-complex-with	POLR2H
NELFE	in-complex-with	POLR2I
NELFE	in-complex-with	POLR2J
NELFE	in-complex-with	POLR2K
NELFE	in-complex-with	POLR2L
NELFE	controls-expression-of	RAD51D
NELFE	in-complex-with	SSRP1
NELFE	in-complex-with	SUPT16H
NELFE	in-complex-with	SUPT4H1
NELFE	in-complex-with	SUPT5H
NELFE	in-complex-with	TCEA1
NOC2L	controls-state-change-of	TP53
NOC2L	in-complex-with	TP53
NUAK1	in-complex-with	STK11
NUAK1	controls-state-change-of	TP53
NUAK1	in-complex-with	TP53
PCBP4	controls-expression-of	CDKN1A
PDPK1	controls-phosphorylation-of	SGK1
PDPK1	controls-state-change-of	SGK1
PHF20	controls-state-change-of	MDM2
PHF20	controls-state-change-of	MDM4
PHF20	controls-state-change-of	TP53
PHF20	in-complex-with	TP53
PIDD1	controls-state-change-of	CASP2
PIN1	in-complex-with	PIP4K2A
PIN1	in-complex-with	PIP4K2B
PIN1	in-complex-with	PIP4K2C
PIN1	in-complex-with	TP53INP1
PIN1	controls-state-change-of	TP53
PIN1	in-complex-with	TP53
PIP4K2A	in-complex-with	PIP4K2B
PIP4K2A	in-complex-with	PIP4K2C
PIP4K2A	controls-production-of	chebi:58456
PIP4K2B	in-complex-with	PIP4K2C
PIP4K2B	controls-production-of	chebi:58456
PIP4K2C	controls-production-of	chebi:58456
PIP4P1	controls-state-change-of	EP300
PIP4P1	controls-state-change-of	ING2
PIP4P1	controls-state-change-of	TP53
PIP4P1	controls-production-of	chebi:57795
PLK2	controls-phosphorylation-of	CPAP
PLK2	controls-state-change-of	CPAP
PLK2	controls-phosphorylation-of	NPM1
PLK2	controls-state-change-of	NPM1
PLK3	controls-phosphorylation-of	CDC25C
PLK3	controls-state-change-of	CDC25C
PLK3	controls-phosphorylation-of	TP53
PLK3	controls-state-change-of	TP53
PML	controls-state-change-of	TP53
PML	in-complex-with	TP53
POLR2A	controls-expression-of	ATM
POLR2A	controls-expression-of	ATR
POLR2A	controls-expression-of	BRCA1
POLR2A	controls-expression-of	CHEK1
POLR2A	controls-expression-of	FANCD2
POLR2A	controls-expression-of	FANCI
POLR2A	controls-expression-of	MDC1
POLR2A	in-complex-with	POLR2B
POLR2A	in-complex-with	POLR2C
POLR2A	in-complex-with	POLR2D
POLR2A	in-complex-with	POLR2E
POLR2A	in-complex-with	POLR2F
POLR2A	in-complex-with	POLR2G
POLR2A	in-complex-with	POLR2H
POLR2A	in-complex-with	POLR2I
POLR2A	in-complex-with	POLR2J
POLR2A	in-complex-with	POLR2K
POLR2A	in-complex-with	POLR2L
POLR2A	controls-expression-of	RAD51D
POLR2A	in-complex-with	SSRP1
POLR2A	in-complex-with	SUPT16H
POLR2A	in-complex-with	SUPT4H1
POLR2A	in-complex-with	SUPT5H
POLR2A	in-complex-with	TCEA1
POLR2B	controls-expression-of	ATM
POLR2B	controls-expression-of	ATR
POLR2B	controls-expression-of	BRCA1
POLR2B	controls-expression-of	CHEK1
POLR2B	controls-expression-of	FANCD2
POLR2B	controls-expression-of	FANCI
POLR2B	controls-expression-of	MDC1
POLR2B	controls-state-change-of	POLR2A
POLR2B	in-complex-with	POLR2C
POLR2B	in-complex-with	POLR2D
POLR2B	in-complex-with	POLR2E
POLR2B	in-complex-with	POLR2F
POLR2B	in-complex-with	POLR2G
POLR2B	in-complex-with	POLR2H
POLR2B	in-complex-with	POLR2I
POLR2B	in-complex-with	POLR2J
POLR2B	in-complex-with	POLR2K
POLR2B	in-complex-with	POLR2L
POLR2B	controls-expression-of	RAD51D
POLR2B	in-complex-with	SSRP1
POLR2B	in-complex-with	SUPT16H
POLR2B	in-complex-with	SUPT4H1
POLR2B	in-complex-with	SUPT5H
POLR2B	in-complex-with	TCEA1
POLR2C	controls-expression-of	ATM
POLR2C	controls-expression-of	ATR
POLR2C	controls-expression-of	BRCA1
POLR2C	controls-expression-of	CHEK1
POLR2C	controls-expression-of	FANCD2
POLR2C	controls-expression-of	FANCI
POLR2C	controls-expression-of	MDC1
POLR2C	controls-state-change-of	POLR2A
POLR2C	in-complex-with	POLR2D
POLR2C	in-complex-with	POLR2E
POLR2C	in-complex-with	POLR2F
POLR2C	in-complex-with	POLR2G
POLR2C	in-complex-with	POLR2H
POLR2C	in-complex-with	POLR2I
POLR2C	in-complex-with	POLR2J
POLR2C	in-complex-with	POLR2K
POLR2C	in-complex-with	POLR2L
POLR2C	controls-expression-of	RAD51D
POLR2C	in-complex-with	SSRP1
POLR2C	in-complex-with	SUPT16H
POLR2C	in-complex-with	SUPT4H1
POLR2C	in-complex-with	SUPT5H
POLR2C	in-complex-with	TCEA1
POLR2D	controls-expression-of	ATM
POLR2D	controls-expression-of	ATR
POLR2D	controls-expression-of	BRCA1
POLR2D	controls-expression-of	CHEK1
POLR2D	controls-expression-of	FANCD2
POLR2D	controls-expression-of	FANCI
POLR2D	controls-expression-of	MDC1
POLR2D	controls-state-change-of	POLR2A
POLR2D	in-complex-with	POLR2E
POLR2D	in-complex-with	POLR2F
POLR2D	in-complex-with	POLR2G
POLR2D	in-complex-with	POLR2H
POLR2D	in-complex-with	POLR2I
POLR2D	in-complex-with	POLR2J
POLR2D	in-complex-with	POLR2K
POLR2D	in-complex-with	POLR2L
POLR2D	controls-expression-of	RAD51D
POLR2D	in-complex-with	SSRP1
POLR2D	in-complex-with	SUPT16H
POLR2D	in-complex-with	SUPT4H1
POLR2D	in-complex-with	SUPT5H
POLR2D	in-complex-with	TCEA1
POLR2E	controls-expression-of	ATM
POLR2E	controls-expression-of	ATR
POLR2E	controls-expression-of	BRCA1
POLR2E	controls-expression-of	CHEK1
POLR2E	controls-expression-of	FANCD2
POLR2E	controls-expression-of	FANCI
POLR2E	controls-expression-of	MDC1
POLR2E	controls-state-change-of	POLR2A
POLR2E	in-complex-with	POLR2F
POLR2E	in-complex-with	POLR2G
POLR2E	in-complex-with	POLR2H
POLR2E	in-complex-with	POLR2I
POLR2E	in-complex-with	POLR2J
POLR2E	in-complex-with	POLR2K
POLR2E	in-complex-with	POLR2L
POLR2E	controls-expression-of	RAD51D
POLR2E	in-complex-with	SSRP1
POLR2E	in-complex-with	SUPT16H
POLR2E	in-complex-with	SUPT4H1
POLR2E	in-complex-with	SUPT5H
POLR2E	in-complex-with	TCEA1
POLR2F	controls-expression-of	ATM
POLR2F	controls-expression-of	ATR
POLR2F	controls-expression-of	BRCA1
POLR2F	controls-expression-of	CHEK1
POLR2F	controls-expression-of	FANCD2
POLR2F	controls-expression-of	FANCI
POLR2F	controls-expression-of	MDC1
POLR2F	controls-state-change-of	POLR2A
POLR2F	in-complex-with	POLR2G
POLR2F	in-complex-with	POLR2H
POLR2F	in-complex-with	POLR2I
POLR2F	in-complex-with	POLR2J
POLR2F	in-complex-with	POLR2K
POLR2F	in-complex-with	POLR2L
POLR2F	controls-expression-of	RAD51D
POLR2F	in-complex-with	SSRP1
POLR2F	in-complex-with	SUPT16H
POLR2F	in-complex-with	SUPT4H1
POLR2F	in-complex-with	SUPT5H
POLR2F	in-complex-with	TCEA1
POLR2G	controls-expression-of	ATM
POLR2G	controls-expression-of	ATR
POLR2G	controls-expression-of	BRCA1
POLR2G	controls-expression-of	CHEK1
POLR2G	controls-expression-of	FANCD2
POLR2G	controls-expression-of	FANCI
POLR2G	controls-expression-of	MDC1
POLR2G	controls-state-change-of	POLR2A
POLR2G	in-complex-with	POLR2H
POLR2G	in-complex-with	POLR2I
POLR2G	in-complex-with	POLR2J
POLR2G	in-complex-with	POLR2K
POLR2G	in-complex-with	POLR2L
POLR2G	controls-expression-of	RAD51D
POLR2G	in-complex-with	SSRP1
POLR2G	in-complex-with	SUPT16H
POLR2G	in-complex-with	SUPT4H1
POLR2G	in-complex-with	SUPT5H
POLR2G	in-complex-with	TCEA1
POLR2H	controls-expression-of	ATM
POLR2H	controls-expression-of	ATR
POLR2H	controls-expression-of	BRCA1
POLR2H	controls-expression-of	CHEK1
POLR2H	controls-expression-of	FANCD2
POLR2H	controls-expression-of	FANCI
POLR2H	controls-expression-of	MDC1
POLR2H	controls-state-change-of	POLR2A
POLR2H	in-complex-with	POLR2I
POLR2H	in-complex-with	POLR2J
POLR2H	in-complex-with	POLR2K
POLR2H	in-complex-with	POLR2L
POLR2H	controls-expression-of	RAD51D
POLR2H	in-complex-with	SSRP1
POLR2H	in-complex-with	SUPT16H
POLR2H	in-complex-with	SUPT4H1
POLR2H	in-complex-with	SUPT5H
POLR2H	in-complex-with	TCEA1
POLR2I	controls-expression-of	ATM
POLR2I	controls-expression-of	ATR
POLR2I	controls-expression-of	BRCA1
POLR2I	controls-expression-of	CHEK1
POLR2I	controls-expression-of	FANCD2
POLR2I	controls-expression-of	FANCI
POLR2I	controls-expression-of	MDC1
POLR2I	controls-state-change-of	POLR2A
POLR2I	in-complex-with	POLR2J
POLR2I	in-complex-with	POLR2K
POLR2I	in-complex-with	POLR2L
POLR2I	controls-expression-of	RAD51D
POLR2I	in-complex-with	SSRP1
POLR2I	in-complex-with	SUPT16H
POLR2I	in-complex-with	SUPT4H1
POLR2I	in-complex-with	SUPT5H
POLR2I	in-complex-with	TCEA1
POLR2J	controls-expression-of	ATM
POLR2J	controls-expression-of	ATR
POLR2J	controls-expression-of	BRCA1
POLR2J	controls-expression-of	CHEK1
POLR2J	controls-expression-of	FANCD2
POLR2J	controls-expression-of	FANCI
POLR2J	controls-expression-of	MDC1
POLR2J	controls-state-change-of	POLR2A
POLR2J	in-complex-with	POLR2K
POLR2J	in-complex-with	POLR2L
POLR2J	controls-expression-of	RAD51D
POLR2J	in-complex-with	SSRP1
POLR2J	in-complex-with	SUPT16H
POLR2J	in-complex-with	SUPT4H1
POLR2J	in-complex-with	SUPT5H
POLR2J	in-complex-with	TCEA1
POLR2K	controls-expression-of	ATM
POLR2K	controls-expression-of	ATR
POLR2K	controls-expression-of	BRCA1
POLR2K	controls-expression-of	CHEK1
POLR2K	controls-expression-of	FANCD2
POLR2K	controls-expression-of	FANCI
POLR2K	controls-expression-of	MDC1
POLR2K	controls-state-change-of	POLR2A
POLR2K	in-complex-with	POLR2L
POLR2K	controls-expression-of	RAD51D
POLR2K	in-complex-with	SSRP1
POLR2K	in-complex-with	SUPT16H
POLR2K	in-complex-with	SUPT4H1
POLR2K	in-complex-with	SUPT5H
POLR2K	in-complex-with	TCEA1
POLR2L	controls-expression-of	ATM
POLR2L	controls-expression-of	ATR
POLR2L	controls-expression-of	BRCA1
POLR2L	controls-expression-of	CHEK1
POLR2L	controls-expression-of	FANCD2
POLR2L	controls-expression-of	FANCI
POLR2L	controls-expression-of	MDC1
POLR2L	controls-state-change-of	POLR2A
POLR2L	controls-expression-of	RAD51D
POLR2L	in-complex-with	SSRP1
POLR2L	in-complex-with	SUPT16H
POLR2L	in-complex-with	SUPT4H1
POLR2L	in-complex-with	SUPT5H
POLR2L	in-complex-with	TCEA1
POU4F1	in-complex-with	TP53
POU4F2	in-complex-with	TP53
PPP1R13B	controls-expression-of	BAX
PPP1R13B	controls-expression-of	BBC3
PPP1R13B	controls-expression-of	FAS
PPP1R13B	controls-expression-of	TP53I3
PPP1R13B	in-complex-with	TP53
PPP1R13B	in-complex-with	TP63
PPP1R13B	in-complex-with	TP73
PPP1R13L	in-complex-with	TP53
PPP1R13L	in-complex-with	TP63
PPP1R13L	in-complex-with	TP73
PPP2CA	controls-state-change-of	MDM2
PPP2CA	in-complex-with	PPP2R1A
PPP2CA	in-complex-with	PPP2R1B
PPP2CA	in-complex-with	PPP2R5C
PPP2CB	controls-state-change-of	MDM2
PPP2CB	in-complex-with	PPP2R1A
PPP2CB	in-complex-with	PPP2R1B
PPP2CB	in-complex-with	PPP2R5C
PPP2R1A	controls-state-change-of	MDM2
PPP2R1A	in-complex-with	PPP2R5C
PPP2R1B	controls-state-change-of	MDM2
PPP2R1B	in-complex-with	PPP2R5C
PPP2R5C	controls-state-change-of	MDM2
PRDM1	controls-expression-of	TP53
PRDX1	in-complex-with	SESN1
PRDX1	in-complex-with	SESN2
PRDX1	in-complex-with	SESN3
PRDX1	controls-state-change-of	TXN
PRDX2	controls-state-change-of	TXN
PRDX5	controls-state-change-of	TXN
PRELID1	in-complex-with	TRIAP1
PRELID1	controls-transport-of-chemical	chebi:57739
PRELID3A	in-complex-with	TRIAP1
PRELID3A	controls-transport-of-chemical	chebi:57739
PRKAA1	in-complex-with	PRKAB1
PRKAA1	in-complex-with	PRKAB2
PRKAA1	in-complex-with	PRKAG1
PRKAA1	in-complex-with	PRKAG2
PRKAA1	in-complex-with	PRKAG3
PRKAA1	in-complex-with	SESN1
PRKAA1	in-complex-with	SESN2
PRKAA1	in-complex-with	SESN3
PRKAA1	controls-phosphorylation-of	TP53
PRKAA1	controls-state-change-of	TP53
PRKAA1	controls-state-change-of	TSC1
PRKAA1	controls-transport-of	TSC1
PRKAA1	controls-phosphorylation-of	TSC2
PRKAA1	controls-state-change-of	TSC2
PRKAA1	controls-transport-of	TSC2
PRKAA2	in-complex-with	PRKAB1
PRKAA2	in-complex-with	PRKAB2
PRKAA2	in-complex-with	PRKAG1
PRKAA2	in-complex-with	PRKAG2
PRKAA2	in-complex-with	PRKAG3
PRKAA2	in-complex-with	SESN1
PRKAA2	in-complex-with	SESN2
PRKAA2	in-complex-with	SESN3
PRKAA2	controls-phosphorylation-of	TP53
PRKAA2	controls-state-change-of	TP53
PRKAA2	controls-state-change-of	TSC1
PRKAA2	controls-transport-of	TSC1
PRKAA2	controls-phosphorylation-of	TSC2
PRKAA2	controls-state-change-of	TSC2
PRKAA2	controls-transport-of	TSC2
PRKAB1	in-complex-with	PRKAG1
PRKAB1	in-complex-with	PRKAG2
PRKAB1	in-complex-with	PRKAG3
PRKAB1	in-complex-with	SESN1
PRKAB1	in-complex-with	SESN2
PRKAB1	in-complex-with	SESN3
PRKAB1	controls-phosphorylation-of	TP53
PRKAB1	controls-state-change-of	TP53
PRKAB1	controls-state-change-of	TSC1
PRKAB1	controls-transport-of	TSC1
PRKAB1	controls-phosphorylation-of	TSC2
PRKAB1	controls-state-change-of	TSC2
PRKAB1	controls-transport-of	TSC2
PRKAB2	in-complex-with	PRKAG1
PRKAB2	in-complex-with	PRKAG2
PRKAB2	in-complex-with	PRKAG3
PRKAB2	in-complex-with	SESN1
PRKAB2	in-complex-with	SESN2
PRKAB2	in-complex-with	SESN3
PRKAB2	controls-phosphorylation-of	TP53
PRKAB2	controls-state-change-of	TP53
PRKAB2	controls-state-change-of	TSC1
PRKAB2	controls-transport-of	TSC1
PRKAB2	controls-phosphorylation-of	TSC2
PRKAB2	controls-state-change-of	TSC2
PRKAB2	controls-transport-of	TSC2
PRKAG1	in-complex-with	SESN1
PRKAG1	in-complex-with	SESN2
PRKAG1	in-complex-with	SESN3
PRKAG1	controls-phosphorylation-of	TP53
PRKAG1	controls-state-change-of	TP53
PRKAG1	controls-state-change-of	TSC1
PRKAG1	controls-transport-of	TSC1
PRKAG1	controls-phosphorylation-of	TSC2
PRKAG1	controls-state-change-of	TSC2
PRKAG1	controls-transport-of	TSC2
PRKAG2	in-complex-with	SESN1
PRKAG2	in-complex-with	SESN2
PRKAG2	in-complex-with	SESN3
PRKAG2	controls-phosphorylation-of	TP53
PRKAG2	controls-state-change-of	TP53
PRKAG2	controls-state-change-of	TSC1
PRKAG2	controls-transport-of	TSC1
PRKAG2	controls-phosphorylation-of	TSC2
PRKAG2	controls-state-change-of	TSC2
PRKAG2	controls-transport-of	TSC2
PRKAG3	in-complex-with	SESN1
PRKAG3	in-complex-with	SESN2
PRKAG3	in-complex-with	SESN3
PRKAG3	controls-phosphorylation-of	TP53
PRKAG3	controls-state-change-of	TP53
PRKAG3	controls-state-change-of	TSC1
PRKAG3	controls-transport-of	TSC1
PRKAG3	controls-phosphorylation-of	TSC2
PRKAG3	controls-state-change-of	TSC2
PRKAG3	controls-transport-of	TSC2
PRMT1	controls-expression-of	GADD45A
PRMT1	in-complex-with	TP53
PRMT5	controls-state-change-of	TP53
PRMT5	in-complex-with	TP53
PRMT5	in-complex-with	TTC5
PRR5	in-complex-with	RICTOR
PRR5	controls-phosphorylation-of	SGK1
PRR5	controls-state-change-of	SGK1
RABGGTA	in-complex-with	RABGGTB
RAD17	in-complex-with	RAD50
RAD17	in-complex-with	RAD9A
RAD17	in-complex-with	RAD9B
RAD17	in-complex-with	RBBP8
RAD17	in-complex-with	RFC2
RAD17	in-complex-with	RFC3
RAD17	in-complex-with	RFC4
RAD17	in-complex-with	RFC5
RAD17	in-complex-with	RHNO1
RAD17	in-complex-with	RMI1
RAD17	in-complex-with	RMI2
RAD17	in-complex-with	RPA1
RAD17	in-complex-with	RPA2
RAD17	in-complex-with	RPA3
RAD17	in-complex-with	TOP3A
RAD17	in-complex-with	TOPBP1
RAD17	controls-phosphorylation-of	TP53
RAD17	controls-state-change-of	TP53
RAD17	in-complex-with	WRN
RAD1	in-complex-with	RAD17
RAD1	in-complex-with	RAD50
RAD1	in-complex-with	RAD9A
RAD1	in-complex-with	RAD9B
RAD1	in-complex-with	RBBP8
RAD1	in-complex-with	RFC2
RAD1	in-complex-with	RFC3
RAD1	in-complex-with	RFC4
RAD1	in-complex-with	RFC5
RAD1	in-complex-with	RHNO1
RAD1	in-complex-with	RMI1
RAD1	in-complex-with	RMI2
RAD1	in-complex-with	RPA1
RAD1	in-complex-with	RPA2
RAD1	in-complex-with	RPA3
RAD1	in-complex-with	TOP3A
RAD1	in-complex-with	TOPBP1
RAD1	controls-phosphorylation-of	TP53
RAD1	controls-state-change-of	TP53
RAD1	in-complex-with	WRN
RAD50	in-complex-with	RAD9A
RAD50	in-complex-with	RAD9B
RAD50	in-complex-with	RBBP8
RAD50	in-complex-with	RFC2
RAD50	in-complex-with	RFC3
RAD50	in-complex-with	RFC4
RAD50	in-complex-with	RFC5
RAD50	in-complex-with	RHNO1
RAD50	in-complex-with	RMI1
RAD50	in-complex-with	RMI2
RAD50	in-complex-with	RPA1
RAD50	in-complex-with	RPA2
RAD50	in-complex-with	RPA3
RAD50	in-complex-with	TOP3A
RAD50	in-complex-with	TOPBP1
RAD50	controls-phosphorylation-of	TP53
RAD50	controls-state-change-of	TP53
RAD50	in-complex-with	WRN
RAD9A	in-complex-with	RBBP8
RAD9A	in-complex-with	RFC2
RAD9A	in-complex-with	RFC3
RAD9A	in-complex-with	RFC4
RAD9A	in-complex-with	RFC5
RAD9A	in-complex-with	RHNO1
RAD9A	in-complex-with	RMI1
RAD9A	in-complex-with	RMI2
RAD9A	in-complex-with	RPA1
RAD9A	in-complex-with	RPA2
RAD9A	in-complex-with	RPA3
RAD9A	in-complex-with	TOP3A
RAD9A	in-complex-with	TOPBP1
RAD9A	controls-phosphorylation-of	TP53
RAD9A	controls-state-change-of	TP53
RAD9A	in-complex-with	WRN
RAD9B	in-complex-with	RBBP8
RAD9B	in-complex-with	RFC2
RAD9B	in-complex-with	RFC3
RAD9B	in-complex-with	RFC4
RAD9B	in-complex-with	RFC5
RAD9B	in-complex-with	RHNO1
RAD9B	in-complex-with	RMI1
RAD9B	in-complex-with	RMI2
RAD9B	in-complex-with	RPA1
RAD9B	in-complex-with	RPA2
RAD9B	in-complex-with	RPA3
RAD9B	in-complex-with	TOP3A
RAD9B	in-complex-with	TOPBP1
RAD9B	controls-phosphorylation-of	TP53
RAD9B	controls-state-change-of	TP53
RAD9B	in-complex-with	WRN
RBBP4	controls-state-change-of	BRD1
RBBP4	controls-state-change-of	BRD7
RBBP4	controls-state-change-of	BRPF1
RBBP4	controls-state-change-of	BRPF3
RBBP4	controls-state-change-of	EP300
RBBP4	controls-state-change-of	ING5
RBBP4	controls-state-change-of	KAT6A
RBBP4	controls-state-change-of	MEAF6
RBBP4	controls-state-change-of	PML
RBBP4	in-complex-with	RBBP7
RBBP4	controls-state-change-of	TP53
RBBP4	controls-production-of	chebi:30089
RBBP7	controls-state-change-of	BRD1
RBBP7	controls-state-change-of	BRD7
RBBP7	controls-state-change-of	BRPF1
RBBP7	controls-state-change-of	BRPF3
RBBP7	controls-state-change-of	EP300
RBBP7	controls-state-change-of	ING5
RBBP7	controls-state-change-of	KAT6A
RBBP7	controls-state-change-of	MEAF6
RBBP7	controls-state-change-of	PML
RBBP7	controls-state-change-of	TP53
RBBP7	controls-production-of	chebi:30089
RBBP8	in-complex-with	RFC2
RBBP8	in-complex-with	RFC3
RBBP8	in-complex-with	RFC4
RBBP8	in-complex-with	RFC5
RBBP8	in-complex-with	RHNO1
RBBP8	in-complex-with	RMI1
RBBP8	in-complex-with	RMI2
RBBP8	in-complex-with	RPA1
RBBP8	in-complex-with	RPA2
RBBP8	in-complex-with	RPA3
RBBP8	in-complex-with	TOP3A
RBBP8	in-complex-with	TOPBP1
RBBP8	controls-phosphorylation-of	TP53
RBBP8	controls-state-change-of	TP53
RBBP8	in-complex-with	WRN
RBL1	controls-expression-of	CDC25C
RBL1	in-complex-with	TFDP1
RBL1	in-complex-with	TFDP2
RBL1	in-complex-with	TP53
RBL2	controls-expression-of	CDC25C
RBL2	in-complex-with	TFDP1
RBL2	in-complex-with	TFDP2
RBL2	in-complex-with	TP53
RFC2	in-complex-with	RFC3
RFC2	in-complex-with	RFC4
RFC2	in-complex-with	RFC5
RFC2	in-complex-with	RHNO1
RFC2	in-complex-with	RMI1
RFC2	in-complex-with	RMI2
RFC2	in-complex-with	RPA1
RFC2	in-complex-with	RPA2
RFC2	in-complex-with	RPA3
RFC2	in-complex-with	TOP3A
RFC2	in-complex-with	TOPBP1
RFC2	controls-phosphorylation-of	TP53
RFC2	controls-state-change-of	TP53
RFC2	in-complex-with	WRN
RFC3	in-complex-with	RFC4
RFC3	in-complex-with	RFC5
RFC3	in-complex-with	RHNO1
RFC3	in-complex-with	RMI1
RFC3	in-complex-with	RMI2
RFC3	in-complex-with	RPA1
RFC3	in-complex-with	RPA2
RFC3	in-complex-with	RPA3
RFC3	in-complex-with	TOP3A
RFC3	in-complex-with	TOPBP1
RFC3	controls-phosphorylation-of	TP53
RFC3	controls-state-change-of	TP53
RFC3	in-complex-with	WRN
RFC4	in-complex-with	RFC5
RFC4	in-complex-with	RHNO1
RFC4	in-complex-with	RMI1
RFC4	in-complex-with	RMI2
RFC4	in-complex-with	RPA1
RFC4	in-complex-with	RPA2
RFC4	in-complex-with	RPA3
RFC4	in-complex-with	TOP3A
RFC4	in-complex-with	TOPBP1
RFC4	controls-phosphorylation-of	TP53
RFC4	controls-state-change-of	TP53
RFC4	in-complex-with	WRN
RFC5	in-complex-with	RHNO1
RFC5	in-complex-with	RMI1
RFC5	in-complex-with	RMI2
RFC5	in-complex-with	RPA1
RFC5	in-complex-with	RPA2
RFC5	in-complex-with	RPA3
RFC5	in-complex-with	TOP3A
RFC5	in-complex-with	TOPBP1
RFC5	controls-phosphorylation-of	TP53
RFC5	controls-state-change-of	TP53
RFC5	in-complex-with	WRN
RFFL	controls-state-change-of	TP53
RHEB	in-complex-with	RPTOR
RHEB	in-complex-with	RRAGA
RHEB	in-complex-with	RRAGB
RHEB	in-complex-with	RRAGC
RHEB	in-complex-with	RRAGD
RHEB	in-complex-with	SLC38A9
RHNO1	in-complex-with	RMI1
RHNO1	in-complex-with	RMI2
RHNO1	in-complex-with	RPA1
RHNO1	in-complex-with	RPA2
RHNO1	in-complex-with	RPA3
RHNO1	in-complex-with	TOP3A
RHNO1	in-complex-with	TOPBP1
RHNO1	controls-phosphorylation-of	TP53
RHNO1	controls-state-change-of	TP53
RHNO1	in-complex-with	WRN
RICTOR	controls-phosphorylation-of	SGK1
RICTOR	controls-state-change-of	SGK1
RMI1	in-complex-with	RMI2
RMI1	in-complex-with	RPA1
RMI1	in-complex-with	RPA2
RMI1	in-complex-with	RPA3
RMI1	in-complex-with	TOP3A
RMI1	in-complex-with	TOPBP1
RMI1	controls-phosphorylation-of	TP53
RMI1	controls-state-change-of	TP53
RMI2	in-complex-with	RPA1
RMI2	in-complex-with	RPA2
RMI2	in-complex-with	RPA3
RMI2	in-complex-with	TOP3A
RMI2	in-complex-with	TOPBP1
RMI2	controls-phosphorylation-of	TP53
RMI2	controls-state-change-of	TP53
RNF34	controls-state-change-of	TP53
RPA1	in-complex-with	RPA2
RPA1	in-complex-with	RPA3
RPA1	in-complex-with	TOP3A
RPA1	in-complex-with	TOPBP1
RPA1	controls-phosphorylation-of	TP53
RPA1	controls-state-change-of	TP53
RPA1	in-complex-with	WRN
RPA2	in-complex-with	RPA3
RPA2	in-complex-with	TOP3A
RPA2	in-complex-with	TOPBP1
RPA2	controls-phosphorylation-of	TP53
RPA2	controls-state-change-of	TP53
RPA2	in-complex-with	WRN
RPA3	in-complex-with	TOP3A
RPA3	in-complex-with	TOPBP1
RPA3	controls-phosphorylation-of	TP53
RPA3	controls-state-change-of	TP53
RPA3	in-complex-with	WRN
RPTOR	in-complex-with	RRAGA
RPTOR	in-complex-with	RRAGB
RPTOR	in-complex-with	RRAGC
RPTOR	in-complex-with	RRAGD
RPTOR	in-complex-with	SLC38A9
RRAGA	in-complex-with	RRAGC
RRAGA	in-complex-with	RRAGD
RRAGA	in-complex-with	SLC38A9
RRAGB	in-complex-with	RRAGC
RRAGB	in-complex-with	RRAGD
RRAGB	in-complex-with	SLC38A9
RRAGC	in-complex-with	SLC38A9
RRAGD	in-complex-with	SLC38A9
SCO1	controls-state-change-of	CYCS
SCO1	controls-production-of	chebi:38574
SCO2	controls-state-change-of	CYCS
SCO2	controls-production-of	chebi:38574
SETD9	controls-state-change-of	TP53
SETD9	controls-production-of	chebi:57856
SFN	in-complex-with	TSC2
SGK1	controls-phosphorylation-of	MDM2
SGK1	controls-state-change-of	MDM2
SMYD2	controls-state-change-of	TP53
SMYD2	controls-production-of	chebi:57856
SSRP1	controls-expression-of	ATM
SSRP1	controls-expression-of	ATR
SSRP1	controls-expression-of	BRCA1
SSRP1	controls-expression-of	CHEK1
SSRP1	controls-expression-of	FANCD2
SSRP1	controls-expression-of	FANCI
SSRP1	controls-expression-of	MDC1
SSRP1	controls-state-change-of	POLR2A
SSRP1	controls-expression-of	RAD51D
SSRP1	in-complex-with	SUPT16H
SSRP1	in-complex-with	SUPT4H1
SSRP1	in-complex-with	SUPT5H
SSRP1	in-complex-with	TCEA1
SSRP1	controls-phosphorylation-of	TP53
SSRP1	controls-state-change-of	TP53
STK11	controls-state-change-of	NUAK1
STK11	controls-state-change-of	TP53
STK11	in-complex-with	TP53
SUPT16H	controls-expression-of	ATM
SUPT16H	controls-expression-of	ATR
SUPT16H	controls-expression-of	BRCA1
SUPT16H	controls-expression-of	CHEK1
SUPT16H	controls-expression-of	FANCD2
SUPT16H	controls-expression-of	FANCI
SUPT16H	controls-expression-of	MDC1
SUPT16H	controls-state-change-of	POLR2A
SUPT16H	controls-expression-of	RAD51D
SUPT16H	in-complex-with	SUPT4H1
SUPT16H	in-complex-with	SUPT5H
SUPT16H	in-complex-with	TCEA1
SUPT16H	controls-phosphorylation-of	TP53
SUPT16H	controls-state-change-of	TP53
SUPT4H1	controls-expression-of	ATM
SUPT4H1	controls-expression-of	ATR
SUPT4H1	controls-expression-of	BRCA1
SUPT4H1	controls-expression-of	CHEK1
SUPT4H1	controls-expression-of	FANCD2
SUPT4H1	controls-expression-of	FANCI
SUPT4H1	controls-expression-of	MDC1
SUPT4H1	controls-state-change-of	POLR2A
SUPT4H1	controls-expression-of	RAD51D
SUPT4H1	in-complex-with	SUPT5H
SUPT4H1	in-complex-with	TCEA1
SUPT5H	controls-expression-of	ATM
SUPT5H	controls-expression-of	ATR
SUPT5H	controls-expression-of	BRCA1
SUPT5H	controls-expression-of	CHEK1
SUPT5H	controls-expression-of	FANCD2
SUPT5H	controls-expression-of	FANCI
SUPT5H	controls-expression-of	MDC1
SUPT5H	controls-state-change-of	POLR2A
SUPT5H	controls-expression-of	RAD51D
SUPT5H	in-complex-with	TCEA1
SURF1	controls-state-change-of	CYCS
SURF1	controls-production-of	chebi:38574
TACO1	controls-state-change-of	CYCS
TACO1	controls-production-of	chebi:38574
TAF10	in-complex-with	TAF11
TAF10	in-complex-with	TAF12
TAF10	in-complex-with	TAF13
TAF10	in-complex-with	TAF15
TAF10	in-complex-with	TAF1L
TAF10	in-complex-with	TAF2
TAF10	in-complex-with	TAF3
TAF10	in-complex-with	TAF4B
TAF10	in-complex-with	TAF4
TAF10	in-complex-with	TAF5
TAF10	in-complex-with	TAF6
TAF10	in-complex-with	TAF7L
TAF10	in-complex-with	TAF7
TAF10	in-complex-with	TAF9B
TAF10	in-complex-with	TAF9
TAF10	in-complex-with	TBP
TAF10	controls-phosphorylation-of	TP53
TAF10	controls-state-change-of	TP53
TAF11	in-complex-with	TAF12
TAF11	in-complex-with	TAF13
TAF11	in-complex-with	TAF15
TAF11	in-complex-with	TAF1L
TAF11	in-complex-with	TAF2
TAF11	in-complex-with	TAF3
TAF11	in-complex-with	TAF4B
TAF11	in-complex-with	TAF4
TAF11	in-complex-with	TAF5
TAF11	in-complex-with	TAF6
TAF11	in-complex-with	TAF7L
TAF11	in-complex-with	TAF7
TAF11	in-complex-with	TAF9B
TAF11	in-complex-with	TAF9
TAF11	in-complex-with	TBP
TAF11	controls-phosphorylation-of	TP53
TAF11	controls-state-change-of	TP53
TAF12	in-complex-with	TAF13
TAF12	in-complex-with	TAF15
TAF12	in-complex-with	TAF1L
TAF12	in-complex-with	TAF2
TAF12	in-complex-with	TAF3
TAF12	in-complex-with	TAF4B
TAF12	in-complex-with	TAF4
TAF12	in-complex-with	TAF5
TAF12	in-complex-with	TAF6
TAF12	in-complex-with	TAF7L
TAF12	in-complex-with	TAF7
TAF12	in-complex-with	TAF9B
TAF12	in-complex-with	TAF9
TAF12	in-complex-with	TBP
TAF12	controls-phosphorylation-of	TP53
TAF12	controls-state-change-of	TP53
TAF13	in-complex-with	TAF15
TAF13	in-complex-with	TAF1L
TAF13	in-complex-with	TAF2
TAF13	in-complex-with	TAF3
TAF13	in-complex-with	TAF4B
TAF13	in-complex-with	TAF4
TAF13	in-complex-with	TAF5
TAF13	in-complex-with	TAF6
TAF13	in-complex-with	TAF7L
TAF13	in-complex-with	TAF7
TAF13	in-complex-with	TAF9B
TAF13	in-complex-with	TAF9
TAF13	in-complex-with	TBP
TAF13	controls-phosphorylation-of	TP53
TAF13	controls-state-change-of	TP53
TAF15	in-complex-with	TAF1L
TAF15	in-complex-with	TAF2
TAF15	in-complex-with	TAF3
TAF15	in-complex-with	TAF4B
TAF15	in-complex-with	TAF4
TAF15	in-complex-with	TAF5
TAF15	in-complex-with	TAF6
TAF15	in-complex-with	TAF7L
TAF15	in-complex-with	TAF7
TAF15	in-complex-with	TAF9B
TAF15	in-complex-with	TAF9
TAF15	in-complex-with	TBP
TAF15	controls-phosphorylation-of	TP53
TAF15	controls-state-change-of	TP53
TAF1L	in-complex-with	TAF2
TAF1L	in-complex-with	TAF3
TAF1L	in-complex-with	TAF4B
TAF1L	in-complex-with	TAF4
TAF1L	in-complex-with	TAF5
TAF1L	in-complex-with	TAF6
TAF1L	in-complex-with	TAF7L
TAF1L	in-complex-with	TAF7
TAF1L	in-complex-with	TAF9B
TAF1L	in-complex-with	TAF9
TAF1L	in-complex-with	TBP
TAF1L	controls-phosphorylation-of	TP53
TAF1L	controls-state-change-of	TP53
TAF1	in-complex-with	TAF10
TAF1	in-complex-with	TAF11
TAF1	in-complex-with	TAF12
TAF1	in-complex-with	TAF13
TAF1	in-complex-with	TAF15
TAF1	in-complex-with	TAF2
TAF1	in-complex-with	TAF3
TAF1	in-complex-with	TAF4B
TAF1	in-complex-with	TAF4
TAF1	in-complex-with	TAF5
TAF1	in-complex-with	TAF6
TAF1	in-complex-with	TAF7L
TAF1	in-complex-with	TAF7
TAF1	in-complex-with	TAF9B
TAF1	in-complex-with	TAF9
TAF1	in-complex-with	TBP
TAF1	controls-phosphorylation-of	TP53
TAF1	controls-state-change-of	TP53
TAF2	in-complex-with	TAF3
TAF2	in-complex-with	TAF4B
TAF2	in-complex-with	TAF4
TAF2	in-complex-with	TAF5
TAF2	in-complex-with	TAF6
TAF2	in-complex-with	TAF7L
TAF2	in-complex-with	TAF7
TAF2	in-complex-with	TAF9B
TAF2	in-complex-with	TAF9
TAF2	in-complex-with	TBP
TAF2	controls-phosphorylation-of	TP53
TAF2	controls-state-change-of	TP53
TAF3	in-complex-with	TAF4B
TAF3	in-complex-with	TAF4
TAF3	in-complex-with	TAF5
TAF3	in-complex-with	TAF6
TAF3	in-complex-with	TAF7L
TAF3	in-complex-with	TAF7
TAF3	in-complex-with	TAF9B
TAF3	in-complex-with	TAF9
TAF3	in-complex-with	TBP
TAF3	controls-phosphorylation-of	TP53
TAF3	controls-state-change-of	TP53
TAF4B	in-complex-with	TAF5
TAF4B	in-complex-with	TAF6
TAF4B	in-complex-with	TAF7L
TAF4B	in-complex-with	TAF7
TAF4B	in-complex-with	TAF9B
TAF4B	in-complex-with	TAF9
TAF4B	in-complex-with	TBP
TAF4B	controls-phosphorylation-of	TP53
TAF4B	controls-state-change-of	TP53
TAF4	in-complex-with	TAF4B
TAF4	in-complex-with	TAF5
TAF4	in-complex-with	TAF6
TAF4	in-complex-with	TAF7L
TAF4	in-complex-with	TAF7
TAF4	in-complex-with	TAF9B
TAF4	in-complex-with	TAF9
TAF4	in-complex-with	TBP
TAF4	controls-phosphorylation-of	TP53
TAF4	controls-state-change-of	TP53
TAF5	in-complex-with	TAF6
TAF5	in-complex-with	TAF7L
TAF5	in-complex-with	TAF7
TAF5	in-complex-with	TAF9B
TAF5	in-complex-with	TAF9
TAF5	in-complex-with	TBP
TAF5	controls-phosphorylation-of	TP53
TAF5	controls-state-change-of	TP53
TAF6	in-complex-with	TAF7L
TAF6	in-complex-with	TAF7
TAF6	in-complex-with	TAF9B
TAF6	in-complex-with	TAF9
TAF6	in-complex-with	TBP
TAF6	controls-phosphorylation-of	TP53
TAF6	controls-state-change-of	TP53
TAF7L	in-complex-with	TAF9B
TAF7L	in-complex-with	TAF9
TAF7L	in-complex-with	TBP
TAF7L	controls-phosphorylation-of	TP53
TAF7L	controls-state-change-of	TP53
TAF7	in-complex-with	TAF9B
TAF7	in-complex-with	TAF9
TAF7	in-complex-with	TBP
TAF7	controls-phosphorylation-of	TP53
TAF7	controls-state-change-of	TP53
TAF9B	in-complex-with	TBP
TAF9B	controls-phosphorylation-of	TP53
TAF9B	controls-state-change-of	TP53
TAF9	in-complex-with	TAF9B
TAF9	in-complex-with	TBP
TAF9	controls-phosphorylation-of	TP53
TAF9	controls-state-change-of	TP53
TBP	controls-phosphorylation-of	TP53
TBP	controls-state-change-of	TP53
TCEA1	controls-expression-of	ATM
TCEA1	controls-expression-of	ATR
TCEA1	controls-expression-of	BRCA1
TCEA1	controls-expression-of	CHEK1
TCEA1	controls-expression-of	FANCD2
TCEA1	controls-expression-of	FANCI
TCEA1	controls-expression-of	MDC1
TCEA1	controls-state-change-of	POLR2A
TCEA1	controls-expression-of	RAD51D
TFDP1	controls-expression-of	CDC25C
TFDP1	in-complex-with	TP53
TFDP2	controls-expression-of	CDC25C
TFDP2	in-complex-with	TP53
TIGAR	catalysis-precedes	GPI
TIGAR	controls-production-of	chebi:57634
TNRC6A	controls-expression-of	PTEN
TNRC6B	controls-expression-of	PTEN
TNRC6C	controls-expression-of	PTEN
TOP3A	in-complex-with	TOPBP1
TOP3A	controls-phosphorylation-of	TP53
TOP3A	controls-state-change-of	TP53
TOPBP1	controls-phosphorylation-of	TP53
TOPBP1	controls-state-change-of	TP53
TOPBP1	in-complex-with	WRN
TP53	controls-expression-of	AIFM2
TP53	controls-expression-of	APAF1
TP53	controls-expression-of	ARID3A
TP53	controls-expression-of	BAX
TP53	controls-expression-of	BBC3
TP53	controls-expression-of	BCL2L14
TP53	controls-expression-of	BCL6
TP53	controls-expression-of	BID
TP53	controls-expression-of	BIRC5
TP53	controls-expression-of	BNIP3L
TP53BP2	controls-expression-of	BAX
TP53BP2	controls-expression-of	BBC3
TP53BP2	controls-expression-of	FAS
TP53BP2	controls-expression-of	TP53I3
TP53BP2	in-complex-with	TP63
TP53BP2	in-complex-with	TP73
TP53	controls-expression-of	BTG2
TP53	controls-expression-of	CASP10
TP53	controls-expression-of	CASP1
TP53	controls-expression-of	CASP6
TP53	controls-expression-of	CCNG1
TP53	controls-expression-of	CCNK
TP53	controls-expression-of	CDC25C
TP53	controls-expression-of	DDB2
TP53	controls-expression-of	DDIT4
TP53	controls-expression-of	E2F7
TP53	controls-expression-of	FANCC
TP53	controls-expression-of	FAS
TP53	controls-expression-of	GADD45A
TP53I3	controls-production-of	chebi:15817
TP53	controls-expression-of	IGFBP3
TP53INP1	controls-state-change-of	TP53
TP53	controls-expression-of	MDM2
TP53	controls-expression-of	MLH1
TP53	controls-expression-of	MSH2
TP53	controls-expression-of	NDRG1
TP53	controls-expression-of	NLRC4
TP53	controls-state-change-of	NUAK1
TP53	controls-expression-of	PCBP4
TP53	controls-expression-of	PERP
TP53	controls-expression-of	PIDD1
TP53	controls-expression-of	PLAGL1
TP53	controls-expression-of	PLK2
TP53	controls-expression-of	PLK3
TP53	controls-expression-of	PMAIP1
TP53	controls-expression-of	PMS2
TP53	controls-expression-of	PRDM1
TP53	controls-expression-of	RABGGTA
TP53	controls-expression-of	RGCC
TP53RK	controls-phosphorylation-of	TP53
TP53RK	controls-state-change-of	TP53
TP53	controls-expression-of	RRM2B
TP53	controls-expression-of	SCO2
TP53	controls-expression-of	SFN
TP53	controls-expression-of	STEAP3
TP53	controls-expression-of	TIGAR
TP53	controls-expression-of	TNFRSF10A
TP53	controls-expression-of	TNFRSF10B
TP53	controls-expression-of	TNFRSF10C
TP53	controls-expression-of	TNFRSF10D
TP53	controls-expression-of	TP53AIP1
TP53	in-complex-with	TP53BP2
TP53	controls-expression-of	TP53I3
TP53	controls-expression-of	TP53INP1
TP53	in-complex-with	TP53INP1
TP53	controls-expression-of	TRIAP1
TP53	in-complex-with	TTC5
TP53	controls-expression-of	ZNF385A
TP53	in-complex-with	ZNF385A
TP63	controls-expression-of	BAX
TP63	controls-expression-of	BBC3
TP63	controls-expression-of	CASP1
TP63	controls-expression-of	DDIT4
TP63	controls-expression-of	FAS
TP63	controls-expression-of	PERP
TP63	controls-expression-of	TP53I3
TP73	controls-expression-of	BAX
TP73	controls-expression-of	BBC3
TP73	controls-expression-of	CASP1
TP73	controls-expression-of	FAS
TP73	controls-expression-of	TP53I3
TPX2	controls-phosphorylation-of	TP53
TPX2	controls-state-change-of	TP53
TRIAP1	controls-transport-of-chemical	chebi:57739
TSC1	controls-state-change-of	LAMTOR1
TSC1	controls-state-change-of	LAMTOR2
TSC1	controls-state-change-of	LAMTOR3
TSC1	controls-state-change-of	LAMTOR4
TSC1	controls-state-change-of	LAMTOR5
TSC1	controls-state-change-of	MLST8
TSC1	controls-state-change-of	MTOR
TSC1	controls-state-change-of	RHEB
TSC1	controls-state-change-of	RPTOR
TSC1	controls-state-change-of	RRAGA
TSC1	controls-state-change-of	RRAGB
TSC1	controls-state-change-of	RRAGC
TSC1	controls-state-change-of	RRAGD
TSC1	controls-state-change-of	SLC38A9
TSC1	in-complex-with	TSC2
TSC2	controls-state-change-of	LAMTOR1
TSC2	controls-state-change-of	LAMTOR2
TSC2	controls-state-change-of	LAMTOR3
TSC2	controls-state-change-of	LAMTOR4
TSC2	controls-state-change-of	LAMTOR5
TSC2	controls-state-change-of	MLST8
TSC2	controls-state-change-of	MTOR
TSC2	controls-state-change-of	RHEB
TSC2	controls-state-change-of	RPTOR
TSC2	controls-state-change-of	RRAGA
TSC2	controls-state-change-of	RRAGB
TSC2	controls-state-change-of	RRAGC
TSC2	controls-state-change-of	RRAGD
TSC2	controls-state-change-of	SLC38A9
TSC2	in-complex-with	YWHAB
TSC2	in-complex-with	YWHAE
TSC2	in-complex-with	YWHAG
TSC2	in-complex-with	YWHAH
TSC2	in-complex-with	YWHAQ
TSC2	in-complex-with	YWHAZ
TTC5	controls-state-change-of	TP53
TXNRD1	controls-state-change-of	TXN
USP2	controls-state-change-of	MDM2
USP2	controls-state-change-of	MDM4
USP7	controls-state-change-of	MDM2
USP7	controls-state-change-of	MDM4
USP7	controls-state-change-of	TP53
WRN	controls-phosphorylation-of	TP53
WRN	controls-state-change-of	TP53
ZNF385A	controls-expression-of	SFN
ZNF420	controls-expression-of	TP53AIP1
chebi:15817	used-to-produce	chebi:18421
chebi:15817	used-to-produce	chebi:34055
chebi:16240	consumption-controlled-by	GPX2
chebi:16240	consumption-controlled-by	PRDX1
chebi:16240	consumption-controlled-by	PRDX2
chebi:16240	consumption-controlled-by	PRDX5
chebi:16240	reacts-with	chebi:57925
chebi:16240	used-to-produce	chebi:58297
chebi:17245	chemical-affects	COX4I1
chebi:17245	chemical-affects	COX5A
chebi:17245	chemical-affects	COX5B
chebi:17245	chemical-affects	COX6A1
chebi:17245	chemical-affects	COX6B1
chebi:17245	chemical-affects	COX6C
chebi:17245	chemical-affects	COX7A2L
chebi:17245	chemical-affects	COX7B
chebi:17245	chemical-affects	COX7C
chebi:17245	chemical-affects	COX8A
chebi:17245	chemical-affects	COXFA4
chebi:17245	chemical-affects	CYCS
chebi:17245	chemical-affects	MT-CO1
chebi:17245	chemical-affects	MT-CO2
chebi:17245	chemical-affects	MT-CO3
chebi:28602	consumption-controlled-by	TIGAR
chebi:28602	used-to-produce	chebi:57634
chebi:28694	chemical-affects	COX4I1
chebi:28694	chemical-affects	COX5A
chebi:28694	chemical-affects	COX5B
chebi:28694	chemical-affects	COX6A1
chebi:28694	chemical-affects	COX6B1
chebi:28694	chemical-affects	COX6C
chebi:28694	chemical-affects	COX7A2L
chebi:28694	chemical-affects	COX7B
chebi:28694	chemical-affects	COX7C
chebi:28694	chemical-affects	COX8A
chebi:28694	chemical-affects	COXFA4
chebi:28694	chemical-affects	CYCS
chebi:28694	chemical-affects	MT-CO1
chebi:28694	chemical-affects	MT-CO2
chebi:28694	chemical-affects	MT-CO3
chebi:34055	consumption-controlled-by	TP53I3
chebi:34055	used-to-produce	chebi:15817
chebi:38573	consumption-controlled-by	COX11
chebi:38573	consumption-controlled-by	COX14
chebi:38573	consumption-controlled-by	COX16
chebi:38573	consumption-controlled-by	COX18
chebi:38573	consumption-controlled-by	COX19
chebi:38573	consumption-controlled-by	COX20
chebi:38573	consumption-controlled-by	COX4I1
chebi:38573	consumption-controlled-by	COX5A
chebi:38573	consumption-controlled-by	COX5B
chebi:38573	consumption-controlled-by	COX6A1
chebi:38573	consumption-controlled-by	COX6B1
chebi:38573	consumption-controlled-by	COX6C
chebi:38573	consumption-controlled-by	COX7A2L
chebi:38573	consumption-controlled-by	COX7B
chebi:38573	consumption-controlled-by	COX7C
chebi:38573	consumption-controlled-by	COX8A
chebi:38573	consumption-controlled-by	COXFA4
chebi:38573	chemical-affects	CYCS
chebi:38573	consumption-controlled-by	LRPPRC
chebi:38573	consumption-controlled-by	MT-CO1
chebi:38573	consumption-controlled-by	MT-CO2
chebi:38573	consumption-controlled-by	MT-CO3
chebi:38573	consumption-controlled-by	SCO1
chebi:38573	consumption-controlled-by	SCO2
chebi:38573	consumption-controlled-by	SURF1
chebi:38573	consumption-controlled-by	TACO1
chebi:38574	chemical-affects	CYCS
chebi:456215	chemical-affects	PRKAA1
chebi:456215	chemical-affects	PRKAA2
chebi:456215	chemical-affects	PRKAB1
chebi:456215	chemical-affects	PRKAB2
chebi:456215	chemical-affects	PRKAG1
chebi:456215	chemical-affects	PRKAG2
chebi:456215	chemical-affects	PRKAG3
chebi:456215	chemical-affects	SESN1
chebi:456215	chemical-affects	SESN2
chebi:456215	chemical-affects	SESN3
chebi:456215	chemical-affects	TP53
chebi:456215	chemical-affects	TSC1
chebi:456215	chemical-affects	TSC2
chebi:57288	used-to-produce	chebi:57287
chebi:57634	consumption-controlled-by	GPI
chebi:57634	used-to-produce	chebi:58225
chebi:57692	chemical-affects	GSR
chebi:57692	chemical-affects	TXNRD1
chebi:57692	chemical-affects	TXN
chebi:57795	chemical-affects	EP300
chebi:57795	chemical-affects	ING2
chebi:57795	consumption-controlled-by	PIP4K2A
chebi:57795	consumption-controlled-by	PIP4K2B
chebi:57795	consumption-controlled-by	PIP4K2C
chebi:57795	chemical-affects	TP53
chebi:57795	used-to-produce	chebi:58456
chebi:57836	chemical-affects	PDPK1
chebi:57836	chemical-affects	SGK1
chebi:57925	consumption-controlled-by	GPX2
chebi:57925	used-to-produce	chebi:58297
chebi:58225	consumption-controlled-by	G6PD
chebi:58225	used-to-produce	chebi:16938
chebi:58297	consumption-controlled-by	GSR
chebi:58297	used-to-produce	chebi:57925
chebi:58359	consumption-controlled-by	GLS2
chebi:58359	consumption-controlled-by	GLS
chebi:58359	used-to-produce	chebi:28938
chebi:58359	used-to-produce	chebi:29985
chebi:58456	consumption-controlled-by	PIP4P1
chebi:58456	used-to-produce	chebi:57795
chebi:59789	consumption-controlled-by	EHMT1
chebi:59789	consumption-controlled-by	EHMT2
chebi:59789	consumption-controlled-by	KMT5A
chebi:59789	consumption-controlled-by	SETD9
chebi:59789	consumption-controlled-by	SMYD2
chebi:59789	used-to-produce	chebi:57856
