"method","rank_or_metric","term_or_statistic","go_id","overlap_or_value","raw_p_value","adjusted_p_value","background","version_or_library","identifier_mapping","retrieval_completeness"
"Enrichr GO BP","1","Cellular Response to Ionizing Radiation (GO:0071479)","GO:0071479","RAD51;GADD45A;MDM2;BRCA1;BRCA2;TP53","1.1816288855494013e-13","3.603968100925674e-11","Implicit Enrichr library-specific gene universe; service did not return background size (background_size=null)","GO_Biological_Process_2025","Enrichr mapping_status=not_reported_by_enrichr; 11 unique symbols submitted","Complete returned set: 305/305; truncated=false"
"Enrichr GO BP","2","DNA Repair (GO:0006281)","GO:0006281","RAD51;GADD45A;CHEK2;CHEK1;ATM;BRCA1;BRCA2;TP53","3.9083512086853106e-13","5.960235593245099e-11","Implicit Enrichr library-specific gene universe; service did not return background size (background_size=null)","GO_Biological_Process_2025","Enrichr mapping_status=not_reported_by_enrichr; 11 unique symbols submitted","Complete returned set: 305/305; truncated=false"
"Enrichr GO BP","3","Response to Ionizing Radiation (GO:0010212)","GO:0010212","RAD51;GADD45A;ATM;BRCA1;BRCA2;TP53","7.343444707531991e-13","7.465835452657525e-11","Implicit Enrichr library-specific gene universe; service did not return background size (background_size=null)","GO_Biological_Process_2025","Enrichr mapping_status=not_reported_by_enrichr; 11 unique symbols submitted","Complete returned set: 305/305; truncated=false"
"Enrichr GO BP","4","Signal Transduction in Response to DNA Damage (GO:0042770)","GO:0042770","GADD45A;CHEK2;CHEK1;MDM2;ATM;TP53","1.5378436926629978e-12","1.1726058156555358e-10","Implicit Enrichr library-specific gene universe; service did not return background size (background_size=null)","GO_Biological_Process_2025","Enrichr mapping_status=not_reported_by_enrichr; 11 unique symbols submitted","Complete returned set: 305/305; truncated=false"
"Enrichr GO BP","5","Cellular Response to Radiation (GO:0071478)","GO:0071478","RAD51;GADD45A;BRCA1;BRCA2;TP53","2.6303302590230175e-11","1.6045014580040408e-9","Implicit Enrichr library-specific gene universe; service did not return background size (background_size=null)","GO_Biological_Process_2025","Enrichr mapping_status=not_reported_by_enrichr; 11 unique symbols submitted","Complete returned set: 305/305; truncated=false"
"Enrichr GO BP","6","Mitotic DNA Damage Checkpoint Signaling (GO:0044773)","GO:0044773","CHEK2;CHEK1;ATM;BRCA1;TP53","8.559187143520137e-11","4.3509201312894034e-9","Implicit Enrichr library-specific gene universe; service did not return background size (background_size=null)","GO_Biological_Process_2025","Enrichr mapping_status=not_reported_by_enrichr; 11 unique symbols submitted","Complete returned set: 305/305; truncated=false"
"Enrichr GO BP","7","DNA Damage Response (GO:0006974)","GO:0006974","RAD51;GADD45A;CHEK2;CHEK1;ATM;BRCA1;TP53","5.347021562149261e-10","2.3297736806507493e-8","Implicit Enrichr library-specific gene universe; service did not return background size (background_size=null)","GO_Biological_Process_2025","Enrichr mapping_status=not_reported_by_enrichr; 11 unique symbols submitted","Complete returned set: 305/305; truncated=false"
"Enrichr GO BP","8","Regulation of Cell Cycle (GO:0051726)","GO:0051726","GADD45A;CHEK1;MDM2;ATM;BRCA1;TP53","6.659559878454712e-9","2.538957203660859e-7","Implicit Enrichr library-specific gene universe; service did not return background size (background_size=null)","GO_Biological_Process_2025","Enrichr mapping_status=not_reported_by_enrichr; 11 unique symbols submitted","Complete returned set: 305/305; truncated=false"
"Enrichr GO BP","9","Intrinsic Apoptotic Signaling Pathway in Response to DNA Damage (GO:0008630)","GO:0008630","CHEK2;ATM;BRCA1;TP53","1.3223684847507812e-8","4.481359864988758e-7","Implicit Enrichr library-specific gene universe; service did not return background size (background_size=null)","GO_Biological_Process_2025","Enrichr mapping_status=not_reported_by_enrichr; 11 unique symbols submitted","Complete returned set: 305/305; truncated=false"
"Enrichr GO BP","10","Regulation of Signal Transduction by P53 Class Mediator (GO:1901796)","GO:1901796","CHEK2;CHEK1;MDM2;ATM","1.543880021409923e-8","4.7088340653002654e-7","Implicit Enrichr library-specific gene universe; service did not return background size (background_size=null)","GO_Biological_Process_2025","Enrichr mapping_status=not_reported_by_enrichr; 11 unique symbols submitted","Complete returned set: 305/305; truncated=false"
"Enrichr GO BP","11","Regulation of Cell Cycle Checkpoint (GO:1901976)","GO:1901976","RAD51;BRCA1;BRCA2","2.0369792464832213e-8","5.607998506138167e-7","Implicit Enrichr library-specific gene universe; service did not return background size (background_size=null)","GO_Biological_Process_2025","Enrichr mapping_status=not_reported_by_enrichr; 11 unique symbols submitted","Complete returned set: 305/305; truncated=false"
"Enrichr GO BP","12","Double-Strand Break Repair (GO:0006302)","GO:0006302","RAD51;CHEK2;ATM;BRCA1;BRCA2","2.206425641759279e-8","5.607998506138167e-7","Implicit Enrichr library-specific gene universe; service did not return background size (background_size=null)","GO_Biological_Process_2025","Enrichr mapping_status=not_reported_by_enrichr; 11 unique symbols submitted","Complete returned set: 305/305; truncated=false"
"Enrichr GO BP","13","Regulation of DNA Damage Checkpoint (GO:2000001)","GO:2000001","RAD51;BRCA1;BRCA2","6.90315364159031e-8","0.0000016195860466808035","Implicit Enrichr library-specific gene universe; service did not return background size (background_size=null)","GO_Biological_Process_2025","Enrichr mapping_status=not_reported_by_enrichr; 11 unique symbols submitted","Complete returned set: 305/305; truncated=false"
"Enrichr GO BP","14","Recombinational Repair (GO:0000725)","GO:0000725","RAD51;ATM;BRCA1;BRCA2","1.9671649168097368e-7","0.0000042856092830497835","Implicit Enrichr library-specific gene universe; service did not return background size (background_size=null)","GO_Biological_Process_2025","Enrichr mapping_status=not_reported_by_enrichr; 11 unique symbols submitted","Complete returned set: 305/305; truncated=false"
"Enrichr GO BP","15","Regulation of Cellular Response to Stress (GO:0080135)","GO:0080135","RAD51;ATM;BRCA1;BRCA2","2.877440043710024e-7","0.0000056218541555097835","Implicit Enrichr library-specific gene universe; service did not return background size (background_size=null)","GO_Biological_Process_2025","Enrichr mapping_status=not_reported_by_enrichr; 11 unique symbols submitted","Complete returned set: 305/305; truncated=false"
"Enrichr GO BP","16","Double-Strand Break Repair via Homologous Recombination (GO:0000724)","GO:0000724","RAD51;ATM;BRCA1;BRCA2","3.2033117663362717e-7","0.0000056218541555097835","Implicit Enrichr library-specific gene universe; service did not return background size (background_size=null)","GO_Biological_Process_2025","Enrichr mapping_status=not_reported_by_enrichr; 11 unique symbols submitted","Complete returned set: 305/305; truncated=false"
"Enrichr GO BP","17","DNA Metabolic Process (GO:0006259)","GO:0006259","RAD51;GADD45A;CHEK1;ATM;BRCA1","3.2569769976247145e-7","0.0000056218541555097835","Implicit Enrichr library-specific gene universe; service did not return background size (background_size=null)","GO_Biological_Process_2025","Enrichr mapping_status=not_reported_by_enrichr; 11 unique symbols submitted","Complete returned set: 305/305; truncated=false"
"Enrichr GO BP","18","Intrinsic Apoptotic Signaling Pathway (GO:0097193)","GO:0097193","CHEK2;ATM;BRCA1;TP53","3.317815567186102e-7","0.0000056218541555097835","Implicit Enrichr library-specific gene universe; service did not return background size (background_size=null)","GO_Biological_Process_2025","Enrichr mapping_status=not_reported_by_enrichr; 11 unique symbols submitted","Complete returned set: 305/305; truncated=false"
"Enrichr GO BP","19","Mitotic G2 DNA Damage Checkpoint Signaling (GO:0007095)","GO:0007095","CHEK1;ATM;BRCA1","4.983940965334791e-7","0.00000800053681277427","Implicit Enrichr library-specific gene universe; service did not return background size (background_size=null)","GO_Biological_Process_2025","Enrichr mapping_status=not_reported_by_enrichr; 11 unique symbols submitted","Complete returned set: 305/305; truncated=false"
"Enrichr GO BP","20","DNA Damage Checkpoint Signaling (GO:0000077)","GO:0000077","CHEK2;CHEK1;ATM","0.0000010331048943235618","0.000015754849638434317","Implicit Enrichr library-specific gene universe; service did not return background size (background_size=null)","GO_Biological_Process_2025","Enrichr mapping_status=not_reported_by_enrichr; 11 unique symbols submitted","Complete returned set: 305/305; truncated=false"
"Enrichr GO BP","21","DNA Integrity Checkpoint Signaling (GO:0031570)","GO:0031570","CHEK2;CHEK1;ATM","0.000001980407412520879","0.000028004329193556585","Implicit Enrichr library-specific gene universe; service did not return background size (background_size=null)","GO_Biological_Process_2025","Enrichr mapping_status=not_reported_by_enrichr; 11 unique symbols submitted","Complete returned set: 305/305; truncated=false"
"Enrichr GO BP","22","Replication Fork Processing (GO:0031297)","GO:0031297","RAD51;BRCA1;BRCA2","0.000002111801873612464","0.000028004329193556585","Implicit Enrichr library-specific gene universe; service did not return background size (background_size=null)","GO_Biological_Process_2025","Enrichr mapping_status=not_reported_by_enrichr; 11 unique symbols submitted","Complete returned set: 305/305; truncated=false"
"Enrichr GO BP","23","Mitotic G2/M Transition Checkpoint (GO:0044818)","GO:0044818","CHEK1;ATM;BRCA1","0.000002111801873612464","0.000028004329193556585","Implicit Enrichr library-specific gene universe; service did not return background size (background_size=null)","GO_Biological_Process_2025","Enrichr mapping_status=not_reported_by_enrichr; 11 unique symbols submitted","Complete returned set: 305/305; truncated=false"
"Enrichr GO BP","24","Regulation of Reactive Oxygen Species Metabolic Process (GO:2000377)","GO:2000377","GADD45A;BRCA1;TP53","0.000004377207796268003","0.000055627015744239206","Implicit Enrichr library-specific gene universe; service did not return background size (background_size=null)","GO_Biological_Process_2025","Enrichr mapping_status=not_reported_by_enrichr; 11 unique symbols submitted","Complete returned set: 305/305; truncated=false"
"Enrichr GO BP","25","Regulation of Catabolic Process (GO:0009894)","GO:0009894","CHEK2;MDM2;ATM","0.000010314787736795368","0.00012584041038890347","Implicit Enrichr library-specific gene universe; service did not return background size (background_size=null)","GO_Biological_Process_2025","Enrichr mapping_status=not_reported_by_enrichr; 11 unique symbols submitted","Complete returned set: 305/305; truncated=false"
"Enrichr GO BP","26","Regulation of Double-Strand Break Repair (GO:2000779)","GO:2000779","RAD51;CHEK1;ATM","0.000014642941013790878","0.0001717729618925468","Implicit Enrichr library-specific gene universe; service did not return background size (background_size=null)","GO_Biological_Process_2025","Enrichr mapping_status=not_reported_by_enrichr; 11 unique symbols submitted","Complete returned set: 305/305; truncated=false"
"Enrichr GO BP","27","Cellular Response to Gamma Radiation (GO:0071480)","GO:0071480","MDM2;TP53","0.00003286162327694617","0.00037121463331365117","Implicit Enrichr library-specific gene universe; service did not return background size (background_size=null)","GO_Biological_Process_2025","Enrichr mapping_status=not_reported_by_enrichr; 11 unique symbols submitted","Complete returned set: 305/305; truncated=false"
"Enrichr GO BP","28","Regulation of Vacuole Organization (GO:0044088)","GO:0044088","CHEK2;ATM","0.0000574219267049387","0.0006039202636209071","Implicit Enrichr library-specific gene universe; service did not return background size (background_size=null)","GO_Biological_Process_2025","Enrichr mapping_status=not_reported_by_enrichr; 11 unique symbols submitted","Complete returned set: 305/305; truncated=false"
"Enrichr GO BP","29","Response to Gamma Radiation (GO:0010332)","GO:0010332","MDM2;TP53","0.0000574219267049387","0.0006039202636209071","Implicit Enrichr library-specific gene universe; service did not return background size (background_size=null)","GO_Biological_Process_2025","Enrichr mapping_status=not_reported_by_enrichr; 11 unique symbols submitted","Complete returned set: 305/305; truncated=false"
"Enrichr GO BP","30","Mitotic Cell Cycle Checkpoint Signaling (GO:0007093)","GO:0007093","CHEK1;BRCA1","0.00008873438171949139","0.0009021328808148291","Implicit Enrichr library-specific gene universe; service did not return background size (background_size=null)","GO_Biological_Process_2025","Enrichr mapping_status=not_reported_by_enrichr; 11 unique symbols submitted","Complete returned set: 305/305; truncated=false"
"Enrichr GO BP","31","Cellular Response to Nitrogen Compound (GO:1901699)","GO:1901699","MDM2;BRCA1;TP53","0.00009304295133509273","0.0009154225857162349","Implicit Enrichr library-specific gene universe; service did not return background size (background_size=null)","GO_Biological_Process_2025","Enrichr mapping_status=not_reported_by_enrichr; 11 unique symbols submitted","Complete returned set: 305/305; truncated=false"
"Enrichr GO BP","32","DNA Damage Response, Signal Transduction by P53 Class Mediator (GO:0030330)","GO:0030330","MDM2;TP53","0.00013517920606612052","0.0012884268078177112","Implicit Enrichr library-specific gene universe; service did not return background size (background_size=null)","GO_Biological_Process_2025","Enrichr mapping_status=not_reported_by_enrichr; 11 unique symbols submitted","Complete returned set: 305/305; truncated=false"
"Enrichr GO BP","33","Negative Regulation of G2/M Transition of Mitotic Cell Cycle (GO:0010972)","GO:0010972","CHEK1;BRCA1","0.00014385734571119708","0.001329590619451973","Implicit Enrichr library-specific gene universe; service did not return background size (background_size=null)","GO_Biological_Process_2025","Enrichr mapping_status=not_reported_by_enrichr; 11 unique symbols submitted","Complete returned set: 305/305; truncated=false"
"Enrichr GO BP","34","Regulation of DNA Damage Response, Signal Transduction by P53 Class Mediator (GO:0043516)","GO:0043516","MDM2;ATM","0.00015280264738462226","0.001370729630950288","Implicit Enrichr library-specific gene universe; service did not return background size (background_size=null)","GO_Biological_Process_2025","Enrichr mapping_status=not_reported_by_enrichr; 11 unique symbols submitted","Complete returned set: 305/305; truncated=false"
"Enrichr GO BP","35","Positive Regulation of RNA Biosynthetic Process (GO:1902680)","GO:1902680","CHEK2;BRCA1;BRCA2;TP53","0.00016572762876068288","0.0014441979077716648","Implicit Enrichr library-specific gene universe; service did not return background size (background_size=null)","GO_Biological_Process_2025","Enrichr mapping_status=not_reported_by_enrichr; 11 unique symbols submitted","Complete returned set: 305/305; truncated=false"
"Enrichr GO BP","36","Negative Regulation of Cell Cycle Process (GO:0010948)","GO:0010948","CHEK1;TP53","0.0001714937660463913","0.001452933295670815","Implicit Enrichr library-specific gene universe; service did not return background size (background_size=null)","GO_Biological_Process_2025","Enrichr mapping_status=not_reported_by_enrichr; 11 unique symbols submitted","Complete returned set: 305/305; truncated=false"
"Enrichr GO BP","37","Regulation of Gene Expression (GO:0010468)","GO:0010468","CHEK2;ATM;BRCA1;BRCA2;TP53","0.0001954803791669372","0.0016113923147544826","Implicit Enrichr library-specific gene universe; service did not return background size (background_size=null)","GO_Biological_Process_2025","Enrichr mapping_status=not_reported_by_enrichr; 11 unique symbols submitted","Complete returned set: 305/305; truncated=false"
"Enrichr GO BP","38","Regulation of DNA Recombination (GO:0000018)","GO:0000018","RAD51;CHEK1","0.000212071277436947","0.001702151042586022","Implicit Enrichr library-specific gene universe; service did not return background size (background_size=null)","GO_Biological_Process_2025","Enrichr mapping_status=not_reported_by_enrichr; 11 unique symbols submitted","Complete returned set: 305/305; truncated=false"
"Enrichr GO BP","39","Apoptotic Process (GO:0006915)","GO:0006915","GADD45A;CHEK1;MDM2","0.00023733376360016633","0.0018221710531276308","Implicit Enrichr library-specific gene universe; service did not return background size (background_size=null)","GO_Biological_Process_2025","Enrichr mapping_status=not_reported_by_enrichr; 11 unique symbols submitted","Complete returned set: 305/305; truncated=false"
"Enrichr GO BP","40","DNA Recombination (GO:0006310)","GO:0006310","RAD51;BRCA1","0.00024529265118944116","0.0018221710531276308","Implicit Enrichr library-specific gene universe; service did not return background size (background_size=null)","GO_Biological_Process_2025","Enrichr mapping_status=not_reported_by_enrichr; 11 unique symbols submitted","Complete returned set: 305/305; truncated=false"
"Enrichr GO BP","41","Positive Regulation of Cellular Process (GO:0048522)","GO:0048522","CHEK1;MDM2;ATM;TP53","0.0002568031969686043","0.0018221710531276308","Implicit Enrichr library-specific gene universe; service did not return background size (background_size=null)","GO_Biological_Process_2025","Enrichr mapping_status=not_reported_by_enrichr; 11 unique symbols submitted","Complete returned set: 305/305; truncated=false"
"Enrichr GO BP","42","Regulation of Telomere Maintenance via Telomerase (GO:0032210)","GO:0032210","ATM;TP53","0.0002568962468343873","0.0018221710531276308","Implicit Enrichr library-specific gene universe; service did not return background size (background_size=null)","GO_Biological_Process_2025","Enrichr mapping_status=not_reported_by_enrichr; 11 unique symbols submitted","Complete returned set: 305/305; truncated=false"
"Enrichr GO BP","43","Regulation of Autophagosome Assembly (GO:2000785)","GO:2000785","CHEK2;ATM","0.0002568962468343873","0.0018221710531276308","Implicit Enrichr library-specific gene universe; service did not return background size (background_size=null)","GO_Biological_Process_2025","Enrichr mapping_status=not_reported_by_enrichr; 11 unique symbols submitted","Complete returned set: 305/305; truncated=false"
"Enrichr GO BP","44","Positive Regulation of Programmed Cell Death (GO:0043068)","GO:0043068","GADD45A;ATM;TP53","0.0002887494334416459","0.0020015585727205","Implicit Enrichr library-specific gene universe; service did not return background size (background_size=null)","GO_Biological_Process_2025","Enrichr mapping_status=not_reported_by_enrichr; 11 unique symbols submitted","Complete returned set: 305/305; truncated=false"
"Enrichr GO BP","45","Positive Regulation of DNA-templated Transcription (GO:0045893)","GO:0045893","CHEK2;ATM;BRCA1;BRCA2;TP53","0.00034762444730636517","0.0023229932557919477","Implicit Enrichr library-specific gene universe; service did not return background size (background_size=null)","GO_Biological_Process_2025","Enrichr mapping_status=not_reported_by_enrichr; 11 unique symbols submitted","Complete returned set: 305/305; truncated=false"
"Enrichr GO BP","46","Positive Regulation of Reactive Oxygen Species Metabolic Process (GO:2000379)","GO:2000379","GADD45A;TP53","0.00035922676978951407","0.0023229932557919477","Implicit Enrichr library-specific gene universe; service did not return background size (background_size=null)","GO_Biological_Process_2025","Enrichr mapping_status=not_reported_by_enrichr; 11 unique symbols submitted","Complete returned set: 305/305; truncated=false"
"Enrichr GO BP","47","Signal Transduction by P53 Class Mediator (GO:0072331)","GO:0072331","MDM2;TP53","0.00035922676978951407","0.0023229932557919477","Implicit Enrichr library-specific gene universe; service did not return background size (background_size=null)","GO_Biological_Process_2025","Enrichr mapping_status=not_reported_by_enrichr; 11 unique symbols submitted","Complete returned set: 305/305; truncated=false"
"Enrichr GO BP","48","Nucleotide-Excision Repair (GO:0006289)","GO:0006289","BRCA2;TP53","0.00037320219519280473","0.0023229932557919477","Implicit Enrichr library-specific gene universe; service did not return background size (background_size=null)","GO_Biological_Process_2025","Enrichr mapping_status=not_reported_by_enrichr; 11 unique symbols submitted","Complete returned set: 305/305; truncated=false"
"Enrichr GO BP","49","Cellular Response to Mechanical Stimulus (GO:0071260)","GO:0071260","GADD45A;CHEK1","0.00037320219519280473","0.0023229932557919477","Implicit Enrichr library-specific gene universe; service did not return background size (background_size=null)","GO_Biological_Process_2025","Enrichr mapping_status=not_reported_by_enrichr; 11 unique symbols submitted","Complete returned set: 305/305; truncated=false"
"Enrichr GO BP","50","Regulation of Apoptotic Process (GO:0042981)","GO:0042981","GADD45A;MDM2;ATM;TP53","0.0004121433110256471","0.002492038504157485","Implicit Enrichr library-specific gene universe; service did not return background size (background_size=null)","GO_Biological_Process_2025","Enrichr mapping_status=not_reported_by_enrichr; 11 unique symbols submitted","Complete returned set: 305/305; truncated=false"
"Enrichr GO BP","51","Cellular Response to Alcohol (GO:0097306)","GO:0097306","RAD51;BRCA1","0.00041670152036731717","0.002492038504157485","Implicit Enrichr library-specific gene universe; service did not return background size (background_size=null)","GO_Biological_Process_2025","Enrichr mapping_status=not_reported_by_enrichr; 11 unique symbols submitted","Complete returned set: 305/305; truncated=false"
"Enrichr GO BP","52","Positive Regulation of Cell Cycle (GO:0045787)","GO:0045787","CHEK1;MDM2","0.00047836212312948043","0.0028057778375863754","Implicit Enrichr library-specific gene universe; service did not return background size (background_size=null)","GO_Biological_Process_2025","Enrichr mapping_status=not_reported_by_enrichr; 11 unique symbols submitted","Complete returned set: 305/305; truncated=false"
"Enrichr GO BP","53","Phosphorylation (GO:0016310)","GO:0016310","CHEK2;CHEK1;ATM","0.0004944843358391435","0.0028456174043573353","Implicit Enrichr library-specific gene universe; service did not return background size (background_size=null)","GO_Biological_Process_2025","Enrichr mapping_status=not_reported_by_enrichr; 11 unique symbols submitted","Complete returned set: 305/305; truncated=false"
"Enrichr GO BP","54","Regulation of Intracellular Signal Transduction (GO:1902531)","GO:1902531","CHEK2;CHEK1;ATM","0.000514112985760696","0.00290378630846319","Implicit Enrichr library-specific gene universe; service did not return background size (background_size=null)","GO_Biological_Process_2025","Enrichr mapping_status=not_reported_by_enrichr; 11 unique symbols submitted","Complete returned set: 305/305; truncated=false"
"Enrichr GO BP","55","Epigenetic Regulation of Gene Expression (GO:0040029)","GO:0040029","CHEK1;BRCA1","0.0005441932684144313","0.0030177990339345737","Implicit Enrichr library-specific gene universe; service did not return background size (background_size=null)","GO_Biological_Process_2025","Enrichr mapping_status=not_reported_by_enrichr; 11 unique symbols submitted","Complete returned set: 305/305; truncated=false"
"Enrichr GO BP","56","Protein Autoubiquitination (GO:0051865)","GO:0051865","MDM2;BRCA1","0.0005613009114282874","0.0030535590463887413","Implicit Enrichr library-specific gene universe; service did not return background size (background_size=null)","GO_Biological_Process_2025","Enrichr mapping_status=not_reported_by_enrichr; 11 unique symbols submitted","Complete returned set: 305/305; truncated=false"
"Enrichr GO BP","57","Positive Regulation of Apoptotic Process (GO:0043065)","GO:0043065","GADD45A;ATM;TP53","0.0005706651332595353","0.0030535590463887413","Implicit Enrichr library-specific gene universe; service did not return background size (background_size=null)","GO_Biological_Process_2025","Enrichr mapping_status=not_reported_by_enrichr; 11 unique symbols submitted","Complete returned set: 305/305; truncated=false"
"Enrichr GO BP","58","Telomere Maintenance (GO:0000723)","GO:0000723","RAD51;ATM","0.0006883061323478026","0.0036195408683806865","Implicit Enrichr library-specific gene universe; service did not return background size (background_size=null)","GO_Biological_Process_2025","Enrichr mapping_status=not_reported_by_enrichr; 11 unique symbols submitted","Complete returned set: 305/305; truncated=false"
"Enrichr GO BP","59","Cellular Response to Hypoxia (GO:0071456)","GO:0071456","MDM2;TP53","0.000786762964181551","0.004067164475853781","Implicit Enrichr library-specific gene universe; service did not return background size (background_size=null)","GO_Biological_Process_2025","Enrichr mapping_status=not_reported_by_enrichr; 11 unique symbols submitted","Complete returned set: 305/305; truncated=false"
"Enrichr GO BP","60","Cellular Response to Decreased Oxygen Levels (GO:0036294)","GO:0036294","MDM2;TP53","0.0008072251304274173","0.004103394413006038","Implicit Enrichr library-specific gene universe; service did not return background size (background_size=null)","GO_Biological_Process_2025","Enrichr mapping_status=not_reported_by_enrichr; 11 unique symbols submitted","Complete returned set: 305/305; truncated=false"
"Enrichr GO BP","61","Positive Regulation of Macromolecule Biosynthetic Process (GO:0010557)","GO:0010557","ATM;BRCA1;TP53","0.0008230384224842788","0.0041151921124213935","Implicit Enrichr library-specific gene universe; service did not return background size (background_size=null)","GO_Biological_Process_2025","Enrichr mapping_status=not_reported_by_enrichr; 11 unique symbols submitted","Complete returned set: 305/305; truncated=false"
"Enrichr GO BP","62","Regulation of Double-Strand Break Repair via Homologous Recombination (GO:0010569)","GO:0010569","RAD51;CHEK1","0.0008489183706752518","0.0041761306944508355","Implicit Enrichr library-specific gene universe; service did not return background size (background_size=null)","GO_Biological_Process_2025","Enrichr mapping_status=not_reported_by_enrichr; 11 unique symbols submitted","Complete returned set: 305/305; truncated=false"
"Enrichr GO BP","63","Protein Phosphorylation (GO:0006468)","GO:0006468","CHEK2;CHEK1;ATM","0.0009498989141878284","0.0045987169655125025","Implicit Enrichr library-specific gene universe; service did not return background size (background_size=null)","GO_Biological_Process_2025","Enrichr mapping_status=not_reported_by_enrichr; 11 unique symbols submitted","Complete returned set: 305/305; truncated=false"
"Enrichr GO BP","64","Regulation of Organelle Assembly (GO:1902115)","GO:1902115","CHEK2;ATM","0.0009801323593554442","0.004670943275053289","Implicit Enrichr library-specific gene universe; service did not return background size (background_size=null)","GO_Biological_Process_2025","Enrichr mapping_status=not_reported_by_enrichr; 11 unique symbols submitted","Complete returned set: 305/305; truncated=false"
"Enrichr GO BP","65","Cellular Response to Tumor Necrosis Factor (GO:0071356)","GO:0071356","BRCA1;TP53","0.001002893463632885","0.004705884713969692","Implicit Enrichr library-specific gene universe; service did not return background size (background_size=null)","GO_Biological_Process_2025","Enrichr mapping_status=not_reported_by_enrichr; 11 unique symbols submitted","Complete returned set: 305/305; truncated=false"
"Enrichr GO BP","66","Cellular Response to Oxygen-Containing Compound (GO:1901701)","GO:1901701","MDM2;ATM;TP53","0.0010332398906773167","0.004774820706917903","Implicit Enrichr library-specific gene universe; service did not return background size (background_size=null)","GO_Biological_Process_2025","Enrichr mapping_status=not_reported_by_enrichr; 11 unique symbols submitted","Complete returned set: 305/305; truncated=false"
"Enrichr GO BP","67","Positive Regulation of DNA Repair (GO:0045739)","GO:0045739","ATM;BRCA1","0.0011447913297592018","0.005134725817302302","Implicit Enrichr library-specific gene universe; service did not return background size (background_size=null)","GO_Biological_Process_2025","Enrichr mapping_status=not_reported_by_enrichr; 11 unique symbols submitted","Complete returned set: 305/305; truncated=false"
"Enrichr GO BP","68","Regulation of Protein Metabolic Process (GO:0051246)","GO:0051246","CHEK2;MDM2","0.0011447913297592018","0.005134725817302302","Implicit Enrichr library-specific gene universe; service did not return background size (background_size=null)","GO_Biological_Process_2025","Enrichr mapping_status=not_reported_by_enrichr; 11 unique symbols submitted","Complete returned set: 305/305; truncated=false"
"Enrichr GO BP","69","Positive Regulation of Protein-Containing Complex Assembly (GO:0031334)","GO:0031334","ATM;TP53","0.0014558446451528107","0.00643525531553054","Implicit Enrichr library-specific gene universe; service did not return background size (background_size=null)","GO_Biological_Process_2025","Enrichr mapping_status=not_reported_by_enrichr; 11 unique symbols submitted","Complete returned set: 305/305; truncated=false"
"Enrichr GO BP","70","Positive Regulation of Gene Expression (GO:0010628)","GO:0010628","ATM;BRCA1;TP53","0.001490195790165633","0.006491768038909022","Implicit Enrichr library-specific gene universe; service did not return background size (background_size=null)","GO_Biological_Process_2025","Enrichr mapping_status=not_reported_by_enrichr; 11 unique symbols submitted","Complete returned set: 305/305; truncated=false"
"Enrichr GO BP","71","Protein Catabolic Process (GO:0030163)","GO:0030163","CHEK2;MDM2","0.0015111984615165264","0.006491768038909022","Implicit Enrichr library-specific gene universe; service did not return background size (background_size=null)","GO_Biological_Process_2025","Enrichr mapping_status=not_reported_by_enrichr; 11 unique symbols submitted","Complete returned set: 305/305; truncated=false"
"Enrichr GO BP","72","Negative Regulation of DNA-templated Transcription (GO:0045892)","GO:0045892","GADD45A;MDM2;BRCA1;TP53","0.0015797571153999793","0.00666863911428307","Implicit Enrichr library-specific gene universe; service did not return background size (background_size=null)","GO_Biological_Process_2025","Enrichr mapping_status=not_reported_by_enrichr; 11 unique symbols submitted","Complete returned set: 305/305; truncated=false"
"Enrichr GO BP","73","Negative Regulation of Gene Expression, Epigenetic (GO:0045814)","GO:0045814","CHEK1;BRCA1","0.00159610050932021","0.00666863911428307","Implicit Enrichr library-specific gene universe; service did not return background size (background_size=null)","GO_Biological_Process_2025","Enrichr mapping_status=not_reported_by_enrichr; 11 unique symbols submitted","Complete returned set: 305/305; truncated=false"
"Enrichr GO BP","74","Negative Regulation of Growth (GO:0045926)","GO:0045926","BRCA1;TP53","0.0017425786577592239","0.007182249873196801","Implicit Enrichr library-specific gene universe; service did not return background size (background_size=null)","GO_Biological_Process_2025","Enrichr mapping_status=not_reported_by_enrichr; 11 unique symbols submitted","Complete returned set: 305/305; truncated=false"
"Enrichr GO BP","75","Regulation of RNA Biosynthetic Process (GO:2001141)","GO:2001141","CHEK2;BRCA2;TP53","0.001792741944453392","0.007290483907443794","Implicit Enrichr library-specific gene universe; service did not return background size (background_size=null)","GO_Biological_Process_2025","Enrichr mapping_status=not_reported_by_enrichr; 11 unique symbols submitted","Complete returned set: 305/305; truncated=false"
"Enrichr GO BP","76","Negative Regulation of RNA Biosynthetic Process (GO:1902679)","GO:1902679","MDM2;BRCA1;TP53","0.001848523399047443","0.007418416272493029","Implicit Enrichr library-specific gene universe; service did not return background size (background_size=null)","GO_Biological_Process_2025","Enrichr mapping_status=not_reported_by_enrichr; 11 unique symbols submitted","Complete returned set: 305/305; truncated=false"
"Enrichr GO BP","77","Cellular Response to Oxidative Stress (GO:0034599)","GO:0034599","ATM;TP53","0.0019265251216805841","0.007533207206571514","Implicit Enrichr library-specific gene universe; service did not return background size (background_size=null)","GO_Biological_Process_2025","Enrichr mapping_status=not_reported_by_enrichr; 11 unique symbols submitted","Complete returned set: 305/305; truncated=false"
"Enrichr GO BP","78","Negative Regulation of Cell Growth (GO:0030308)","GO:0030308","BRCA1;TP53","0.0019265251216805841","0.007533207206571514","Implicit Enrichr library-specific gene universe; service did not return background size (background_size=null)","GO_Biological_Process_2025","Enrichr mapping_status=not_reported_by_enrichr; 11 unique symbols submitted","Complete returned set: 305/305; truncated=false"
"Enrichr GO BP","79","Protein-Containing Complex Organization (GO:0043933)","GO:0043933","MDM2;TP53","0.001989813866519725","0.007682192775804002","Implicit Enrichr library-specific gene universe; service did not return background size (background_size=null)","GO_Biological_Process_2025","Enrichr mapping_status=not_reported_by_enrichr; 11 unique symbols submitted","Complete returned set: 305/305; truncated=false"
"Enrichr GO BP","80","Regulation of Protein Catabolic Process (GO:0042176)","GO:0042176","CHEK2;MDM2","0.002185574097671191","0.008332501247371416","Implicit Enrichr library-specific gene universe; service did not return background size (background_size=null)","GO_Biological_Process_2025","Enrichr mapping_status=not_reported_by_enrichr; 11 unique symbols submitted","Complete returned set: 305/305; truncated=false"
"Enrichr GO BP","81","Protein Autophosphorylation (GO:0046777)","GO:0046777","CHEK2;ATM","0.002567294135666666","0.00966697174541152","Implicit Enrichr library-specific gene universe; service did not return background size (background_size=null)","GO_Biological_Process_2025","Enrichr mapping_status=not_reported_by_enrichr; 11 unique symbols submitted","Complete returned set: 305/305; truncated=false"
"Enrichr GO BP","82","Establishment of Protein Localization to Telomere (GO:0070200)","GO:0070200","BRCA2","0.002747205358336921","0.009974971836818582","Implicit Enrichr library-specific gene universe; service did not return background size (background_size=null)","GO_Biological_Process_2025","Enrichr mapping_status=not_reported_by_enrichr; 11 unique symbols submitted","Complete returned set: 305/305; truncated=false"
"Enrichr GO BP","83","Regulation of Pentose-Phosphate Shunt (GO:0043456)","GO:0043456","TP53","0.002747205358336921","0.009974971836818582","Implicit Enrichr library-specific gene universe; service did not return background size (background_size=null)","GO_Biological_Process_2025","Enrichr mapping_status=not_reported_by_enrichr; 11 unique symbols submitted","Complete returned set: 305/305; truncated=false"
"Enrichr GO BP","84","Double-Strand Break Repair via Synthesis-Dependent Strand Annealing (GO:0045003)","GO:0045003","RAD51","0.002747205358336921","0.009974971836818582","Implicit Enrichr library-specific gene universe; service did not return background size (background_size=null)","GO_Biological_Process_2025","Enrichr mapping_status=not_reported_by_enrichr; 11 unique symbols submitted","Complete returned set: 305/305; truncated=false"
"Enrichr GO BP","85","Protein Modification Process (GO:0036211)","GO:0036211","CHEK2;CHEK1;ATM","0.0028199035403468444","0.010020569591274656","Implicit Enrichr library-specific gene universe; service did not return background size (background_size=null)","GO_Biological_Process_2025","Enrichr mapping_status=not_reported_by_enrichr; 11 unique symbols submitted","Complete returned set: 305/305; truncated=false"
"Enrichr GO BP","86","Positive Regulation of Metabolic Process (GO:0009893)","GO:0009893","GADD45A;TP53","0.0028254720814741654","0.010020569591274656","Implicit Enrichr library-specific gene universe; service did not return background size (background_size=null)","GO_Biological_Process_2025","Enrichr mapping_status=not_reported_by_enrichr; 11 unique symbols submitted","Complete returned set: 305/305; truncated=false"
"Enrichr GO BP","87","Negative Regulation of Telomere Capping (GO:1904354)","GO:1904354","ATM","0.0032958256764104633","0.011554331394312544","Implicit Enrichr library-specific gene universe; service did not return background size (background_size=null)","GO_Biological_Process_2025","Enrichr mapping_status=not_reported_by_enrichr; 11 unique symbols submitted","Complete returned set: 305/305; truncated=false"
"Enrichr GO BP","88","Regulation of DNA-templated Transcription (GO:0006355)","GO:0006355","CHEK2;MDM2;BRCA1;BRCA2;TP53","0.0036965859436465117","0.012812030827411206","Implicit Enrichr library-specific gene universe; service did not return background size (background_size=null)","GO_Biological_Process_2025","Enrichr mapping_status=not_reported_by_enrichr; 11 unique symbols submitted","Complete returned set: 305/305; truncated=false"
"Enrichr GO BP","89","DNA Strand Resection Involved in Replication Fork Processing (GO:0110025)","GO:0110025","BRCA1","0.00384417200458596","0.012884312762623272","Implicit Enrichr library-specific gene universe; service did not return background size (background_size=null)","GO_Biological_Process_2025","Enrichr mapping_status=not_reported_by_enrichr; 11 unique symbols submitted","Complete returned set: 305/305; truncated=false"
"Enrichr GO BP","90","ER Overload Response (GO:0006983)","GO:0006983","TP53","0.00384417200458596","0.012884312762623272","Implicit Enrichr library-specific gene universe; service did not return background size (background_size=null)","GO_Biological_Process_2025","Enrichr mapping_status=not_reported_by_enrichr; 11 unique symbols submitted","Complete returned set: 305/305; truncated=false"
"Enrichr GO BP","91","Regulation of Thymocyte Apoptotic Process (GO:0070243)","GO:0070243","TP53","0.00384417200458596","0.012884312762623272","Implicit Enrichr library-specific gene universe; service did not return background size (background_size=null)","GO_Biological_Process_2025","Enrichr mapping_status=not_reported_by_enrichr; 11 unique symbols submitted","Complete returned set: 305/305; truncated=false"
"Enrichr GO BP","92","Negative Regulation of Mitotic Nuclear Division (GO:0045839)","GO:0045839","CHEK1","0.004392244396163033","0.014251431285422608","Implicit Enrichr library-specific gene universe; service did not return background size (background_size=null)","GO_Biological_Process_2025","Enrichr mapping_status=not_reported_by_enrichr; 11 unique symbols submitted","Complete returned set: 305/305; truncated=false"
"Enrichr GO BP","93","Regulation of Intrinsic Apoptotic Signaling Pathway by P53 Class Mediator (GO:1902253)","GO:1902253","MDM2","0.004392244396163033","0.014251431285422608","Implicit Enrichr library-specific gene universe; service did not return background size (background_size=null)","GO_Biological_Process_2025","Enrichr mapping_status=not_reported_by_enrichr; 11 unique symbols submitted","Complete returned set: 305/305; truncated=false"
"Enrichr GO BP","94","Regulation of Mitotic Centrosome Separation (GO:0046602)","GO:0046602","CHEK1","0.004392244396163033","0.014251431285422608","Implicit Enrichr library-specific gene universe; service did not return background size (background_size=null)","GO_Biological_Process_2025","Enrichr mapping_status=not_reported_by_enrichr; 11 unique symbols submitted","Complete returned set: 305/305; truncated=false"
"Enrichr GO BP","95","Regulation of Transcription by RNA Polymerase II (GO:0006357)","GO:0006357","GADD45A;MDM2;ATM;BRCA1;TP53","0.004620734826335185","0.014834990758234015","Implicit Enrichr library-specific gene universe; service did not return background size (background_size=null)","GO_Biological_Process_2025","Enrichr mapping_status=not_reported_by_enrichr; 11 unique symbols submitted","Complete returned set: 305/305; truncated=false"
"Enrichr GO BP","96","Regulation of Programmed Cell Death (GO:0043067)","GO:0043067","ATM;TP53","0.004909118939983431","0.015374623382635089","Implicit Enrichr library-specific gene universe; service did not return background size (background_size=null)","GO_Biological_Process_2025","Enrichr mapping_status=not_reported_by_enrichr; 11 unique symbols submitted","Complete returned set: 305/305; truncated=false"
"Enrichr GO BP","97","Negative Regulation of Peptidyl-Serine Phosphorylation (GO:0033137)","GO:0033137","GADD45A","0.0049400429229450454","0.015374623382635089","Implicit Enrichr library-specific gene universe; service did not return background size (background_size=null)","GO_Biological_Process_2025","Enrichr mapping_status=not_reported_by_enrichr; 11 unique symbols submitted","Complete returned set: 305/305; truncated=false"
"Enrichr GO BP","98","Hematopoietic Stem Cell Differentiation (GO:0060218)","GO:0060218","TP53","0.0049400429229450454","0.015374623382635089","Implicit Enrichr library-specific gene universe; service did not return background size (background_size=null)","GO_Biological_Process_2025","Enrichr mapping_status=not_reported_by_enrichr; 11 unique symbols submitted","Complete returned set: 305/305; truncated=false"
"Enrichr GO BP","99","Telomere Maintenance via Recombination (GO:0000722)","GO:0000722","RAD51","0.005487567669022947","0.016249593583029114","Implicit Enrichr library-specific gene universe; service did not return background size (background_size=null)","GO_Biological_Process_2025","Enrichr mapping_status=not_reported_by_enrichr; 11 unique symbols submitted","Complete returned set: 305/305; truncated=false"
"Enrichr GO BP","100","Regulation of Telomere Capping (GO:1904353)","GO:1904353","ATM","0.005487567669022947","0.016249593583029114","Implicit Enrichr library-specific gene universe; service did not return background size (background_size=null)","GO_Biological_Process_2025","Enrichr mapping_status=not_reported_by_enrichr; 11 unique symbols submitted","Complete returned set: 305/305; truncated=false"
"Enrichr GO BP","101","Negative Regulation of Nuclear Division (GO:0051784)","GO:0051784","CHEK1","0.005487567669022947","0.016249593583029114","Implicit Enrichr library-specific gene universe; service did not return background size (background_size=null)","GO_Biological_Process_2025","Enrichr mapping_status=not_reported_by_enrichr; 11 unique symbols submitted","Complete returned set: 305/305; truncated=false"
"Enrichr GO BP","102","Homologous Recombination (GO:0035825)","GO:0035825","BRCA1","0.005487567669022947","0.016249593583029114","Implicit Enrichr library-specific gene universe; service did not return background size (background_size=null)","GO_Biological_Process_2025","Enrichr mapping_status=not_reported_by_enrichr; 11 unique symbols submitted","Complete returned set: 305/305; truncated=false"
"Enrichr GO BP","103","Positive Regulation of Cellular Senescence (GO:2000774)","GO:2000774","TP53","0.005487567669022947","0.016249593583029114","Implicit Enrichr library-specific gene universe; service did not return background size (background_size=null)","GO_Biological_Process_2025","Enrichr mapping_status=not_reported_by_enrichr; 11 unique symbols submitted","Complete returned set: 305/305; truncated=false"
"Enrichr GO BP","104","Positive Regulation of T Cell Apoptotic Process (GO:0070234)","GO:0070234","TP53","0.006034818727760455","0.017529711542542275","Implicit Enrichr library-specific gene universe; service did not return background size (background_size=null)","GO_Biological_Process_2025","Enrichr mapping_status=not_reported_by_enrichr; 11 unique symbols submitted","Complete returned set: 305/305; truncated=false"
"Enrichr GO BP","105","Positive Regulation of Execution Phase of Apoptosis (GO:1900119)","GO:1900119","TP53","0.006034818727760455","0.017529711542542275","Implicit Enrichr library-specific gene universe; service did not return background size (background_size=null)","GO_Biological_Process_2025","Enrichr mapping_status=not_reported_by_enrichr; 11 unique symbols submitted","Complete returned set: 305/305; truncated=false"
"Enrichr GO BP","106","Regulation of Cell Growth (GO:0001558)","GO:0001558","BRCA1;TP53","0.006315311534254596","0.018171415263657092","Implicit Enrichr library-specific gene universe; service did not return background size (background_size=null)","GO_Biological_Process_2025","Enrichr mapping_status=not_reported_by_enrichr; 11 unique symbols submitted","Complete returned set: 305/305; truncated=false"
"Enrichr GO BP","107","Negative Regulation of Transcription by RNA Polymerase II (GO:0000122)","GO:0000122","GADD45A;MDM2;TP53","0.00646431128364294","0.01842630786458969","Implicit Enrichr library-specific gene universe; service did not return background size (background_size=null)","GO_Biological_Process_2025","Enrichr mapping_status=not_reported_by_enrichr; 11 unique symbols submitted","Complete returned set: 305/305; truncated=false"
"Enrichr GO BP","108","Protein Polyubiquitination (GO:0000209)","GO:0000209","MDM2;BRCA1","0.0066501054637537966","0.018780390430045445","Implicit Enrichr library-specific gene universe; service did not return background size (background_size=null)","GO_Biological_Process_2025","Enrichr mapping_status=not_reported_by_enrichr; 11 unique symbols submitted","Complete returned set: 305/305; truncated=false"
"Enrichr GO BP","109","Mitotic DNA Integrity Checkpoint Signaling (GO:0044774)","GO:0044774","CHEK2","0.00712850018242009","0.01941243353248328","Implicit Enrichr library-specific gene universe; service did not return background size (background_size=null)","GO_Biological_Process_2025","Enrichr mapping_status=not_reported_by_enrichr; 11 unique symbols submitted","Complete returned set: 305/305; truncated=false"
"Enrichr GO BP","110","Mitotic G1 DNA Damage Checkpoint Signaling (GO:0031571)","GO:0031571","TP53","0.00712850018242009","0.01941243353248328","Implicit Enrichr library-specific gene universe; service did not return background size (background_size=null)","GO_Biological_Process_2025","Enrichr mapping_status=not_reported_by_enrichr; 11 unique symbols submitted","Complete returned set: 305/305; truncated=false"
"Enrichr GO BP","111","Negative Regulation of DNA Damage Response, Signal Transduction by P53 Class Mediator (GO:0043518)","GO:0043518","MDM2","0.00712850018242009","0.01941243353248328","Implicit Enrichr library-specific gene universe; service did not return background size (background_size=null)","GO_Biological_Process_2025","Enrichr mapping_status=not_reported_by_enrichr; 11 unique symbols submitted","Complete returned set: 305/305; truncated=false"
"Enrichr GO BP","112","Lipid Droplet Formation (GO:0140042)","GO:0140042","CHEK2","0.00712850018242009","0.01941243353248328","Implicit Enrichr library-specific gene universe; service did not return background size (background_size=null)","GO_Biological_Process_2025","Enrichr mapping_status=not_reported_by_enrichr; 11 unique symbols submitted","Complete returned set: 305/305; truncated=false"
"Enrichr GO BP","113","Negative Regulation of Fatty Acid Biosynthetic Process (GO:0045717)","GO:0045717","BRCA1","0.007674930787541144","0.020007298206838026","Implicit Enrichr library-specific gene universe; service did not return background size (background_size=null)","GO_Biological_Process_2025","Enrichr mapping_status=not_reported_by_enrichr; 11 unique symbols submitted","Complete returned set: 305/305; truncated=false"
"Enrichr GO BP","114","Protein Localization to Chromosome, Telomeric Region (GO:0070198)","GO:0070198","BRCA2","0.007674930787541144","0.020007298206838026","Implicit Enrichr library-specific gene universe; service did not return background size (background_size=null)","GO_Biological_Process_2025","Enrichr mapping_status=not_reported_by_enrichr; 11 unique symbols submitted","Complete returned set: 305/305; truncated=false"
"Enrichr GO BP","115","Establishment of Protein Localization to Chromosome (GO:0070199)","GO:0070199","BRCA2","0.007674930787541144","0.020007298206838026","Implicit Enrichr library-specific gene universe; service did not return background size (background_size=null)","GO_Biological_Process_2025","Enrichr mapping_status=not_reported_by_enrichr; 11 unique symbols submitted","Complete returned set: 305/305; truncated=false"
"Enrichr GO BP","116","Mitotic G1/S Transition Checkpoint Signaling (GO:0044819)","GO:0044819","TP53","0.007674930787541144","0.020007298206838026","Implicit Enrichr library-specific gene universe; service did not return background size (background_size=null)","GO_Biological_Process_2025","Enrichr mapping_status=not_reported_by_enrichr; 11 unique symbols submitted","Complete returned set: 305/305; truncated=false"
"Enrichr GO BP","117","Negative Regulation of ATP-dependent Activity (GO:0032780)","GO:0032780","TP53","0.007674930787541144","0.020007298206838026","Implicit Enrichr library-specific gene universe; service did not return background size (background_size=null)","GO_Biological_Process_2025","Enrichr mapping_status=not_reported_by_enrichr; 11 unique symbols submitted","Complete returned set: 305/305; truncated=false"
"Enrichr GO BP","118","Regulation of Execution Phase of Apoptosis (GO:1900117)","GO:1900117","TP53","0.008221088123671455","0.020552720309178638","Implicit Enrichr library-specific gene universe; service did not return background size (background_size=null)","GO_Biological_Process_2025","Enrichr mapping_status=not_reported_by_enrichr; 11 unique symbols submitted","Complete returned set: 305/305; truncated=false"
"Enrichr GO BP","119","Pexophagy (GO:0000425)","GO:0000425","ATM","0.008221088123671455","0.020552720309178638","Implicit Enrichr library-specific gene universe; service did not return background size (background_size=null)","GO_Biological_Process_2025","Enrichr mapping_status=not_reported_by_enrichr; 11 unique symbols submitted","Complete returned set: 305/305; truncated=false"
"Enrichr GO BP","120","Mitotic Recombination (GO:0006312)","GO:0006312","RAD51","0.008221088123671455","0.020552720309178638","Implicit Enrichr library-specific gene universe; service did not return background size (background_size=null)","GO_Biological_Process_2025","Enrichr mapping_status=not_reported_by_enrichr; 11 unique symbols submitted","Complete returned set: 305/305; truncated=false"
"Enrichr GO BP","121","Autophagy of Peroxisome (GO:0030242)","GO:0030242","ATM","0.008221088123671455","0.020552720309178638","Implicit Enrichr library-specific gene universe; service did not return background size (background_size=null)","GO_Biological_Process_2025","Enrichr mapping_status=not_reported_by_enrichr; 11 unique symbols submitted","Complete returned set: 305/305; truncated=false"
"Enrichr GO BP","122","Protein K6-linked Ubiquitination (GO:0085020)","GO:0085020","BRCA1","0.008221088123671455","0.020552720309178638","Implicit Enrichr library-specific gene universe; service did not return background size (background_size=null)","GO_Biological_Process_2025","Enrichr mapping_status=not_reported_by_enrichr; 11 unique symbols submitted","Complete returned set: 305/305; truncated=false"
"Enrichr GO BP","123","Chromatin Remodeling (GO:0006338)","GO:0006338","CHEK1;BRCA1","0.008697211729449362","0.021054539777890128","Implicit Enrichr library-specific gene universe; service did not return background size (background_size=null)","GO_Biological_Process_2025","Enrichr mapping_status=not_reported_by_enrichr; 11 unique symbols submitted","Complete returned set: 305/305; truncated=false"
"Enrichr GO BP","124","DNA Double-Strand Break Processing (GO:0000729)","GO:0000729","ATM","0.008766972300957528","0.021054539777890128","Implicit Enrichr library-specific gene universe; service did not return background size (background_size=null)","GO_Biological_Process_2025","Enrichr mapping_status=not_reported_by_enrichr; 11 unique symbols submitted","Complete returned set: 305/305; truncated=false"
"Enrichr GO BP","125","Negative Regulation of Intrinsic Apoptotic Signaling Pathway by P53 Class Mediator (GO:1902254)","GO:1902254","MDM2","0.008766972300957528","0.021054539777890128","Implicit Enrichr library-specific gene universe; service did not return background size (background_size=null)","GO_Biological_Process_2025","Enrichr mapping_status=not_reported_by_enrichr; 11 unique symbols submitted","Complete returned set: 305/305; truncated=false"
"Enrichr GO BP","126","Cellular Response to Alkaloid (GO:0071312)","GO:0071312","RAD51","0.008766972300957528","0.021054539777890128","Implicit Enrichr library-specific gene universe; service did not return background size (background_size=null)","GO_Biological_Process_2025","Enrichr mapping_status=not_reported_by_enrichr; 11 unique symbols submitted","Complete returned set: 305/305; truncated=false"
"Enrichr GO BP","127","Positive Regulation of DNA Damage Response, Signal Transduction by P53 Class Mediator (GO:0043517)","GO:0043517","ATM","0.008766972300957528","0.021054539777890128","Implicit Enrichr library-specific gene universe; service did not return background size (background_size=null)","GO_Biological_Process_2025","Enrichr mapping_status=not_reported_by_enrichr; 11 unique symbols submitted","Complete returned set: 305/305; truncated=false"
"Enrichr GO BP","128","Negative Regulation of Fibroblast Proliferation (GO:0048147)","GO:0048147","TP53","0.009312583434128836","0.02201812362332787","Implicit Enrichr library-specific gene universe; service did not return background size (background_size=null)","GO_Biological_Process_2025","Enrichr mapping_status=not_reported_by_enrichr; 11 unique symbols submitted","Complete returned set: 305/305; truncated=false"
"Enrichr GO BP","129","Negative Regulation of Telomere Maintenance (GO:0032205)","GO:0032205","ATM","0.009312583434128836","0.02201812362332787","Implicit Enrichr library-specific gene universe; service did not return background size (background_size=null)","GO_Biological_Process_2025","Enrichr mapping_status=not_reported_by_enrichr; 11 unique symbols submitted","Complete returned set: 305/305; truncated=false"
"Enrichr GO BP","130","Cellular Component Assembly (GO:0022607)","GO:0022607","MDM2;TP53","0.00967994549428526","0.022710641351976958","Implicit Enrichr library-specific gene universe; service did not return background size (background_size=null)","GO_Biological_Process_2025","Enrichr mapping_status=not_reported_by_enrichr; 11 unique symbols submitted","Complete returned set: 305/305; truncated=false"
"Enrichr GO BP","131","Negative Regulation of Reactive Oxygen Species Metabolic Process (GO:2000378)","GO:2000378","BRCA1","0.010402987018789436","0.024037204854021044","Implicit Enrichr library-specific gene universe; service did not return background size (background_size=null)","GO_Biological_Process_2025","Enrichr mapping_status=not_reported_by_enrichr; 11 unique symbols submitted","Complete returned set: 305/305; truncated=false"
"Enrichr GO BP","132","Regulation of Centriole Replication (GO:0046599)","GO:0046599","BRCA1","0.010402987018789436","0.024037204854021044","Implicit Enrichr library-specific gene universe; service did not return background size (background_size=null)","GO_Biological_Process_2025","Enrichr mapping_status=not_reported_by_enrichr; 11 unique symbols submitted","Complete returned set: 305/305; truncated=false"
"Enrichr GO BP","133","Positive Regulation of Release of Cytochrome C From Mitochondria (GO:0090200)","GO:0090200","TP53","0.010947779702855981","0.024918453801276674","Implicit Enrichr library-specific gene universe; service did not return background size (background_size=null)","GO_Biological_Process_2025","Enrichr mapping_status=not_reported_by_enrichr; 11 unique symbols submitted","Complete returned set: 305/305; truncated=false"
"Enrichr GO BP","134","Regulation of Cell Cycle G2/M Phase Transition (GO:1902749)","GO:1902749","TP53","0.010947779702855981","0.024918453801276674","Implicit Enrichr library-specific gene universe; service did not return background size (background_size=null)","GO_Biological_Process_2025","Enrichr mapping_status=not_reported_by_enrichr; 11 unique symbols submitted","Complete returned set: 305/305; truncated=false"
"Enrichr GO BP","135","Entrainment of Circadian Clock by Photoperiod (GO:0043153)","GO:0043153","TP53","0.011492299803033998","0.025399648115401227","Implicit Enrichr library-specific gene universe; service did not return background size (background_size=null)","GO_Biological_Process_2025","Enrichr mapping_status=not_reported_by_enrichr; 11 unique symbols submitted","Complete returned set: 305/305; truncated=false"
"Enrichr GO BP","136","Negative Regulation of Signal Transduction by P53 Class Mediator (GO:1901797)","GO:1901797","MDM2","0.011492299803033998","0.025399648115401227","Implicit Enrichr library-specific gene universe; service did not return background size (background_size=null)","GO_Biological_Process_2025","Enrichr mapping_status=not_reported_by_enrichr; 11 unique symbols submitted","Complete returned set: 305/305; truncated=false"
"Enrichr GO BP","137","Negative Regulation of Telomere Maintenance via Telomerase (GO:0032211)","GO:0032211","TP53","0.011492299803033998","0.025399648115401227","Implicit Enrichr library-specific gene universe; service did not return background size (background_size=null)","GO_Biological_Process_2025","Enrichr mapping_status=not_reported_by_enrichr; 11 unique symbols submitted","Complete returned set: 305/305; truncated=false"
"Enrichr GO BP","138","Intrinsic Apoptotic Signaling Pathway in Response to DNA Damage by P53 Class Mediator (GO:0042771)","GO:0042771","TP53","0.011492299803033998","0.025399648115401227","Implicit Enrichr library-specific gene universe; service did not return background size (background_size=null)","GO_Biological_Process_2025","Enrichr mapping_status=not_reported_by_enrichr; 11 unique symbols submitted","Complete returned set: 305/305; truncated=false"
"Enrichr GO BP","139","Photoperiodism (GO:0009648)","GO:0009648","TP53","0.012036547438812547","0.02622247834884162","Implicit Enrichr library-specific gene universe; service did not return background size (background_size=null)","GO_Biological_Process_2025","Enrichr mapping_status=not_reported_by_enrichr; 11 unique symbols submitted","Complete returned set: 305/305; truncated=false"
"Enrichr GO BP","140","Positive Regulation of p38MAPK Cascade (GO:1900745)","GO:1900745","GADD45A","0.012036547438812547","0.02622247834884162","Implicit Enrichr library-specific gene universe; service did not return background size (background_size=null)","GO_Biological_Process_2025","Enrichr mapping_status=not_reported_by_enrichr; 11 unique symbols submitted","Complete returned set: 305/305; truncated=false"
"Enrichr GO BP","141","Protein Modification by Small Protein Conjugation (GO:0032446)","GO:0032446","MDM2;BRCA1","0.012456642309167971","0.026945219179405892","Implicit Enrichr library-specific gene universe; service did not return background size (background_size=null)","GO_Biological_Process_2025","Enrichr mapping_status=not_reported_by_enrichr; 11 unique symbols submitted","Complete returned set: 305/305; truncated=false"
"Enrichr GO BP","142","Postreplication Repair (GO:0006301)","GO:0006301","BRCA1","0.012580522725551224","0.02702154529079664","Implicit Enrichr library-specific gene universe; service did not return background size (background_size=null)","GO_Biological_Process_2025","Enrichr mapping_status=not_reported_by_enrichr; 11 unique symbols submitted","Complete returned set: 305/305; truncated=false"
"Enrichr GO BP","143","Protein-Containing Complex Assembly (GO:0065003)","GO:0065003","MDM2;TP53","0.012988226728069676","0.027509785778203132","Implicit Enrichr library-specific gene universe; service did not return background size (background_size=null)","GO_Biological_Process_2025","Enrichr mapping_status=not_reported_by_enrichr; 11 unique symbols submitted","Complete returned set: 305/305; truncated=false"
"Enrichr GO BP","144","Chromatin Organization (GO:0006325)","GO:0006325","CHEK1;BRCA1","0.012988226728069676","0.027509785778203132","Implicit Enrichr library-specific gene universe; service did not return background size (background_size=null)","GO_Biological_Process_2025","Enrichr mapping_status=not_reported_by_enrichr; 11 unique symbols submitted","Complete returned set: 305/305; truncated=false"
"Enrichr GO BP","145","Negative Regulation of Extrinsic Apoptotic Signaling Pathway via Death Domain Receptors (GO:1902042)","GO:1902042","BRCA1","0.013124225781325726","0.027606130091754114","Implicit Enrichr library-specific gene universe; service did not return background size (background_size=null)","GO_Biological_Process_2025","Enrichr mapping_status=not_reported_by_enrichr; 11 unique symbols submitted","Complete returned set: 305/305; truncated=false"
"Enrichr GO BP","146","Negative Regulation of Catalytic Activity (GO:0043086)","GO:0043086","TP53","0.013667656724254873","0.028515123562307437","Implicit Enrichr library-specific gene universe; service did not return background size (background_size=null)","GO_Biological_Process_2025","Enrichr mapping_status=not_reported_by_enrichr; 11 unique symbols submitted","Complete returned set: 305/305; truncated=false"
"Enrichr GO BP","147","Negative Regulation of Fatty Acid Metabolic Process (GO:0045922)","GO:0045922","BRCA1","0.014210815676953212","0.028515123562307437","Implicit Enrichr library-specific gene universe; service did not return background size (background_size=null)","GO_Biological_Process_2025","Enrichr mapping_status=not_reported_by_enrichr; 11 unique symbols submitted","Complete returned set: 305/305; truncated=false"
"Enrichr GO BP","148","Regulation of Fatty Acid Biosynthetic Process (GO:0042304)","GO:0042304","BRCA1","0.014210815676953212","0.028515123562307437","Implicit Enrichr library-specific gene universe; service did not return background size (background_size=null)","GO_Biological_Process_2025","Enrichr mapping_status=not_reported_by_enrichr; 11 unique symbols submitted","Complete returned set: 305/305; truncated=false"
"Enrichr GO BP","149","Negative Regulation of Lipid Biosynthetic Process (GO:0051055)","GO:0051055","BRCA1","0.014210815676953212","0.028515123562307437","Implicit Enrichr library-specific gene universe; service did not return background size (background_size=null)","GO_Biological_Process_2025","Enrichr mapping_status=not_reported_by_enrichr; 11 unique symbols submitted","Complete returned set: 305/305; truncated=false"
"Enrichr GO BP","150","Cellular Response to Xenobiotic Stimulus (GO:0071466)","GO:0071466","TP53","0.014210815676953212","0.028515123562307437","Implicit Enrichr library-specific gene universe; service did not return background size (background_size=null)","GO_Biological_Process_2025","Enrichr mapping_status=not_reported_by_enrichr; 11 unique symbols submitted","Complete returned set: 305/305; truncated=false"
"Enrichr GO BP","151","Negative Regulation of DNA Biosynthetic Process (GO:2000279)","GO:2000279","TP53","0.014210815676953212","0.028515123562307437","Implicit Enrichr library-specific gene universe; service did not return background size (background_size=null)","GO_Biological_Process_2025","Enrichr mapping_status=not_reported_by_enrichr; 11 unique symbols submitted","Complete returned set: 305/305; truncated=false"
"Enrichr GO BP","152","Amyloid Fibril Formation (GO:1990000)","GO:1990000","MDM2","0.014210815676953212","0.028515123562307437","Implicit Enrichr library-specific gene universe; service did not return background size (background_size=null)","GO_Biological_Process_2025","Enrichr mapping_status=not_reported_by_enrichr; 11 unique symbols submitted","Complete returned set: 305/305; truncated=false"
"Enrichr GO BP","153","Positive Regulation of Transcription by RNA Polymerase II (GO:0045944)","GO:0045944","ATM;BRCA1;TP53","0.014516526301213818","0.02893817334555696","Implicit Enrichr library-specific gene universe; service did not return background size (background_size=null)","GO_Biological_Process_2025","Enrichr mapping_status=not_reported_by_enrichr; 11 unique symbols submitted","Complete returned set: 305/305; truncated=false"
"Enrichr GO BP","154","ER-nucleus Signaling Pathway (GO:0006984)","GO:0006984","TP53","0.01475370275603204","0.02897749698481564","Implicit Enrichr library-specific gene universe; service did not return background size (background_size=null)","GO_Biological_Process_2025","Enrichr mapping_status=not_reported_by_enrichr; 11 unique symbols submitted","Complete returned set: 305/305; truncated=false"
"Enrichr GO BP","155","Positive Regulation of Vascular Endothelial Growth Factor Production (GO:0010575)","GO:0010575","BRCA1","0.01475370275603204","0.02897749698481564","Implicit Enrichr library-specific gene universe; service did not return background size (background_size=null)","GO_Biological_Process_2025","Enrichr mapping_status=not_reported_by_enrichr; 11 unique symbols submitted","Complete returned set: 305/305; truncated=false"
"Enrichr GO BP","156","Telomere Maintenance via Telomere Lengthening (GO:0010833)","GO:0010833","RAD51","0.015296318080509241","0.02897749698481564","Implicit Enrichr library-specific gene universe; service did not return background size (background_size=null)","GO_Biological_Process_2025","Enrichr mapping_status=not_reported_by_enrichr; 11 unique symbols submitted","Complete returned set: 305/305; truncated=false"
"Enrichr GO BP","157","Positive Regulation of Mitotic Cell Cycle (GO:0045931)","GO:0045931","MDM2","0.015296318080509241","0.02897749698481564","Implicit Enrichr library-specific gene universe; service did not return background size (background_size=null)","GO_Biological_Process_2025","Enrichr mapping_status=not_reported_by_enrichr; 11 unique symbols submitted","Complete returned set: 305/305; truncated=false"
"Enrichr GO BP","158","Regulation of DNA Biosynthetic Process (GO:2000278)","GO:2000278","ATM","0.015296318080509241","0.02897749698481564","Implicit Enrichr library-specific gene universe; service did not return background size (background_size=null)","GO_Biological_Process_2025","Enrichr mapping_status=not_reported_by_enrichr; 11 unique symbols submitted","Complete returned set: 305/305; truncated=false"
"Enrichr GO BP","159","Hematopoietic Progenitor Cell Differentiation (GO:0002244)","GO:0002244","TP53","0.015296318080509241","0.02897749698481564","Implicit Enrichr library-specific gene universe; service did not return background size (background_size=null)","GO_Biological_Process_2025","Enrichr mapping_status=not_reported_by_enrichr; 11 unique symbols submitted","Complete returned set: 305/305; truncated=false"
"Enrichr GO BP","160","Positive Regulation of Signal Transduction by P53 Class Mediator (GO:1901798)","GO:1901798","ATM","0.015296318080509241","0.02897749698481564","Implicit Enrichr library-specific gene universe; service did not return background size (background_size=null)","GO_Biological_Process_2025","Enrichr mapping_status=not_reported_by_enrichr; 11 unique symbols submitted","Complete returned set: 305/305; truncated=false"
"Enrichr GO BP","161","Negative Regulation of Telomere Maintenance via Telomere Lengthening (GO:1904357)","GO:1904357","TP53","0.015296318080509241","0.02897749698481564","Implicit Enrichr library-specific gene universe; service did not return background size (background_size=null)","GO_Biological_Process_2025","Enrichr mapping_status=not_reported_by_enrichr; 11 unique symbols submitted","Complete returned set: 305/305; truncated=false"
"Enrichr GO BP","162","Regulation of Vascular Endothelial Growth Factor Production (GO:0010574)","GO:0010574","BRCA1","0.01583866177167553","0.029819702718278003","Implicit Enrichr library-specific gene universe; service did not return background size (background_size=null)","GO_Biological_Process_2025","Enrichr mapping_status=not_reported_by_enrichr; 11 unique symbols submitted","Complete returned set: 305/305; truncated=false"
"Enrichr GO BP","163","Negative Regulation of Mitotic Cell Cycle (GO:0045930)","GO:0045930","CHEK1","0.01638073395054089","0.03065106659457038","Implicit Enrichr library-specific gene universe; service did not return background size (background_size=null)","GO_Biological_Process_2025","Enrichr mapping_status=not_reported_by_enrichr; 11 unique symbols submitted","Complete returned set: 305/305; truncated=false"
"Enrichr GO BP","164","Protein Ubiquitination (GO:0016567)","GO:0016567","MDM2;BRCA1","0.016725284286301073","0.031104949434889194","Implicit Enrichr library-specific gene universe; service did not return background size (background_size=null)","GO_Biological_Process_2025","Enrichr mapping_status=not_reported_by_enrichr; 11 unique symbols submitted","Complete returned set: 305/305; truncated=false"
"Enrichr GO BP","165","Negative Regulation of Intracellular Steroid Hormone Receptor Signaling Pathway (GO:0033144)","GO:0033144","BRCA1","0.016922534733464","0.03128104905276679","Implicit Enrichr library-specific gene universe; service did not return background size (background_size=null)","GO_Biological_Process_2025","Enrichr mapping_status=not_reported_by_enrichr; 11 unique symbols submitted","Complete returned set: 305/305; truncated=false"
"Enrichr GO BP","166","Regulation of Extrinsic Apoptotic Signaling Pathway via Death Domain Receptors (GO:1902041)","GO:1902041","BRCA1","0.017464064240814415","0.03189544666735567","Implicit Enrichr library-specific gene universe; service did not return background size (background_size=null)","GO_Biological_Process_2025","Enrichr mapping_status=not_reported_by_enrichr; 11 unique symbols submitted","Complete returned set: 305/305; truncated=false"
"Enrichr GO BP","167","Lipid Droplet Organization (GO:0034389)","GO:0034389","CHEK2","0.017464064240814415","0.03189544666735567","Implicit Enrichr library-specific gene universe; service did not return background size (background_size=null)","GO_Biological_Process_2025","Enrichr mapping_status=not_reported_by_enrichr; 11 unique symbols submitted","Complete returned set: 305/305; truncated=false"
"Enrichr GO BP","168","Negative Regulation of Programmed Cell Death (GO:0043069)","GO:0043069","MDM2;TP53","0.017856417315062642","0.03241790048270301","Implicit Enrichr library-specific gene universe; service did not return background size (background_size=null)","GO_Biological_Process_2025","Enrichr mapping_status=not_reported_by_enrichr; 11 unique symbols submitted","Complete returned set: 305/305; truncated=false"
"Enrichr GO BP","169","Regulation of G0 to G1 Transition (GO:0070316)","GO:0070316","CHEK1","0.01800532259639319","0.032494812969822026","Implicit Enrichr library-specific gene universe; service did not return background size (background_size=null)","GO_Biological_Process_2025","Enrichr mapping_status=not_reported_by_enrichr; 11 unique symbols submitted","Complete returned set: 305/305; truncated=false"
"Enrichr GO BP","170","Tumor Necrosis Factor-Mediated Signaling Pathway (GO:0033209)","GO:0033209","TP53","0.018546309917010683","0.03288735188772243","Implicit Enrichr library-specific gene universe; service did not return background size (background_size=null)","GO_Biological_Process_2025","Enrichr mapping_status=not_reported_by_enrichr; 11 unique symbols submitted","Complete returned set: 305/305; truncated=false"
"Enrichr GO BP","171","Negative Regulation of Blood Vessel Endothelial Cell Migration (GO:0043537)","GO:0043537","GADD45A","0.018546309917010683","0.03288735188772243","Implicit Enrichr library-specific gene universe; service did not return background size (background_size=null)","GO_Biological_Process_2025","Enrichr mapping_status=not_reported_by_enrichr; 11 unique symbols submitted","Complete returned set: 305/305; truncated=false"
"Enrichr GO BP","172","Regulation of Cell Cycle Phase Transition (GO:1901987)","GO:1901987","TP53","0.018546309917010683","0.03288735188772243","Implicit Enrichr library-specific gene universe; service did not return background size (background_size=null)","GO_Biological_Process_2025","Enrichr mapping_status=not_reported_by_enrichr; 11 unique symbols submitted","Complete returned set: 305/305; truncated=false"
"Enrichr GO BP","173","Regulation of p38MAPK Cascade (GO:1900744)","GO:1900744","GADD45A","0.01908702632439229","0.03345714384448074","Implicit Enrichr library-specific gene universe; service did not return background size (background_size=null)","GO_Biological_Process_2025","Enrichr mapping_status=not_reported_by_enrichr; 11 unique symbols submitted","Complete returned set: 305/305; truncated=false"
"Enrichr GO BP","174","Regulation of Cellular Senescence (GO:2000772)","GO:2000772","TP53","0.01908702632439229","0.03345714384448074","Implicit Enrichr library-specific gene universe; service did not return background size (background_size=null)","GO_Biological_Process_2025","Enrichr mapping_status=not_reported_by_enrichr; 11 unique symbols submitted","Complete returned set: 305/305; truncated=false"
"Enrichr GO BP","175","Peptidyl-Threonine Phosphorylation (GO:0018107)","GO:0018107","CHEK1","0.01962747193991364","0.03420787966670663","Implicit Enrichr library-specific gene universe; service did not return background size (background_size=null)","GO_Biological_Process_2025","Enrichr mapping_status=not_reported_by_enrichr; 11 unique symbols submitted","Complete returned set: 305/305; truncated=false"
"Enrichr GO BP","176","Regulation of Release of Cytochrome C From Mitochondria (GO:0090199)","GO:0090199","TP53","0.020167646885642113","0.03455692303438677","Implicit Enrichr library-specific gene universe; service did not return background size (background_size=null)","GO_Biological_Process_2025","Enrichr mapping_status=not_reported_by_enrichr; 11 unique symbols submitted","Complete returned set: 305/305; truncated=false"
"Enrichr GO BP","177","Negative Regulation of Endothelial Cell Migration (GO:0010596)","GO:0010596","GADD45A","0.020167646885642113","0.03455692303438677","Implicit Enrichr library-specific gene universe; service did not return background size (background_size=null)","GO_Biological_Process_2025","Enrichr mapping_status=not_reported_by_enrichr; 11 unique symbols submitted","Complete returned set: 305/305; truncated=false"
"Enrichr GO BP","178","Intrinsic Apoptotic Signaling Pathway by P53 Class Mediator (GO:0072332)","GO:0072332","TP53","0.020167646885642113","0.03455692303438677","Implicit Enrichr library-specific gene universe; service did not return background size (background_size=null)","GO_Biological_Process_2025","Enrichr mapping_status=not_reported_by_enrichr; 11 unique symbols submitted","Complete returned set: 305/305; truncated=false"
"Enrichr GO BP","179","Positive Regulation of Intrinsic Apoptotic Signaling Pathway (GO:2001244)","GO:2001244","TP53","0.021247185233602552","0.03600217497915988","Implicit Enrichr library-specific gene universe; service did not return background size (background_size=null)","GO_Biological_Process_2025","Enrichr mapping_status=not_reported_by_enrichr; 11 unique symbols submitted","Complete returned set: 305/305; truncated=false"
"Enrichr GO BP","180","Interstrand Cross-Link Repair (GO:0036297)","GO:0036297","RAD51","0.021247185233602552","0.03600217497915988","Implicit Enrichr library-specific gene universe; service did not return background size (background_size=null)","GO_Biological_Process_2025","Enrichr mapping_status=not_reported_by_enrichr; 11 unique symbols submitted","Complete returned set: 305/305; truncated=false"
"Enrichr GO BP","181","G2/M Transition of Mitotic Cell Cycle (GO:0000086)","GO:0000086","CHEK2","0.02178654888216798","0.03671214038155378","Implicit Enrichr library-specific gene universe; service did not return background size (background_size=null)","GO_Biological_Process_2025","Enrichr mapping_status=not_reported_by_enrichr; 11 unique symbols submitted","Complete returned set: 305/305; truncated=false"
"Enrichr GO BP","182","Protein Destabilization (GO:0031648)","GO:0031648","MDM2","0.022864465733773234","0.03796766408794022","Implicit Enrichr library-specific gene universe; service did not return background size (background_size=null)","GO_Biological_Process_2025","Enrichr mapping_status=not_reported_by_enrichr; 11 unique symbols submitted","Complete returned set: 305/305; truncated=false"
"Enrichr GO BP","183","Cellular Response to Retinoic Acid (GO:0071300)","GO:0071300","ATM","0.022864465733773234","0.03796766408794022","Implicit Enrichr library-specific gene universe; service did not return background size (background_size=null)","GO_Biological_Process_2025","Enrichr mapping_status=not_reported_by_enrichr; 11 unique symbols submitted","Complete returned set: 305/305; truncated=false"
"Enrichr GO BP","184","Positive Regulation of Gene Expression, Epigenetic (GO:0141137)","GO:0141137","TP53","0.02340301917551725","0.03796766408794022","Implicit Enrichr library-specific gene universe; service did not return background size (background_size=null)","GO_Biological_Process_2025","Enrichr mapping_status=not_reported_by_enrichr; 11 unique symbols submitted","Complete returned set: 305/305; truncated=false"
"Enrichr GO BP","185","mRNA Transcription (GO:0009299)","GO:0009299","TP53","0.02340301917551725","0.03796766408794022","Implicit Enrichr library-specific gene universe; service did not return background size (background_size=null)","GO_Biological_Process_2025","Enrichr mapping_status=not_reported_by_enrichr; 11 unique symbols submitted","Complete returned set: 305/305; truncated=false"
"Enrichr GO BP","186","Cell Cycle G2/M Phase Transition (GO:0044839)","GO:0044839","CHEK2","0.02340301917551725","0.03796766408794022","Implicit Enrichr library-specific gene universe; service did not return background size (background_size=null)","GO_Biological_Process_2025","Enrichr mapping_status=not_reported_by_enrichr; 11 unique symbols submitted","Complete returned set: 305/305; truncated=false"
"Enrichr GO BP","187","Cellular Response to Glucose Starvation (GO:0042149)","GO:0042149","TP53","0.02340301917551725","0.03796766408794022","Implicit Enrichr library-specific gene universe; service did not return background size (background_size=null)","GO_Biological_Process_2025","Enrichr mapping_status=not_reported_by_enrichr; 11 unique symbols submitted","Complete returned set: 305/305; truncated=false"
"Enrichr GO BP","188","Negative Regulation of Organelle Assembly (GO:1902116)","GO:1902116","BRCA1","0.02340301917551725","0.03796766408794022","Implicit Enrichr library-specific gene universe; service did not return background size (background_size=null)","GO_Biological_Process_2025","Enrichr mapping_status=not_reported_by_enrichr; 11 unique symbols submitted","Complete returned set: 305/305; truncated=false"
"Enrichr GO BP","189","DNA-templated DNA Replication Maintenance of Fidelity (GO:0045005)","GO:0045005","RAD51","0.023941302793523297","0.038031757041794824","Implicit Enrichr library-specific gene universe; service did not return background size (background_size=null)","GO_Biological_Process_2025","Enrichr mapping_status=not_reported_by_enrichr; 11 unique symbols submitted","Complete returned set: 305/305; truncated=false"
"Enrichr GO BP","190","Peptidyl-Threonine Modification (GO:0018210)","GO:0018210","CHEK1","0.023941302793523297","0.038031757041794824","Implicit Enrichr library-specific gene universe; service did not return background size (background_size=null)","GO_Biological_Process_2025","Enrichr mapping_status=not_reported_by_enrichr; 11 unique symbols submitted","Complete returned set: 305/305; truncated=false"
"Enrichr GO BP","191","Protein Sumoylation (GO:0016925)","GO:0016925","MDM2","0.023941302793523297","0.038031757041794824","Implicit Enrichr library-specific gene universe; service did not return background size (background_size=null)","GO_Biological_Process_2025","Enrichr mapping_status=not_reported_by_enrichr; 11 unique symbols submitted","Complete returned set: 305/305; truncated=false"
"Enrichr GO BP","192","Bone Development (GO:0060348)","GO:0060348","TP53","0.023941302793523297","0.038031757041794824","Implicit Enrichr library-specific gene universe; service did not return background size (background_size=null)","GO_Biological_Process_2025","Enrichr mapping_status=not_reported_by_enrichr; 11 unique symbols submitted","Complete returned set: 305/305; truncated=false"
"Enrichr GO BP","193","Regulation of B Cell Proliferation (GO:0030888)","GO:0030888","ATM","0.02447931669919003","0.03853638187769057","Implicit Enrichr library-specific gene universe; service did not return background size (background_size=null)","GO_Biological_Process_2025","Enrichr mapping_status=not_reported_by_enrichr; 11 unique symbols submitted","Complete returned set: 305/305; truncated=false"
"Enrichr GO BP","194","Regulation of Cyclin-Dependent Protein Serine/Threonine Kinase Activity (GO:0000079)","GO:0000079","GADD45A","0.025017061022238465","0.03853638187769057","Implicit Enrichr library-specific gene universe; service did not return background size (background_size=null)","GO_Biological_Process_2025","Enrichr mapping_status=not_reported_by_enrichr; 11 unique symbols submitted","Complete returned set: 305/305; truncated=false"
"Enrichr GO BP","195","Macromolecule Catabolic Process (GO:0009057)","GO:0009057","CHEK2","0.025017061022238465","0.03853638187769057","Implicit Enrichr library-specific gene universe; service did not return background size (background_size=null)","GO_Biological_Process_2025","Enrichr mapping_status=not_reported_by_enrichr; 11 unique symbols submitted","Complete returned set: 305/305; truncated=false"
"Enrichr GO BP","196","Regulation of Fibroblast Proliferation (GO:0048145)","GO:0048145","TP53","0.025017061022238465","0.03853638187769057","Implicit Enrichr library-specific gene universe; service did not return background size (background_size=null)","GO_Biological_Process_2025","Enrichr mapping_status=not_reported_by_enrichr; 11 unique symbols submitted","Complete returned set: 305/305; truncated=false"
"Enrichr GO BP","197","Regulation of Intrinsic Apoptotic Signaling Pathway (GO:2001242)","GO:2001242","TP53","0.025017061022238465","0.03853638187769057","Implicit Enrichr library-specific gene universe; service did not return background size (background_size=null)","GO_Biological_Process_2025","Enrichr mapping_status=not_reported_by_enrichr; 11 unique symbols submitted","Complete returned set: 305/305; truncated=false"
"Enrichr GO BP","198","Negative Regulation of Protein Serine/Threonine Kinase Activity (GO:0071901)","GO:0071901","GADD45A","0.025017061022238465","0.03853638187769057","Implicit Enrichr library-specific gene universe; service did not return background size (background_size=null)","GO_Biological_Process_2025","Enrichr mapping_status=not_reported_by_enrichr; 11 unique symbols submitted","Complete returned set: 305/305; truncated=false"
"Enrichr GO BP","199","Positive Regulation of miRNA Transcription (GO:1902895)","GO:1902895","TP53","0.02555453587694348","0.03858481902211763","Implicit Enrichr library-specific gene universe; service did not return background size (background_size=null)","GO_Biological_Process_2025","Enrichr mapping_status=not_reported_by_enrichr; 11 unique symbols submitted","Complete returned set: 305/305; truncated=false"
"Enrichr GO BP","200","Mitotic Spindle Assembly (GO:0090307)","GO:0090307","CHEK2","0.02555453587694348","0.03858481902211763","Implicit Enrichr library-specific gene universe; service did not return background size (background_size=null)","GO_Biological_Process_2025","Enrichr mapping_status=not_reported_by_enrichr; 11 unique symbols submitted","Complete returned set: 305/305; truncated=false"
"Enrichr GO BP","201","Double-Strand Break Repair via Nonhomologous End Joining (GO:0006303)","GO:0006303","ATM","0.02555453587694348","0.03858481902211763","Implicit Enrichr library-specific gene universe; service did not return background size (background_size=null)","GO_Biological_Process_2025","Enrichr mapping_status=not_reported_by_enrichr; 11 unique symbols submitted","Complete returned set: 305/305; truncated=false"
"Enrichr GO BP","202","Stem Cell Differentiation (GO:0048863)","GO:0048863","TP53","0.02555453587694348","0.03858481902211763","Implicit Enrichr library-specific gene universe; service did not return background size (background_size=null)","GO_Biological_Process_2025","Enrichr mapping_status=not_reported_by_enrichr; 11 unique symbols submitted","Complete returned set: 305/305; truncated=false"
"Enrichr GO BP","203","Negative Regulation of TORC1 Signaling (GO:1904262)","GO:1904262","ATM","0.02662867767591582","0.040008604389922785","Implicit Enrichr library-specific gene universe; service did not return background size (background_size=null)","GO_Biological_Process_2025","Enrichr mapping_status=not_reported_by_enrichr; 11 unique symbols submitted","Complete returned set: 305/305; truncated=false"
"Enrichr GO BP","204","Negative Regulation of Apoptotic Process (GO:0043066)","GO:0043066","MDM2;TP53","0.026863684936389024","0.0401638426745032","Implicit Enrichr library-specific gene universe; service did not return background size (background_size=null)","GO_Biological_Process_2025","Enrichr mapping_status=not_reported_by_enrichr; 11 unique symbols submitted","Complete returned set: 305/305; truncated=false"
"Enrichr GO BP","205","Positive Regulation of Fat Cell Differentiation (GO:0045600)","GO:0045600","CHEK2","0.027165344857992397","0.040416732593598445","Implicit Enrichr library-specific gene universe; service did not return background size (background_size=null)","GO_Biological_Process_2025","Enrichr mapping_status=not_reported_by_enrichr; 11 unique symbols submitted","Complete returned set: 305/305; truncated=false"
"Enrichr GO BP","206","Transcription Initiation-Coupled Chromatin Remodeling (GO:0045815)","GO:0045815","TP53","0.027701743059261864","0.04101471666541198","Implicit Enrichr library-specific gene universe; service did not return background size (background_size=null)","GO_Biological_Process_2025","Enrichr mapping_status=not_reported_by_enrichr; 11 unique symbols submitted","Complete returned set: 305/305; truncated=false"
"Enrichr GO BP","207","Positive Regulation of miRNA Metabolic Process (GO:2000630)","GO:2000630","TP53","0.02877373299362358","0.042396080014759384","Implicit Enrichr library-specific gene universe; service did not return background size (background_size=null)","GO_Biological_Process_2025","Enrichr mapping_status=not_reported_by_enrichr; 11 unique symbols submitted","Complete returned set: 305/305; truncated=false"
"Enrichr GO BP","208","Positive Regulation of Transcription Initiation by RNA Polymerase II (GO:0060261)","GO:0060261","TP53","0.02930932497110778","0.04297761594321092","Implicit Enrichr library-specific gene universe; service did not return background size (background_size=null)","GO_Biological_Process_2025","Enrichr mapping_status=not_reported_by_enrichr; 11 unique symbols submitted","Complete returned set: 305/305; truncated=false"
"Enrichr GO BP","209","Positive Regulation of Telomere Maintenance (GO:0032206)","GO:0032206","ATM","0.029844648447595826","0.043553195102950845","Implicit Enrichr library-specific gene universe; service did not return background size (background_size=null)","GO_Biological_Process_2025","Enrichr mapping_status=not_reported_by_enrichr; 11 unique symbols submitted","Complete returned set: 305/305; truncated=false"
"Enrichr GO BP","210","Regulation of Blood Vessel Endothelial Cell Migration (GO:0043535)","GO:0043535","GADD45A","0.030914490381785415","0.04489961698306929","Implicit Enrichr library-specific gene universe; service did not return background size (background_size=null)","GO_Biological_Process_2025","Enrichr mapping_status=not_reported_by_enrichr; 11 unique symbols submitted","Complete returned set: 305/305; truncated=false"
"Enrichr GO BP","211","Regulation of Mitotic Nuclear Division (GO:0007088)","GO:0007088","CHEK1","0.03144900907971979","0.04545946810101676","Implicit Enrichr library-specific gene universe; service did not return background size (background_size=null)","GO_Biological_Process_2025","Enrichr mapping_status=not_reported_by_enrichr; 11 unique symbols submitted","Complete returned set: 305/305; truncated=false"
"Enrichr GO BP","212","Negative Regulation of Intrinsic Apoptotic Signaling Pathway (GO:2001243)","GO:2001243","MDM2","0.03251724254582002","0.04612911151848887","Implicit Enrichr library-specific gene universe; service did not return background size (background_size=null)","GO_Biological_Process_2025","Enrichr mapping_status=not_reported_by_enrichr; 11 unique symbols submitted","Complete returned set: 305/305; truncated=false"
"Enrichr GO BP","213","Negative Regulation of Protein Kinase Activity (GO:0006469)","GO:0006469","GADD45A","0.03251724254582002","0.04612911151848887","Implicit Enrichr library-specific gene universe; service did not return background size (background_size=null)","GO_Biological_Process_2025","Enrichr mapping_status=not_reported_by_enrichr; 11 unique symbols submitted","Complete returned set: 305/305; truncated=false"
"Enrichr GO BP","214","Response to Reactive Oxygen Species (GO:0000302)","GO:0000302","ATM","0.03251724254582002","0.04612911151848887","Implicit Enrichr library-specific gene universe; service did not return background size (background_size=null)","GO_Biological_Process_2025","Enrichr mapping_status=not_reported_by_enrichr; 11 unique symbols submitted","Complete returned set: 305/305; truncated=false"
"Enrichr GO BP","215","Response to Retinoic Acid (GO:0032526)","GO:0032526","ATM","0.03251724254582002","0.04612911151848887","Implicit Enrichr library-specific gene universe; service did not return background size (background_size=null)","GO_Biological_Process_2025","Enrichr mapping_status=not_reported_by_enrichr; 11 unique symbols submitted","Complete returned set: 305/305; truncated=false"
"Enrichr GO BP","216","Negative Regulation of Cellular Process (GO:0048523)","GO:0048523","BRCA1;TP53","0.03301961897968829","0.04645411085057256","Implicit Enrichr library-specific gene universe; service did not return background size (background_size=null)","GO_Biological_Process_2025","Enrichr mapping_status=not_reported_by_enrichr; 11 unique symbols submitted","Complete returned set: 305/305; truncated=false"
"Enrichr GO BP","217","Telomere Organization (GO:0032200)","GO:0032200","ATM","0.03305095755598113","0.04645411085057256","Implicit Enrichr library-specific gene universe; service did not return background size (background_size=null)","GO_Biological_Process_2025","Enrichr mapping_status=not_reported_by_enrichr; 11 unique symbols submitted","Complete returned set: 305/305; truncated=false"
"Enrichr GO BP","218","protein-DNA Complex Assembly (GO:0065004)","GO:0065004","RAD51","0.03358440490598319","0.046772801353081615","Implicit Enrichr library-specific gene universe; service did not return background size (background_size=null)","GO_Biological_Process_2025","Enrichr mapping_status=not_reported_by_enrichr; 11 unique symbols submitted","Complete returned set: 305/305; truncated=false"
"Enrichr GO BP","219","Cellular Response to Light Stimulus (GO:0071482)","GO:0071482","TP53","0.03358440490598319","0.046772801353081615","Implicit Enrichr library-specific gene universe; service did not return background size (background_size=null)","GO_Biological_Process_2025","Enrichr mapping_status=not_reported_by_enrichr; 11 unique symbols submitted","Complete returned set: 305/305; truncated=false"
"Enrichr GO BP","220","Negative Regulation of Metabolic Process (GO:0009892)","GO:0009892","BRCA1","0.03411758472221407","0.04729937881943315","Implicit Enrichr library-specific gene universe; service did not return background size (background_size=null)","GO_Biological_Process_2025","Enrichr mapping_status=not_reported_by_enrichr; 11 unique symbols submitted","Complete returned set: 305/305; truncated=false"
"Enrichr GO BP","221","Regulation of miRNA Transcription (GO:1902893)","GO:1902893","TP53","0.03571552014502453","0.04929064997390263","Implicit Enrichr library-specific gene universe; service did not return background size (background_size=null)","GO_Biological_Process_2025","Enrichr mapping_status=not_reported_by_enrichr; 11 unique symbols submitted","Complete returned set: 305/305; truncated=false"
"Enrichr GO BP","222","Chordate Embryonic Development (GO:0043009)","GO:0043009","BRCA1","0.03624763101785663","0.049576356324871174","Implicit Enrichr library-specific gene universe; service did not return background size (background_size=null)","GO_Biological_Process_2025","Enrichr mapping_status=not_reported_by_enrichr; 11 unique symbols submitted","Complete returned set: 305/305; truncated=false"
"Enrichr GO BP","223","Regulation of Protein Serine/Threonine Kinase Activity (GO:0071900)","GO:0071900","GADD45A","0.03624763101785663","0.049576356324871174","Implicit Enrichr library-specific gene universe; service did not return background size (background_size=null)","GO_Biological_Process_2025","Enrichr mapping_status=not_reported_by_enrichr; 11 unique symbols submitted","Complete returned set: 305/305; truncated=false"
"Enrichr GO BP","224","Ras Protein Signal Transduction (GO:0007265)","GO:0007265","TP53","0.036779474955290804","0.05007919580965935","Implicit Enrichr library-specific gene universe; service did not return background size (background_size=null)","GO_Biological_Process_2025","Enrichr mapping_status=not_reported_by_enrichr; 11 unique symbols submitted","Complete returned set: 305/305; truncated=false"
"Enrichr GO BP","225","Phosphatidylinositol Metabolic Process (GO:0046488)","GO:0046488","CHEK2","0.03731105207809084","0.05057720392807869","Implicit Enrichr library-specific gene universe; service did not return background size (background_size=null)","GO_Biological_Process_2025","Enrichr mapping_status=not_reported_by_enrichr; 11 unique symbols submitted","Complete returned set: 305/305; truncated=false"
"Enrichr GO BP","226","Peptidyl-Serine Phosphorylation (GO:0018105)","GO:0018105","ATM","0.037842362503763806","0.05062245861249106","Implicit Enrichr library-specific gene universe; service did not return background size (background_size=null)","GO_Biological_Process_2025","Enrichr mapping_status=not_reported_by_enrichr; 11 unique symbols submitted","Complete returned set: 305/305; truncated=false"
"Enrichr GO BP","227","Positive Regulation of Apoptotic Signaling Pathway (GO:2001235)","GO:2001235","TP53","0.037842362503763806","0.05062245861249106","Implicit Enrichr library-specific gene universe; service did not return background size (background_size=null)","GO_Biological_Process_2025","Enrichr mapping_status=not_reported_by_enrichr; 11 unique symbols submitted","Complete returned set: 305/305; truncated=false"
"Enrichr GO BP","228","Negative Regulation of TOR Signaling (GO:0032007)","GO:0032007","ATM","0.037842362503763806","0.05062245861249106","Implicit Enrichr library-specific gene universe; service did not return background size (background_size=null)","GO_Biological_Process_2025","Enrichr mapping_status=not_reported_by_enrichr; 11 unique symbols submitted","Complete returned set: 305/305; truncated=false"
"Enrichr GO BP","229","Cellular Response to Reactive Oxygen Species (GO:0034614)","GO:0034614","ATM","0.038373406353793084","0.050886473643073436","Implicit Enrichr library-specific gene universe; service did not return background size (background_size=null)","GO_Biological_Process_2025","Enrichr mapping_status=not_reported_by_enrichr; 11 unique symbols submitted","Complete returned set: 305/305; truncated=false"
"Enrichr GO BP","230","Positive Regulation of Proteasomal Ubiquitin-Dependent Protein Catabolic Process (GO:0032436)","GO:0032436","MDM2","0.038373406353793084","0.050886473643073436","Implicit Enrichr library-specific gene universe; service did not return background size (background_size=null)","GO_Biological_Process_2025","Enrichr mapping_status=not_reported_by_enrichr; 11 unique symbols submitted","Complete returned set: 305/305; truncated=false"
"Enrichr GO BP","231","Negative Regulation of Extrinsic Apoptotic Signaling Pathway (GO:2001237)","GO:2001237","BRCA1","0.03890418375818435","0.05136699587119579","Implicit Enrichr library-specific gene universe; service did not return background size (background_size=null)","GO_Biological_Process_2025","Enrichr mapping_status=not_reported_by_enrichr; 11 unique symbols submitted","Complete returned set: 305/305; truncated=false"
"Enrichr GO BP","232","Negative Regulation of Epithelial Cell Proliferation (GO:0050680)","GO:0050680","BRCA2","0.039434694821538385","0.05139992273747525","Implicit Enrichr library-specific gene universe; service did not return background size (background_size=null)","GO_Biological_Process_2025","Enrichr mapping_status=not_reported_by_enrichr; 11 unique symbols submitted","Complete returned set: 305/305; truncated=false"
"Enrichr GO BP","233","DNA Replication (GO:0006260)","GO:0006260","CHEK1","0.039434694821538385","0.05139992273747525","Implicit Enrichr library-specific gene universe; service did not return background size (background_size=null)","GO_Biological_Process_2025","Enrichr mapping_status=not_reported_by_enrichr; 11 unique symbols submitted","Complete returned set: 305/305; truncated=false"
"Enrichr GO BP","234","Spindle Assembly (GO:0051225)","GO:0051225","CHEK2","0.039434694821538385","0.05139992273747525","Implicit Enrichr library-specific gene universe; service did not return background size (background_size=null)","GO_Biological_Process_2025","Enrichr mapping_status=not_reported_by_enrichr; 11 unique symbols submitted","Complete returned set: 305/305; truncated=false"
"Enrichr GO BP","235","Peptidyl-Serine Modification (GO:0018209)","GO:0018209","ATM","0.04049491842710541","0.05233453440791166","Implicit Enrichr library-specific gene universe; service did not return background size (background_size=null)","GO_Biological_Process_2025","Enrichr mapping_status=not_reported_by_enrichr; 11 unique symbols submitted","Complete returned set: 305/305; truncated=false"
"Enrichr GO BP","236","Regulation of Fat Cell Differentiation (GO:0045598)","GO:0045598","CHEK2","0.04049491842710541","0.05233453440791166","Implicit Enrichr library-specific gene universe; service did not return background size (background_size=null)","GO_Biological_Process_2025","Enrichr mapping_status=not_reported_by_enrichr; 11 unique symbols submitted","Complete returned set: 305/305; truncated=false"
"Enrichr GO BP","237","Cellular Response to UV (GO:0034644)","GO:0034644","TP53","0.0415540781399269","0.053476767226488205","Implicit Enrichr library-specific gene universe; service did not return background size (background_size=null)","GO_Biological_Process_2025","Enrichr mapping_status=not_reported_by_enrichr; 11 unique symbols submitted","Complete returned set: 305/305; truncated=false"
"Enrichr GO BP","238","Protein Metabolic Process (GO:0019538)","GO:0019538","CHEK2;MDM2","0.0430749975965744","0.05481114797990065","Implicit Enrichr library-specific gene universe; service did not return background size (background_size=null)","GO_Biological_Process_2025","Enrichr mapping_status=not_reported_by_enrichr; 11 unique symbols submitted","Complete returned set: 305/305; truncated=false"
"Enrichr GO BP","239","Proteolysis Involved in Protein Catabolic Process (GO:0051603)","GO:0051603","MDM2","0.04314082499469826","0.05481114797990065","Implicit Enrichr library-specific gene universe; service did not return background size (background_size=null)","GO_Biological_Process_2025","Enrichr mapping_status=not_reported_by_enrichr; 11 unique symbols submitted","Complete returned set: 305/305; truncated=false"
"Enrichr GO BP","240","Response to Tumor Necrosis Factor (GO:0034612)","GO:0034612","BRCA1","0.04314082499469826","0.05481114797990065","Implicit Enrichr library-specific gene universe; service did not return background size (background_size=null)","GO_Biological_Process_2025","Enrichr mapping_status=not_reported_by_enrichr; 11 unique symbols submitted","Complete returned set: 305/305; truncated=false"
"Enrichr GO BP","241","Positive Regulation of Organelle Organization (GO:0010638)","GO:0010638","TP53","0.04366920970201921","0.05481114797990065","Implicit Enrichr library-specific gene universe; service did not return background size (background_size=null)","GO_Biological_Process_2025","Enrichr mapping_status=not_reported_by_enrichr; 11 unique symbols submitted","Complete returned set: 305/305; truncated=false"
"Enrichr GO BP","242","Positive Regulation of JNK Cascade (GO:0046330)","GO:0046330","GADD45A","0.04366920970201921","0.05481114797990065","Implicit Enrichr library-specific gene universe; service did not return background size (background_size=null)","GO_Biological_Process_2025","Enrichr mapping_status=not_reported_by_enrichr; 11 unique symbols submitted","Complete returned set: 305/305; truncated=false"
"Enrichr GO BP","243","Negative Regulation of Cell Cycle (GO:0045786)","GO:0045786","BRCA1","0.04366920970201921","0.05481114797990065","Implicit Enrichr library-specific gene universe; service did not return background size (background_size=null)","GO_Biological_Process_2025","Enrichr mapping_status=not_reported_by_enrichr; 11 unique symbols submitted","Complete returned set: 305/305; truncated=false"
"Enrichr GO BP","244","Peptidyl-Lysine Modification (GO:0018205)","GO:0018205","MDM2","0.0457800971719973","0.05722512146499662","Implicit Enrichr library-specific gene universe; service did not return background size (background_size=null)","GO_Biological_Process_2025","Enrichr mapping_status=not_reported_by_enrichr; 11 unique symbols submitted","Complete returned set: 305/305; truncated=false"
"Enrichr GO BP","245","Positive Regulation of Ubiquitin-Dependent Protein Catabolic Process (GO:2000060)","GO:2000060","MDM2","0.04736048219236788","0.05895896762723349","Implicit Enrichr library-specific gene universe; service did not return background size (background_size=null)","GO_Biological_Process_2025","Enrichr mapping_status=not_reported_by_enrichr; 11 unique symbols submitted","Complete returned set: 305/305; truncated=false"
"Enrichr GO BP","246","Nuclear-Transcribed mRNA Catabolic Process (GO:0000956)","GO:0000956","ATM","0.04788674820170976","0.05937178130699787","Implicit Enrichr library-specific gene universe; service did not return background size (background_size=null)","GO_Biological_Process_2025","Enrichr mapping_status=not_reported_by_enrichr; 11 unique symbols submitted","Complete returned set: 305/305; truncated=false"
"Enrichr GO BP","247","Mitotic Spindle Organization (GO:0007052)","GO:0007052","CHEK2","0.04841274991635465","0.05978092601007356","Implicit Enrichr library-specific gene universe; service did not return background size (background_size=null)","GO_Biological_Process_2025","Enrichr mapping_status=not_reported_by_enrichr; 11 unique symbols submitted","Complete returned set: 305/305; truncated=false"
"Enrichr GO BP","248","Phosphatidylinositol Biosynthetic Process (GO:0006661)","GO:0006661","CHEK2","0.048938487444328285","0.060186446252097285","Implicit Enrichr library-specific gene universe; service did not return background size (background_size=null)","GO_Biological_Process_2025","Enrichr mapping_status=not_reported_by_enrichr; 11 unique symbols submitted","Complete returned set: 305/305; truncated=false"
"Enrichr GO BP","249","Positive Regulation of Response to Stimulus (GO:0048584)","GO:0048584","BRCA1","0.04946396091014192","0.060346032310373145","Implicit Enrichr library-specific gene universe; service did not return background size (background_size=null)","GO_Biological_Process_2025","Enrichr mapping_status=not_reported_by_enrichr; 11 unique symbols submitted","Complete returned set: 305/305; truncated=false"
"Enrichr GO BP","250","Positive Regulation of Cell Adhesion (GO:0045785)","GO:0045785","ATM","0.04946396091014192","0.060346032310373145","Implicit Enrichr library-specific gene universe; service did not return background size (background_size=null)","GO_Biological_Process_2025","Enrichr mapping_status=not_reported_by_enrichr; 11 unique symbols submitted","Complete returned set: 305/305; truncated=false"
"Enrichr GO BP","251","Positive Regulation of Double-Strand Break Repair (GO:2000781)","GO:2000781","ATM","0.05051411613720297","0.0613816949077566","Implicit Enrichr library-specific gene universe; service did not return background size (background_size=null)","GO_Biological_Process_2025","Enrichr mapping_status=not_reported_by_enrichr; 11 unique symbols submitted","Complete returned set: 305/305; truncated=false"
"Enrichr GO BP","252","Regulation of TORC1 Signaling (GO:1903432)","GO:1903432","ATM","0.052087371500602615","0.06304225518922142","Implicit Enrichr library-specific gene universe; service did not return background size (background_size=null)","GO_Biological_Process_2025","Enrichr mapping_status=not_reported_by_enrichr; 11 unique symbols submitted","Complete returned set: 305/305; truncated=false"
"Enrichr GO BP","253","Positive Regulation of Proteasomal Protein Catabolic Process (GO:1901800)","GO:1901800","MDM2","0.052611263106800116","0.0634246452473282","Implicit Enrichr library-specific gene universe; service did not return background size (background_size=null)","GO_Biological_Process_2025","Enrichr mapping_status=not_reported_by_enrichr; 11 unique symbols submitted","Complete returned set: 305/305; truncated=false"
"Enrichr GO BP","254","Cellular Response to Chemical Stress (GO:0062197)","GO:0062197","ATM","0.05365825675086383","0.0641794835647587","Implicit Enrichr library-specific gene universe; service did not return background size (background_size=null)","GO_Biological_Process_2025","Enrichr mapping_status=not_reported_by_enrichr; 11 unique symbols submitted","Complete returned set: 305/305; truncated=false"
"Enrichr GO BP","255","Response to UV (GO:0009411)","GO:0009411","TP53","0.05365825675086383","0.0641794835647587","Implicit Enrichr library-specific gene universe; service did not return background size (background_size=null)","GO_Biological_Process_2025","Enrichr mapping_status=not_reported_by_enrichr; 11 unique symbols submitted","Complete returned set: 305/305; truncated=false"
"Enrichr GO BP","256","mRNA Metabolic Process (GO:0016071)","GO:0016071","TP53","0.054181359025060244","0.0643008346406357","Implicit Enrichr library-specific gene universe; service did not return background size (background_size=null)","GO_Biological_Process_2025","Enrichr mapping_status=not_reported_by_enrichr; 11 unique symbols submitted","Complete returned set: 305/305; truncated=false"
"Enrichr GO BP","257","Hemopoiesis (GO:0030097)","GO:0030097","TP53","0.054181359025060244","0.0643008346406357","Implicit Enrichr library-specific gene universe; service did not return background size (background_size=null)","GO_Biological_Process_2025","Enrichr mapping_status=not_reported_by_enrichr; 11 unique symbols submitted","Complete returned set: 305/305; truncated=false"
"Enrichr GO BP","258","Positive Regulation of DNA Metabolic Process (GO:0051054)","GO:0051054","BRCA1","0.057835721217223385","0.06837168593508966","Implicit Enrichr library-specific gene universe; service did not return background size (background_size=null)","GO_Biological_Process_2025","Enrichr mapping_status=not_reported_by_enrichr; 11 unique symbols submitted","Complete returned set: 305/305; truncated=false"
"Enrichr GO BP","259","Positive Regulation of Vasculature Development (GO:1904018)","GO:1904018","BRCA1","0.05835672384406997","0.06845692604785132","Implicit Enrichr library-specific gene universe; service did not return background size (background_size=null)","GO_Biological_Process_2025","Enrichr mapping_status=not_reported_by_enrichr; 11 unique symbols submitted","Complete returned set: 305/305; truncated=false"
"Enrichr GO BP","260","Regulation of Proteasomal Ubiquitin-Dependent Protein Catabolic Process (GO:0032434)","GO:0032434","MDM2","0.05835672384406997","0.06845692604785132","Implicit Enrichr library-specific gene universe; service did not return background size (background_size=null)","GO_Biological_Process_2025","Enrichr mapping_status=not_reported_by_enrichr; 11 unique symbols submitted","Complete returned set: 305/305; truncated=false"
"Enrichr GO BP","261","Glycerophospholipid Biosynthetic Process (GO:0046474)","GO:0046474","CHEK2","0.058877464556040184","0.06880316739307378","Implicit Enrichr library-specific gene universe; service did not return background size (background_size=null)","GO_Biological_Process_2025","Enrichr mapping_status=not_reported_by_enrichr; 11 unique symbols submitted","Complete returned set: 305/305; truncated=false"
"Enrichr GO BP","262","Mitotic Cell Cycle Phase Transition (GO:0044772)","GO:0044772","CHEK2","0.06043811633234245","0.07035734916551317","Implicit Enrichr library-specific gene universe; service did not return background size (background_size=null)","GO_Biological_Process_2025","Enrichr mapping_status=not_reported_by_enrichr; 11 unique symbols submitted","Complete returned set: 305/305; truncated=false"
"Enrichr GO BP","263","Regulation of JNK Cascade (GO:0046328)","GO:0046328","GADD45A","0.061477243410223426","0.07129490205368116","Implicit Enrichr library-specific gene universe; service did not return background size (background_size=null)","GO_Biological_Process_2025","Enrichr mapping_status=not_reported_by_enrichr; 11 unique symbols submitted","Complete returned set: 305/305; truncated=false"
"Enrichr GO BP","264","Regulation of DNA Metabolic Process (GO:0051052)","GO:0051052","BRCA1","0.06199641507314463","0.07162464620192845","Implicit Enrichr library-specific gene universe; service did not return background size (background_size=null)","GO_Biological_Process_2025","Enrichr mapping_status=not_reported_by_enrichr; 11 unique symbols submitted","Complete returned set: 305/305; truncated=false"
"Enrichr GO BP","265","Mitotic Sister Chromatid Segregation (GO:0000070)","GO:0000070","CHEK2","0.06407049195104964","0.07374150960403826","Implicit Enrichr library-specific gene universe; service did not return background size (background_size=null)","GO_Biological_Process_2025","Enrichr mapping_status=not_reported_by_enrichr; 11 unique symbols submitted","Complete returned set: 305/305; truncated=false"
"Enrichr GO BP","266","Regulation of Cell Population Proliferation (GO:0042127)","GO:0042127","MDM2;TP53","0.06452308325141567","0.07398323455519466","Implicit Enrichr library-specific gene universe; service did not return background size (background_size=null)","GO_Biological_Process_2025","Enrichr mapping_status=not_reported_by_enrichr; 11 unique symbols submitted","Complete returned set: 305/305; truncated=false"
"Enrichr GO BP","267","Transcription Initiation at RNA Polymerase II Promoter (GO:0006367)","GO:0006367","TP53","0.06562331267019857","0.0749629601663317","Implicit Enrichr library-specific gene universe; service did not return background size (background_size=null)","GO_Biological_Process_2025","Enrichr mapping_status=not_reported_by_enrichr; 11 unique symbols submitted","Complete returned set: 305/305; truncated=false"
"Enrichr GO BP","268","Regulation of Mitotic Cell Cycle (GO:0007346)","GO:0007346","MDM2","0.06614039888187752","0.07527172260810688","Implicit Enrichr library-specific gene universe; service did not return background size (background_size=null)","GO_Biological_Process_2025","Enrichr mapping_status=not_reported_by_enrichr; 11 unique symbols submitted","Complete returned set: 305/305; truncated=false"
"Enrichr GO BP","269","Positive Regulation of Angiogenesis (GO:0045766)","GO:0045766","BRCA1","0.06717379097360096","0.07616359199609031","Implicit Enrichr library-specific gene universe; service did not return background size (background_size=null)","GO_Biological_Process_2025","Enrichr mapping_status=not_reported_by_enrichr; 11 unique symbols submitted","Complete returned set: 305/305; truncated=false"
"Enrichr GO BP","270","Protein Localization to Nucleus (GO:0034504)","GO:0034504","MDM2","0.0676900970783306","0.07646473929218826","Implicit Enrichr library-specific gene universe; service did not return background size (background_size=null)","GO_Biological_Process_2025","Enrichr mapping_status=not_reported_by_enrichr; 11 unique symbols submitted","Complete returned set: 305/305; truncated=false"
"Enrichr GO BP","271","Regulation of DNA Repair (GO:0006282)","GO:0006282","BRCA1","0.06923745710256594","0.07792407533683622","Implicit Enrichr library-specific gene universe; service did not return background size (background_size=null)","GO_Biological_Process_2025","Enrichr mapping_status=not_reported_by_enrichr; 11 unique symbols submitted","Complete returned set: 305/305; truncated=false"
"Enrichr GO BP","272","Membraneless Organelle Assembly (GO:0140694)","GO:0140694","CHEK2","0.07386553979752421","0.08282716778766501","Implicit Enrichr library-specific gene universe; service did not return background size (background_size=null)","GO_Biological_Process_2025","Enrichr mapping_status=not_reported_by_enrichr; 11 unique symbols submitted","Complete returned set: 305/305; truncated=false"
"Enrichr GO BP","273","Cellular Response to Starvation (GO:0009267)","GO:0009267","TP53","0.0748911573283546","0.08366960800420568","Implicit Enrichr library-specific gene universe; service did not return background size (background_size=null)","GO_Biological_Process_2025","Enrichr mapping_status=not_reported_by_enrichr; 11 unique symbols submitted","Complete returned set: 305/305; truncated=false"
"Enrichr GO BP","274","Regulation of Cell Adhesion (GO:0030155)","GO:0030155","ATM","0.07540357879431908","0.08393464062871284","Implicit Enrichr library-specific gene universe; service did not return background size (background_size=null)","GO_Biological_Process_2025","Enrichr mapping_status=not_reported_by_enrichr; 11 unique symbols submitted","Complete returned set: 305/305; truncated=false"
"Enrichr GO BP","275","Regulation of Cell Cycle Process (GO:0010564)","GO:0010564","CHEK1","0.07745068546971694","0.08589985115732242","Implicit Enrichr library-specific gene universe; service did not return background size (background_size=null)","GO_Biological_Process_2025","Enrichr mapping_status=not_reported_by_enrichr; 11 unique symbols submitted","Complete returned set: 305/305; truncated=false"
"Enrichr GO BP","276","Protein Localization to Organelle (GO:0033365)","GO:0033365","MDM2","0.0800037743240655","0.08840996800304339","Implicit Enrichr library-specific gene universe; service did not return background size (background_size=null)","GO_Biological_Process_2025","Enrichr mapping_status=not_reported_by_enrichr; 11 unique symbols submitted","Complete returned set: 305/305; truncated=false"
"Enrichr GO BP","277","Macroautophagy (GO:0016236)","GO:0016236","ATM","0.08559797531574136","0.0942504782357441","Implicit Enrichr library-specific gene universe; service did not return background size (background_size=null)","GO_Biological_Process_2025","Enrichr mapping_status=not_reported_by_enrichr; 11 unique symbols submitted","Complete returned set: 305/305; truncated=false"
"Enrichr GO BP","278","Small GTPase-mediated Signal Transduction (GO:0007264)","GO:0007264","TP53","0.09869791397691897","0.10828368260057658","Implicit Enrichr library-specific gene universe; service did not return background size (background_size=null)","GO_Biological_Process_2025","Enrichr mapping_status=not_reported_by_enrichr; 11 unique symbols submitted","Complete returned set: 305/305; truncated=false"
"Enrichr GO BP","279","Response to Endoplasmic Reticulum Stress (GO:0034976)","GO:0034976","TP53","0.1026942019426715","0.11226427094091328","Implicit Enrichr library-specific gene universe; service did not return background size (background_size=null)","GO_Biological_Process_2025","Enrichr mapping_status=not_reported_by_enrichr; 11 unique symbols submitted","Complete returned set: 305/305; truncated=false"
"Enrichr GO BP","280","DNA-templated Transcription (GO:0006351)","GO:0006351","TP53","0.10617773281045749","0.11565788752567689","Implicit Enrichr library-specific gene universe; service did not return background size (background_size=null)","GO_Biological_Process_2025","Enrichr mapping_status=not_reported_by_enrichr; 11 unique symbols submitted","Complete returned set: 305/305; truncated=false"
"Enrichr GO BP","281","Modification-Dependent Protein Catabolic Process (GO:0019941)","GO:0019941","MDM2","0.10865843710367488","0.11793887301288554","Implicit Enrichr library-specific gene universe; service did not return background size (background_size=null)","GO_Biological_Process_2025","Enrichr mapping_status=not_reported_by_enrichr; 11 unique symbols submitted","Complete returned set: 305/305; truncated=false"
"Enrichr GO BP","282","Regulation of Angiogenesis (GO:0045765)","GO:0045765","BRCA1","0.11014385369528888","0.11912721764915996","Implicit Enrichr library-specific gene universe; service did not return background size (background_size=null)","GO_Biological_Process_2025","Enrichr mapping_status=not_reported_by_enrichr; 11 unique symbols submitted","Complete returned set: 305/305; truncated=false"
"Enrichr GO BP","283","Protein Stabilization (GO:0050821)","GO:0050821","CHEK2","0.11063849224487966","0.11923936443352756","Implicit Enrichr library-specific gene universe; service did not return background size (background_size=null)","GO_Biological_Process_2025","Enrichr mapping_status=not_reported_by_enrichr; 11 unique symbols submitted","Complete returned set: 305/305; truncated=false"
"Enrichr GO BP","284","Regulation of Autophagy (GO:0010506)","GO:0010506","ATM","0.11949935173976756","0.12833557141066587","Implicit Enrichr library-specific gene universe; service did not return background size (background_size=null)","GO_Biological_Process_2025","Enrichr mapping_status=not_reported_by_enrichr; 11 unique symbols submitted","Complete returned set: 305/305; truncated=false"
"Enrichr GO BP","285","Cellular Response to Lipid (GO:0071396)","GO:0071396","ATM","0.1214574995857652","0.12998083289002943","Implicit Enrichr library-specific gene universe; service did not return background size (background_size=null)","GO_Biological_Process_2025","Enrichr mapping_status=not_reported_by_enrichr; 11 unique symbols submitted","Complete returned set: 305/305; truncated=false"
"Enrichr GO BP","286","Negative Regulation of Multicellular Organismal Process (GO:0051241)","GO:0051241","BRCA2","0.12584886582350988","0.134209454811785","Implicit Enrichr library-specific gene universe; service did not return background size (background_size=null)","GO_Biological_Process_2025","Enrichr mapping_status=not_reported_by_enrichr; 11 unique symbols submitted","Complete returned set: 305/305; truncated=false"
"Enrichr GO BP","287","Positive Regulation of Cell Motility (GO:2000147)","GO:2000147","ATM","0.1287653473428992","0.13684122278600785","Implicit Enrichr library-specific gene universe; service did not return background size (background_size=null)","GO_Biological_Process_2025","Enrichr mapping_status=not_reported_by_enrichr; 11 unique symbols submitted","Complete returned set: 305/305; truncated=false"
"Enrichr GO BP","288","Cytokine-Mediated Signaling Pathway (GO:0019221)","GO:0019221","TP53","0.1316729803945433","0.13944534382061008","Implicit Enrichr library-specific gene universe; service did not return background size (background_size=null)","GO_Biological_Process_2025","Enrichr mapping_status=not_reported_by_enrichr; 11 unique symbols submitted","Complete returned set: 305/305; truncated=false"
"Enrichr GO BP","289","Cellular Response to Cytokine Stimulus (GO:0071345)","GO:0071345","BRCA1","0.1479835926195893","0.1561764558788053","Implicit Enrichr library-specific gene universe; service did not return background size (background_size=null)","GO_Biological_Process_2025","Enrichr mapping_status=not_reported_by_enrichr; 11 unique symbols submitted","Complete returned set: 305/305; truncated=false"
"Enrichr GO BP","290","Negative Regulation of Intracellular Signal Transduction (GO:1902532)","GO:1902532","MDM2","0.15178067642718465","0.15908283955426572","Implicit Enrichr library-specific gene universe; service did not return background size (background_size=null)","GO_Biological_Process_2025","Enrichr mapping_status=not_reported_by_enrichr; 11 unique symbols submitted","Complete returned set: 305/305; truncated=false"
"Enrichr GO BP","291","Positive Regulation of Cell Differentiation (GO:0045597)","GO:0045597","CHEK2","0.15178067642718465","0.15908283955426572","Implicit Enrichr library-specific gene universe; service did not return background size (background_size=null)","GO_Biological_Process_2025","Enrichr mapping_status=not_reported_by_enrichr; 11 unique symbols submitted","Complete returned set: 305/305; truncated=false"
"Enrichr GO BP","292","Proteolysis (GO:0006508)","GO:0006508","MDM2","0.16307981305731142","0.1703402156934246","Implicit Enrichr library-specific gene universe; service did not return background size (background_size=null)","GO_Biological_Process_2025","Enrichr mapping_status=not_reported_by_enrichr; 11 unique symbols submitted","Complete returned set: 305/305; truncated=false"
"Enrichr GO BP","293","Positive Regulation of Cytokine Production (GO:0001819)","GO:0001819","BRCA1","0.16494964260270983","0.17170525936459555","Implicit Enrichr library-specific gene universe; service did not return background size (background_size=null)","GO_Biological_Process_2025","Enrichr mapping_status=not_reported_by_enrichr; 11 unique symbols submitted","Complete returned set: 305/305; truncated=false"
"Enrichr GO BP","294","Supramolecular Fiber Organization (GO:0097435)","GO:0097435","MDM2","0.17146417814272444","0.17775578802497352","Implicit Enrichr library-specific gene universe; service did not return background size (background_size=null)","GO_Biological_Process_2025","Enrichr mapping_status=not_reported_by_enrichr; 11 unique symbols submitted","Complete returned set: 305/305; truncated=false"
"Enrichr GO BP","295","Proteasome-Mediated Ubiquitin-Dependent Protein Catabolic Process (GO:0043161)","GO:0043161","MDM2","0.1719277294012039","0.17775578802497352","Implicit Enrichr library-specific gene universe; service did not return background size (background_size=null)","GO_Biological_Process_2025","Enrichr mapping_status=not_reported_by_enrichr; 11 unique symbols submitted","Complete returned set: 305/305; truncated=false"
"Enrichr GO BP","296","Positive Regulation of Cell Migration (GO:0030335)","GO:0030335","ATM","0.17377957773230082","0.17906341624443162","Implicit Enrichr library-specific gene universe; service did not return background size (background_size=null)","GO_Biological_Process_2025","Enrichr mapping_status=not_reported_by_enrichr; 11 unique symbols submitted","Complete returned set: 305/305; truncated=false"
"Enrichr GO BP","297","Positive Regulation of MAPK Cascade (GO:0043410)","GO:0043410","GADD45A","0.18206639491740778","0.18697054023504842","Implicit Enrichr library-specific gene universe; service did not return background size (background_size=null)","GO_Biological_Process_2025","Enrichr mapping_status=not_reported_by_enrichr; 11 unique symbols submitted","Complete returned set: 305/305; truncated=false"
"Enrichr GO BP","298","Negative Regulation of Gene Expression (GO:0010629)","GO:0010629","CHEK1","0.18298247255923147","0.18728071855894496","Implicit Enrichr library-specific gene universe; service did not return background size (background_size=null)","GO_Biological_Process_2025","Enrichr mapping_status=not_reported_by_enrichr; 11 unique symbols submitted","Complete returned set: 305/305; truncated=false"
"Enrichr GO BP","299","Protein Localization (GO:0008104)","GO:0008104","TP53","0.18618140399257987","0.18974808790267633","Implicit Enrichr library-specific gene universe; service did not return background size (background_size=null)","GO_Biological_Process_2025","Enrichr mapping_status=not_reported_by_enrichr; 11 unique symbols submitted","Complete returned set: 305/305; truncated=false"
"Enrichr GO BP","300","Proteasomal Protein Catabolic Process (GO:0010498)","GO:0010498","MDM2","0.1866374635108292","0.18974808790267633","Implicit Enrichr library-specific gene universe; service did not return background size (background_size=null)","GO_Biological_Process_2025","Enrichr mapping_status=not_reported_by_enrichr; 11 unique symbols submitted","Complete returned set: 305/305; truncated=false"
"Enrichr GO BP","301","Negative Regulation of Cell Population Proliferation (GO:0008285)","GO:0008285","TP53","0.18982338029375415","0.1923459501315449","Implicit Enrichr library-specific gene universe; service did not return background size (background_size=null)","GO_Biological_Process_2025","Enrichr mapping_status=not_reported_by_enrichr; 11 unique symbols submitted","Complete returned set: 305/305; truncated=false"
"Enrichr GO BP","302","Ubiquitin-Dependent Protein Catabolic Process (GO:0006511)","GO:0006511","MDM2","0.22369049652863826","0.22591258755375718","Implicit Enrichr library-specific gene universe; service did not return background size (background_size=null)","GO_Biological_Process_2025","Enrichr mapping_status=not_reported_by_enrichr; 11 unique symbols submitted","Complete returned set: 305/305; truncated=false"
"Enrichr GO BP","303","Regulation of Cell Migration (GO:0030334)","GO:0030334","ATM","0.23411482824793828","0.23566014064561447","Implicit Enrichr library-specific gene universe; service did not return background size (background_size=null)","GO_Biological_Process_2025","Enrichr mapping_status=not_reported_by_enrichr; 11 unique symbols submitted","Complete returned set: 305/305; truncated=false"
"Enrichr GO BP","304","Positive Regulation of Cell Population Proliferation (GO:0008284)","GO:0008284","MDM2","0.2362704804875858","0.23704768601550552","Implicit Enrichr library-specific gene universe; service did not return background size (background_size=null)","GO_Biological_Process_2025","Enrichr mapping_status=not_reported_by_enrichr; 11 unique symbols submitted","Complete returned set: 305/305; truncated=false"
"Enrichr GO BP","305","Positive Regulation of Intracellular Signal Transduction (GO:1902533)","GO:1902533","TP53","0.3055724117579959","0.3055724117579959","Implicit Enrichr library-specific gene universe; service did not return background size (background_size=null)","GO_Biological_Process_2025","Enrichr mapping_status=not_reported_by_enrichr; 11 unique symbols submitted","Complete returned set: 305/305; truncated=false"
"STRING PPI enrichment","number_of_nodes","number_of_nodes","","11","","","STRING default proteome-wide background (no background_string_ids supplied)","STRING 12.0; required_score=700","11/11 symbols mapped; 0 unmapped","Original STRING response preserved; retrieved_at=2026-09-28T06:11:40.836Z"
"STRING PPI enrichment","number_of_edges","number_of_edges","","44","","","STRING default proteome-wide background (no background_string_ids supplied)","STRING 12.0; required_score=700","11/11 symbols mapped; 0 unmapped","Original STRING response preserved; retrieved_at=2026-09-28T06:11:40.836Z"
"STRING PPI enrichment","average_node_degree","average_node_degree","","8","","","STRING default proteome-wide background (no background_string_ids supplied)","STRING 12.0; required_score=700","11/11 symbols mapped; 0 unmapped","Original STRING response preserved; retrieved_at=2026-09-28T06:11:40.836Z"
"STRING PPI enrichment","local_clustering_coefficient","local_clustering_coefficient","","0.873","","","STRING default proteome-wide background (no background_string_ids supplied)","STRING 12.0; required_score=700","11/11 symbols mapped; 0 unmapped","Original STRING response preserved; retrieved_at=2026-09-28T06:11:40.836Z"
"STRING PPI enrichment","expected_number_of_edges","expected_number_of_edges","","6","","","STRING default proteome-wide background (no background_string_ids supplied)","STRING 12.0; required_score=700","11/11 symbols mapped; 0 unmapped","Original STRING response preserved; retrieved_at=2026-09-28T06:11:40.836Z"
"STRING PPI enrichment","p_value","p_value","","0","0","","STRING default proteome-wide background (no background_string_ids supplied)","STRING 12.0; required_score=700","11/11 symbols mapped; 0 unmapped","Original STRING response preserved; retrieved_at=2026-09-28T06:11:40.836Z"
